Metric	PAST SMOKER	CURRENT SMOKER	NON-SMOKER	UNKNOWN
Precision	0.8333333333333334	0.4444444444444444	0.7	0.9516129032258065
Recall	0.45454545454545453	0.36363636363636365	0.875	0.9365079365079365
F1	0.5882352941176471	0.39999999999999997	0.7777777777777777	0.944
Micro-F1	0.9182692307692307
Macro-F1	0.8873275340152312
