Metric	PAST SMOKER	CURRENT SMOKER	NON-SMOKER	UNKNOWN
Precision	0.7142857142857143	0.5	0.7222222222222222	0.9354838709677419
Recall	0.45454545454545453	0.36363636363636365	0.8125	0.9206349206349206
F1	0.5555555555555556	0.4210526315789474	0.7647058823529411	0.9279999999999999
Micro-F1	0.9134615384615384
Macro-F1	0.8798613785136696
