Metric	PAST SMOKER	CURRENT SMOKER	NON-SMOKER	UNKNOWN
Precision	0.6	0.6	0.875	0.9516129032258065
Recall	0.5454545454545454	0.5454545454545454	0.875	0.9365079365079365
F1	0.5714285714285713	0.5714285714285713	0.875	0.944
Micro-F1	0.9302884615384615
Macro-F1	0.9042288853429867
