Metric	PAST SMOKER	CURRENT SMOKER	NON-SMOKER	UNKNOWN
Precision	0.5	0.6363636363636364	0.7368421052631579	0.9508196721311475
Recall	0.45454545454545453	0.6363636363636364	0.875	0.9206349206349206
F1	0.47619047619047616	0.6363636363636364	0.7999999999999999	0.9354838709677418
Micro-F1	0.9182692307692307
Macro-F1	0.8888574571742889
