Metric	PAST SMOKER	CURRENT SMOKER	NON-SMOKER	UNKNOWN
Precision	0.875	0.75	0.7647058823529411	0.9298245614035088
Recall	0.6363636363636364	0.5454545454545454	0.8125	0.8412698412698413
F1	0.7368421052631579	0.631578947368421	0.787878787878788	0.8833333333333334
Micro-F1	0.9206730769230769
Macro-F1	0.8878715358038405
