Metric	PAST SMOKER	CURRENT SMOKER	NON-SMOKER	UNKNOWN
Precision	0.5454545454545454	0.75	0.7777777777777778	0.9384615384615385
Recall	0.5454545454545454	0.5454545454545454	0.875	0.9682539682539683
F1	0.5454545454545454	0.631578947368421	0.823529411764706	0.953125
Micro-F1	0.9302884615384615
Macro-F1	0.9055189643424938
