Metric	PAST SMOKER	CURRENT SMOKER	NON-SMOKER	UNKNOWN
Precision	0.75	0.8	0.7777777777777778	0.9516129032258065
Recall	0.5454545454545454	0.36363636363636365	0.875	0.9365079365079365
F1	0.631578947368421	0.5000000000000001	0.823529411764706	0.944
Micro-F1	0.9326923076923077
Macro-F1	0.9058914778786802
