Metric	PAST SMOKER	CURRENT SMOKER	NON-SMOKER	UNKNOWN
Precision	0.625	0.6	0.8235294117647058	0.9384615384615385
Recall	0.45454545454545453	0.2727272727272727	0.875	0.9682539682539683
F1	0.5263157894736842	0.37499999999999994	0.8484848484848485	0.953125
Micro-F1	0.9278846153846154
Macro-F1	0.8998844820947247
