Metric	PAST SMOKER	CURRENT SMOKER	NON-SMOKER	UNKNOWN
Precision	0.42857142857142855	1.0	0.7857142857142857	0.9354838709677419
Recall	0.5454545454545454	0.18181818181818182	0.6875	0.9206349206349206
F1	0.4799999999999999	0.3076923076923077	0.7333333333333334	0.9279999999999999
Micro-F1	0.90625
Macro-F1	0.8684472986450655
