Metric	PAST SMOKER	CURRENT SMOKER	NON-SMOKER	UNKNOWN
Precision	0.4444444444444444	0.7142857142857143	0.9333333333333333	0.9375
Recall	0.36363636363636365	0.45454545454545453	0.875	0.9523809523809523
F1	0.39999999999999997	0.5555555555555556	0.9032258064516129	0.9448818897637795
Micro-F1	0.9278846153846154
Macro-F1	0.8998844820947247
