Metric	PAST SMOKER	CURRENT SMOKER	NON-SMOKER	UNKNOWN
Precision	0.6	0.5	0.7222222222222222	0.921875
Recall	0.2727272727272727	0.2727272727272727	0.8125	0.9365079365079365
F1	0.37499999999999994	0.3529411764705882	0.7647058823529411	0.9291338582677166
Micro-F1	0.9086538461538461
Macro-F1	0.8722812914067802
