Metric	PAST SMOKER	CURRENT SMOKER	NON-SMOKER	UNKNOWN
Precision	0.5555555555555556	0.4444444444444444	0.65	0.95
Recall	0.45454545454545453	0.36363636363636365	0.8125	0.9047619047619048
F1	0.5	0.39999999999999997	0.7222222222222223	0.9268292682926829
Micro-F1	0.9014423076923077
Macro-F1	0.8645994585883605
