Metric	PAST SMOKER	CURRENT SMOKER	NON-SMOKER	UNKNOWN
Precision	0.5	0.75	0.8235294117647058	0.9354838709677419
Recall	0.5454545454545454	0.5454545454545454	0.875	0.9206349206349206
F1	0.5217391304347826	0.631578947368421	0.8484848484848485	0.9279999999999999
Micro-F1	0.9230769230769231
Macro-F1	0.8946835443037974
