Metric	PAST SMOKER	CURRENT SMOKER	NON-SMOKER	UNKNOWN
Precision	0.5	0.8333333333333334	0.8125	0.9384615384615385
Recall	0.45454545454545453	0.45454545454545453	0.8125	0.9682539682539683
F1	0.47619047619047616	0.5882352941176471	0.8125	0.953125
Micro-F1	0.9278846153846154
Macro-F1	0.9005831182487335
