Metric	PAST SMOKER	CURRENT SMOKER	NON-SMOKER	UNKNOWN
Precision	0.5454545454545454	0.4666666666666667	0.7647058823529411	0.9365079365079365
Recall	0.5454545454545454	0.6363636363636364	0.8125	0.9365079365079365
F1	0.5454545454545454	0.5384615384615385	0.787878787878788	0.9365079365079365
Micro-F1	0.9110576923076923
Macro-F1	0.8810280193236715
