Metric	PAST SMOKER	CURRENT SMOKER	NON-SMOKER	UNKNOWN
Precision	0.46153846153846156	0.5714285714285714	0.7222222222222222	0.9354838709677419
Recall	0.5454545454545454	0.36363636363636365	0.8125	0.9206349206349206
F1	0.4999999999999999	0.4444444444444444	0.7647058823529411	0.9279999999999999
Micro-F1	0.90625
Macro-F1	0.8720817465761526
