Metric	PAST SMOKER	CURRENT SMOKER	NON-SMOKER	UNKNOWN
Precision	0.4166666666666667	0.5454545454545454	0.7	0.9354838709677419
Recall	0.45454545454545453	0.5454545454545454	0.875	0.9206349206349206
F1	0.43478260869565216	0.5454545454545454	0.7777777777777777	0.9279999999999999
Micro-F1	0.9038461538461539
Macro-F1	0.870963739570086
