Metric	PAST SMOKER	CURRENT SMOKER	NON-SMOKER	UNKNOWN
Precision	0.625	0.5	0.7368421052631579	0.921875
Recall	0.45454545454545453	0.45454545454545453	0.875	0.9365079365079365
F1	0.5263157894736842	0.47619047619047616	0.7999999999999999	0.9291338582677166
Micro-F1	0.9134615384615384
Macro-F1	0.8823196605374823
