Metric	PAST SMOKER	CURRENT SMOKER	NON-SMOKER	UNKNOWN
Precision	0.6666666666666666	0.6	0.8	0.9354838709677419
Recall	0.5454545454545454	0.5454545454545454	0.75	0.9206349206349206
F1	0.6	0.5714285714285713	0.7741935483870969	0.9279999999999999
Micro-F1	0.9206730769230769
Macro-F1	0.8902594028538311
