Metric	PAST SMOKER	CURRENT SMOKER	NON-SMOKER	UNKNOWN
Precision	0.45454545454545453	0.45454545454545453	0.8	0.9354838709677419
Recall	0.45454545454545453	0.45454545454545453	0.75	0.9206349206349206
F1	0.45454545454545453	0.45454545454545453	0.7741935483870969	0.9279999999999999
Micro-F1	0.9038461538461539
Macro-F1	0.8683544303797468
