Metric	PAST SMOKER	CURRENT SMOKER	NON-SMOKER	UNKNOWN
Precision	0.625	0.5	0.7368421052631579	0.9365079365079365
Recall	0.45454545454545453	0.2727272727272727	0.875	0.9365079365079365
F1	0.5263157894736842	0.3529411764705882	0.7999999999999999	0.9365079365079365
Micro-F1	0.9158653846153846
Macro-F1	0.8836084575722452
