Metric	PAST SMOKER	CURRENT SMOKER	NON-SMOKER	UNKNOWN
Precision	1.0	0.5454545454545454	0.6666666666666666	0.9354838709677419
Recall	0.2727272727272727	0.5454545454545454	0.875	0.9206349206349206
F1	0.42857142857142855	0.5454545454545454	0.7567567567567567	0.9279999999999999
Micro-F1	0.9134615384615384
Macro-F1	0.8806997418984801
