Metric	PAST SMOKER	CURRENT SMOKER	NON-SMOKER	UNKNOWN
Precision	0.5	0.7142857142857143	1.0	0.9354838709677419
Recall	0.6363636363636364	0.45454545454545453	0.75	0.9206349206349206
F1	0.56	0.5555555555555556	0.8571428571428571	0.9279999999999999
Micro-F1	0.9230769230769231
Macro-F1	0.893210114234373
