Metric	PAST SMOKER	CURRENT SMOKER	NON-SMOKER	UNKNOWN
Precision	0.7	0.7	0.7777777777777778	0.9508196721311475
Recall	0.6363636363636364	0.6363636363636364	0.875	0.9206349206349206
F1	0.6666666666666666	0.6666666666666666	0.823529411764706	0.9354838709677418
Micro-F1	0.9326923076923077
Macro-F1	0.9078481012658228
