Metric	PAST SMOKER	CURRENT SMOKER	NON-SMOKER	UNKNOWN
Precision	0.625	0.75	0.6363636363636364	0.9516129032258065
Recall	0.45454545454545453	0.5454545454545454	0.875	0.9365079365079365
F1	0.5263157894736842	0.631578947368421	0.7368421052631579	0.944
Micro-F1	0.9206730769230769
Macro-F1	0.891761477872129
