Metric	PAST SMOKER	CURRENT SMOKER	NON-SMOKER	UNKNOWN
Precision	0.6	0.5714285714285714	0.9285714285714286	0.9384615384615385
Recall	0.5454545454545454	0.36363636363636365	0.8125	0.9682539682539683
F1	0.5714285714285713	0.4444444444444444	0.8666666666666666	0.953125
Micro-F1	0.9302884615384615
Macro-F1	0.9035612934170031
