Metric	PAST SMOKER	CURRENT SMOKER	NON-SMOKER	UNKNOWN
Precision	0.6	0.6363636363636364	0.6666666666666666	0.95
Recall	0.5454545454545454	0.6363636363636364	0.875	0.9047619047619048
F1	0.5714285714285713	0.6363636363636364	0.7567567567567567	0.9268292682926829
Micro-F1	0.9158653846153846
Macro-F1	0.8859711638616303
