Metric	PAST SMOKER	CURRENT SMOKER	NON-SMOKER	UNKNOWN
Precision	0.4	0.5	0.65	0.9354838709677419
Recall	0.5454545454545454	0.45454545454545453	0.8125	0.9206349206349206
F1	0.4615384615384615	0.47619047619047616	0.7222222222222223	0.9279999999999999
Micro-F1	0.8942307692307693
Macro-F1	0.8589743589743589
