Metric	PAST SMOKER	CURRENT SMOKER	NON-SMOKER	UNKNOWN
Precision	0.5	0.5	0.7647058823529411	0.9473684210526315
Recall	0.45454545454545453	0.5454545454545454	0.8125	0.8571428571428571
F1	0.47619047619047616	0.5217391304347826	0.787878787878788	0.9
Micro-F1	0.9014423076923077
Macro-F1	0.8636556217274871
