Metric	PAST SMOKER	CURRENT SMOKER	NON-SMOKER	UNKNOWN
Precision	0.391304347826087	0.4666666666666667	0.5185185185185185	0.9454545454545454
Recall	0.8181818181818182	0.6363636363636364	0.875	0.8253968253968254
F1	0.5294117647058824	0.5384615384615385	0.6511627906976744	0.8813559322033897
Micro-F1	0.8629807692307693
Macro-F1	0.8243958794647155
