Metric	PAST SMOKER	CURRENT SMOKER	NON-SMOKER	UNKNOWN
Precision	0.6363636363636364	0.8333333333333334	0.6666666666666666	0.9508196721311475
Recall	0.6363636363636364	0.45454545454545453	0.875	0.9206349206349206
F1	0.6363636363636364	0.5882352941176471	0.7567567567567567	0.9354838709677418
Micro-F1	0.9230769230769231
Macro-F1	0.8946835443037974
