Metric	PAST SMOKER	CURRENT SMOKER	NON-SMOKER	UNKNOWN
Precision	0.5	0.5	0.8125	0.921875
Recall	0.5454545454545454	0.6363636363636364	0.8125	0.9365079365079365
F1	0.5217391304347826	0.56	0.8125	0.9291338582677166
Micro-F1	0.9110576923076923
Macro-F1	0.8810280193236715
