Metric	PAST SMOKER	CURRENT SMOKER	NON-SMOKER	UNKNOWN
Precision	0.5	0.5454545454545454	0.5833333333333334	0.9508196721311475
Recall	0.36363636363636365	0.5454545454545454	0.875	0.9206349206349206
F1	0.4210526315789474	0.5454545454545454	0.7000000000000001	0.9354838709677418
Micro-F1	0.9014423076923077
Macro-F1	0.867304625199362
