Metric	PAST SMOKER	CURRENT SMOKER	NON-SMOKER	UNKNOWN
Precision	0.6153846153846154	0.5	0.6842105263157895	0.9344262295081968
Recall	0.7272727272727273	0.45454545454545453	0.8125	0.9047619047619048
F1	0.6666666666666667	0.47619047619047616	0.742857142857143	0.9193548387096775
Micro-F1	0.9086538461538461
Macro-F1	0.8766079680279755
