Metric	PAST SMOKER	CURRENT SMOKER	NON-SMOKER	UNKNOWN
Precision	0.625	0.5	0.7647058823529411	0.9230769230769231
Recall	0.45454545454545453	0.36363636363636365	0.8125	0.9523809523809523
F1	0.5263157894736842	0.4210526315789474	0.787878787878788	0.9375
Micro-F1	0.9158653846153846
Macro-F1	0.8844141719656735
