Metric	PAST SMOKER	CURRENT SMOKER	NON-SMOKER	UNKNOWN
Precision	0.625	0.6666666666666666	0.65	0.9322033898305084
Recall	0.45454545454545453	0.5454545454545454	0.8125	0.873015873015873
F1	0.5263157894736842	0.6	0.7222222222222223	0.9016393442622951
Micro-F1	0.90625
Macro-F1	0.870306567009073
