Metric	PAST SMOKER	CURRENT SMOKER	NON-SMOKER	UNKNOWN
Precision	0.7142857142857143	0.47368421052631576	0.8125	0.9206349206349206
Recall	0.45454545454545453	0.8181818181818182	0.8125	0.9206349206349206
F1	0.5555555555555556	0.6	0.8125	0.9206349206349206
Micro-F1	0.9134615384615384
Macro-F1	0.8838673656130773
