Metric	PAST SMOKER	CURRENT SMOKER	NON-SMOKER	UNKNOWN
Precision	0.5714285714285714	0.5833333333333334	0.8571428571428571	0.9242424242424242
Recall	0.36363636363636365	0.6363636363636364	0.75	0.9682539682539683
F1	0.4444444444444444	0.6086956521739131	0.7999999999999999	0.9457364341085271
Micro-F1	0.9230769230769231
Macro-F1	0.8946835443037974
