Metric	PAST SMOKER	CURRENT SMOKER	NON-SMOKER	UNKNOWN
Precision	0.5555555555555556	0.6666666666666666	0.8125	0.8985507246376812
Recall	0.45454545454545453	0.5454545454545454	0.8125	0.9841269841269841
F1	0.5	0.6	0.8125	0.9393939393939393
Micro-F1	0.9230769230769231
Macro-F1	0.896090920444611
