Metric	PAST SMOKER	CURRENT SMOKER	NON-SMOKER	UNKNOWN
Precision	0.4166666666666667	0.6666666666666666	0.7777777777777778	0.9523809523809523
Recall	0.45454545454545453	0.5454545454545454	0.875	0.9523809523809523
F1	0.43478260869565216	0.6	0.823529411764706	0.9523809523809523
Micro-F1	0.9206730769230769
Macro-F1	0.8924870973552514
