Metric	PAST SMOKER	CURRENT SMOKER	NON-SMOKER	UNKNOWN
Precision	0.5555555555555556	0.6	0.6666666666666666	0.9375
Recall	0.45454545454545453	0.2727272727272727	0.875	0.9523809523809523
F1	0.5	0.37499999999999994	0.7567567567567567	0.9448818897637795
Micro-F1	0.9134615384615384
Macro-F1	0.8815189873417721
