Metric	PAST SMOKER	CURRENT SMOKER	NON-SMOKER	UNKNOWN
Precision	0.5555555555555556	0.5454545454545454	0.5833333333333334	0.9354838709677419
Recall	0.45454545454545453	0.5454545454545454	0.875	0.9206349206349206
F1	0.5	0.5454545454545454	0.7000000000000001	0.9279999999999999
Micro-F1	0.9014423076923077
Macro-F1	0.8681661835748792
