Metric	PAST SMOKER	CURRENT SMOKER	NON-SMOKER	UNKNOWN
Precision	0.5	0.5714285714285714	0.6666666666666666	0.9354838709677419
Recall	0.5454545454545454	0.36363636363636365	0.75	0.9206349206349206
F1	0.5217391304347826	0.4444444444444444	0.7058823529411765	0.9279999999999999
Micro-F1	0.9038461538461539
Macro-F1	0.8683544303797468
