Metric	PAST SMOKER	CURRENT SMOKER	NON-SMOKER	UNKNOWN
Precision	0.5555555555555556	0.6	0.75	0.9354838709677419
Recall	0.45454545454545453	0.5454545454545454	0.75	0.9206349206349206
F1	0.5	0.5714285714285713	0.75	0.9279999999999999
Micro-F1	0.9134615384615384
Macro-F1	0.8806997418984801
