Metric	PAST SMOKER	CURRENT SMOKER	NON-SMOKER	UNKNOWN
Precision	0.5555555555555556	0.5	0.6666666666666666	0.9473684210526315
Recall	0.45454545454545453	0.6363636363636364	0.875	0.8571428571428571
F1	0.5	0.56	0.7567567567567567	0.9
Micro-F1	0.8990384615384617
Macro-F1	0.8627062706270627
