Metric	PAST SMOKER	CURRENT SMOKER	NON-SMOKER	UNKNOWN
Precision	0.7	0.6363636363636364	0.5357142857142857	0.9661016949152542
Recall	0.6363636363636364	0.6363636363636364	0.9375	0.9047619047619048
F1	0.6666666666666666	0.6363636363636364	0.6818181818181818	0.9344262295081968
Micro-F1	0.9110576923076923
Macro-F1	0.8817882295114703
