Metric	PAST SMOKER	CURRENT SMOKER	NON-SMOKER	UNKNOWN
Precision	0.5454545454545454	0.6	0.8	0.9230769230769231
Recall	0.5454545454545454	0.5454545454545454	0.75	0.9523809523809523
F1	0.5454545454545454	0.5714285714285713	0.7741935483870969	0.9375
Micro-F1	0.9182692307692307
Macro-F1	0.8888574571742889
