Metric	PAST SMOKER	CURRENT SMOKER	NON-SMOKER	UNKNOWN
Precision	0.5833333333333334	0.625	0.6842105263157895	0.9344262295081968
Recall	0.6363636363636364	0.45454545454545453	0.8125	0.9047619047619048
F1	0.6086956521739131	0.5263157894736842	0.742857142857143	0.9193548387096775
Micro-F1	0.9110576923076923
Macro-F1	0.8786416570081448
