Metric	PAST SMOKER	CURRENT SMOKER	NON-SMOKER	UNKNOWN
Precision	0.8333333333333334	0.5384615384615384	0.7368421052631579	0.9365079365079365
Recall	0.45454545454545453	0.6363636363636364	0.875	0.9365079365079365
F1	0.5882352941176471	0.5833333333333334	0.7999999999999999	0.9365079365079365
Micro-F1	0.9230769230769231
Macro-F1	0.8953952538110954
