Metric	PAST SMOKER	CURRENT SMOKER	NON-SMOKER	UNKNOWN
Precision	0.3888888888888889	0.625	0.7058823529411765	0.9354838709677419
Recall	0.6363636363636364	0.45454545454545453	0.75	0.9206349206349206
F1	0.4827586206896552	0.5263157894736842	0.7272727272727272	0.9279999999999999
Micro-F1	0.8990384615384617
Macro-F1	0.8645119265485902
