Metric	PAST SMOKER	CURRENT SMOKER	NON-SMOKER	UNKNOWN
Precision	0.5	0.5	0.8125	0.9384615384615385
Recall	0.45454545454545453	0.2727272727272727	0.8125	0.9682539682539683
F1	0.47619047619047616	0.3529411764705882	0.8125	0.953125
Micro-F1	0.9182692307692307
Macro-F1	0.8873275340152312
