Metric	PAST SMOKER	CURRENT SMOKER	NON-SMOKER	UNKNOWN
Precision	0.6666666666666666	0.5714285714285714	0.7647058823529411	0.9322033898305084
Recall	0.5454545454545454	0.36363636363636365	0.8125	0.873015873015873
F1	0.6	0.4444444444444444	0.787878787878788	0.9016393442622951
Micro-F1	0.9110576923076923
Macro-F1	0.8751935910222417
