Metric	PAST SMOKER	CURRENT SMOKER	NON-SMOKER	UNKNOWN
Precision	0.6666666666666666	0.7142857142857143	0.7	0.9230769230769231
Recall	0.36363636363636365	0.45454545454545453	0.875	0.9523809523809523
F1	0.4705882352941177	0.5555555555555556	0.7777777777777777	0.9375
Micro-F1	0.9206730769230769
Macro-F1	0.891019076424778
