Metric	PAST SMOKER	CURRENT SMOKER	NON-SMOKER	UNKNOWN
Precision	0.5555555555555556	0.6666666666666666	0.6666666666666666	0.9365079365079365
Recall	0.45454545454545453	0.5454545454545454	0.875	0.9365079365079365
F1	0.5	0.6	0.7567567567567567	0.9365079365079365
Micro-F1	0.9158653846153846
Macro-F1	0.8859711638616303
