Metric	PAST SMOKER	CURRENT SMOKER	NON-SMOKER	UNKNOWN
Precision	0.7	0.8	0.7222222222222222	0.9344262295081968
Recall	0.6363636363636364	0.36363636363636365	0.8125	0.9047619047619048
F1	0.6666666666666666	0.5000000000000001	0.7647058823529411	0.9193548387096775
Micro-F1	0.9206730769230769
Macro-F1	0.8894819466248037
