Metric	PAST SMOKER	CURRENT SMOKER	NON-SMOKER	UNKNOWN
Precision	0.5384615384615384	0.625	0.8125	0.9508196721311475
Recall	0.6363636363636364	0.45454545454545453	0.8125	0.9206349206349206
F1	0.5833333333333334	0.5263157894736842	0.8125	0.9354838709677418
Micro-F1	0.9206730769230769
Macro-F1	0.891019076424778
