Metric	PAST SMOKER	CURRENT SMOKER	NON-SMOKER	UNKNOWN
Precision	0.4444444444444444	0.7142857142857143	0.6363636363636364	0.9344262295081968
Recall	0.36363636363636365	0.45454545454545453	0.875	0.9047619047619048
F1	0.39999999999999997	0.5555555555555556	0.7368421052631579	0.9193548387096775
Micro-F1	0.9038461538461539
Macro-F1	0.8683544303797468
