Metric	PAST SMOKER	CURRENT SMOKER	NON-SMOKER	UNKNOWN
Precision	0.45454545454545453	0.7142857142857143	0.7777777777777778	0.9354838709677419
Recall	0.45454545454545453	0.45454545454545453	0.875	0.9206349206349206
F1	0.45454545454545453	0.5555555555555556	0.823529411764706	0.9279999999999999
Micro-F1	0.9158653846153846
Macro-F1	0.8844141719656735
