Metric	PAST SMOKER	CURRENT SMOKER	NON-SMOKER	UNKNOWN
Precision	0.875	0.6666666666666666	0.8571428571428571	0.9365079365079365
Recall	0.6363636363636364	0.36363636363636365	0.75	0.9365079365079365
F1	0.7368421052631579	0.4705882352941177	0.7999999999999999	0.9365079365079365
Micro-F1	0.9326923076923077
Macro-F1	0.9052083333333333
