Metric	PAST SMOKER	CURRENT SMOKER	NON-SMOKER	UNKNOWN
Precision	0.4	0.5833333333333334	1.0	0.9375
Recall	0.36363636363636365	0.6363636363636364	0.75	0.9523809523809523
F1	0.380952380952381	0.6086956521739131	0.8571428571428571	0.9448818897637795
Micro-F1	0.9206730769230769
Macro-F1	0.891019076424778
