Metric	PAST SMOKER	CURRENT SMOKER	NON-SMOKER	UNKNOWN
Precision	0.8	0.46153846153846156	0.65	0.9365079365079365
Recall	0.36363636363636365	0.5454545454545454	0.8125	0.9365079365079365
F1	0.5000000000000001	0.4999999999999999	0.7222222222222223	0.9365079365079365
Micro-F1	0.9086538461538461
Macro-F1	0.8757818639006758
