Metric	PAST SMOKER	CURRENT SMOKER	NON-SMOKER	UNKNOWN
Precision	0.6666666666666666	0.5714285714285714	0.7058823529411765	0.9333333333333333
Recall	0.5454545454545454	0.36363636363636365	0.75	0.8888888888888888
F1	0.6	0.4444444444444444	0.7272727272727272	0.9105691056910569
Micro-F1	0.9086538461538461
Macro-F1	0.8722812914067802
