Metric	PAST SMOKER	CURRENT SMOKER	NON-SMOKER	UNKNOWN
Precision	0.8	0.5454545454545454	0.631578947368421	0.9508196721311475
Recall	0.36363636363636365	0.5454545454545454	0.75	0.9206349206349206
F1	0.5000000000000001	0.5454545454545454	0.6857142857142857	0.9354838709677418
Micro-F1	0.9110576923076923
Macro-F1	0.8769575122906591
