Metric	PAST SMOKER	CURRENT SMOKER	NON-SMOKER	UNKNOWN
Precision	0.5833333333333334	0.5	0.8666666666666667	0.9508196721311475
Recall	0.6363636363636364	0.45454545454545453	0.8125	0.9206349206349206
F1	0.6086956521739131	0.47619047619047616	0.8387096774193549	0.9354838709677418
Micro-F1	0.9206730769230769
Macro-F1	0.891019076424778
