Metric	PAST SMOKER	CURRENT SMOKER	NON-SMOKER	UNKNOWN
Precision	0.5555555555555556	0.6363636363636364	0.75	0.9344262295081968
Recall	0.45454545454545453	0.6363636363636364	0.75	0.9047619047619048
F1	0.5	0.6363636363636364	0.75	0.9193548387096775
Micro-F1	0.9134615384615384
Macro-F1	0.8806997418984801
