Metric	PAST SMOKER	CURRENT SMOKER	NON-SMOKER	UNKNOWN
Precision	0.6	0.75	0.7647058823529411	0.9384615384615385
Recall	0.2727272727272727	0.5454545454545454	0.8125	0.9682539682539683
F1	0.37499999999999994	0.631578947368421	0.787878787878788	0.953125
Micro-F1	0.9278846153846154
Macro-F1	0.8998844820947247
