Metric	PAST SMOKER	CURRENT SMOKER	NON-SMOKER	UNKNOWN
Precision	0.8333333333333334	0.625	0.5714285714285714	0.9333333333333333
Recall	0.45454545454545453	0.45454545454545453	0.75	0.8888888888888888
F1	0.5882352941176471	0.5263157894736842	0.6486486486486486	0.9105691056910569
Micro-F1	0.9038461538461539
Macro-F1	0.8665126427929661
