Metric	PAST SMOKER	CURRENT SMOKER	NON-SMOKER	UNKNOWN
Precision	0.7142857142857143	0.75	0.7777777777777778	0.9375
Recall	0.45454545454545453	0.2727272727272727	0.875	0.9523809523809523
F1	0.5555555555555556	0.39999999999999997	0.823529411764706	0.9448818897637795
Micro-F1	0.9278846153846154
Macro-F1	0.8991694405843003
