Metric	PAST SMOKER	CURRENT SMOKER	NON-SMOKER	UNKNOWN
Precision	0.5555555555555556	0.5	0.7368421052631579	0.9354838709677419
Recall	0.45454545454545453	0.36363636363636365	0.875	0.9206349206349206
F1	0.5	0.4210526315789474	0.7999999999999999	0.9279999999999999
Micro-F1	0.9110576923076923
Macro-F1	0.8778092675065692
