Metric	PAST SMOKER	CURRENT SMOKER	NON-SMOKER	UNKNOWN
Precision	0.5	0.4444444444444444	0.6	0.9322033898305084
Recall	0.45454545454545453	0.36363636363636365	0.75	0.873015873015873
F1	0.47619047619047616	0.39999999999999997	0.6666666666666665	0.9016393442622951
Micro-F1	0.8870192307692307
Macro-F1	0.8447847452110474
