Metric	PAST SMOKER	CURRENT SMOKER	NON-SMOKER	UNKNOWN
Precision	0.5384615384615384	0.6666666666666666	0.6363636363636364	0.9454545454545454
Recall	0.6363636363636364	0.5454545454545454	0.875	0.8253968253968254
F1	0.5833333333333334	0.6	0.7368421052631579	0.8813559322033897
Micro-F1	0.8990384615384617
Macro-F1	0.8617721518987341
