Metric	PAST SMOKER	CURRENT SMOKER	NON-SMOKER	UNKNOWN
Precision	0.5	0.6	0.7777777777777778	0.95
Recall	0.5454545454545454	0.5454545454545454	0.875	0.9047619047619048
F1	0.5217391304347826	0.5714285714285713	0.823529411764706	0.9268292682926829
Micro-F1	0.9158653846153846
Macro-F1	0.885201567440137
