Metric	PAST SMOKER	CURRENT SMOKER	NON-SMOKER	UNKNOWN
Precision	0.625	0.5454545454545454	0.8125	0.9354838709677419
Recall	0.45454545454545453	0.5454545454545454	0.8125	0.9206349206349206
F1	0.5263157894736842	0.5454545454545454	0.8125	0.9279999999999999
Micro-F1	0.9182692307692307
Macro-F1	0.8873275340152312
