Metric	PAST SMOKER	CURRENT SMOKER	NON-SMOKER	UNKNOWN
Precision	0.42857142857142855	0.7	0.8235294117647058	0.9482758620689655
Recall	0.5454545454545454	0.6363636363636364	0.875	0.873015873015873
F1	0.4799999999999999	0.6666666666666666	0.8484848484848485	0.9090909090909091
Micro-F1	0.9134615384615384
Macro-F1	0.8815189873417721
