Metric	PAST SMOKER	CURRENT SMOKER	NON-SMOKER	UNKNOWN
Precision	0.6666666666666666	0.4	0.6875	0.921875
Recall	0.36363636363636365	0.7272727272727273	0.6875	0.9365079365079365
F1	0.4705882352941177	0.5161290322580645	0.6875	0.9291338582677166
Micro-F1	0.8966346153846154
Macro-F1	0.8617352657004831
