Metric	PAST SMOKER	CURRENT SMOKER	NON-SMOKER	UNKNOWN
Precision	0.46153846153846156	0.5	0.6666666666666666	0.9491525423728814
Recall	0.5454545454545454	0.2727272727272727	0.75	0.8888888888888888
F1	0.4999999999999999	0.3529411764705882	0.7058823529411765	0.9180327868852458
Micro-F1	0.8966346153846154
Macro-F1	0.8570046764459012
