Metric	PAST SMOKER	CURRENT SMOKER	NON-SMOKER	UNKNOWN
Precision	0.625	0.5454545454545454	0.7222222222222222	0.9365079365079365
Recall	0.45454545454545453	0.5454545454545454	0.8125	0.9365079365079365
F1	0.5263157894736842	0.5454545454545454	0.7647058823529411	0.9365079365079365
Micro-F1	0.9158653846153846
Macro-F1	0.885201567440137
