Metric	PAST SMOKER	CURRENT SMOKER	NON-SMOKER	UNKNOWN
Precision	0.7777777777777778	0.7142857142857143	0.8125	0.9365079365079365
Recall	0.6363636363636364	0.45454545454545453	0.8125	0.9365079365079365
F1	0.7000000000000001	0.5555555555555556	0.8125	0.9365079365079365
Micro-F1	0.9326923076923077
Macro-F1	0.9065588499550763
