Metric	PAST SMOKER	CURRENT SMOKER	NON-SMOKER	UNKNOWN
Precision	0.5	0.6666666666666666	0.7	0.9508196721311475
Recall	0.36363636363636365	0.5454545454545454	0.875	0.9206349206349206
F1	0.4210526315789474	0.6	0.7777777777777777	0.9354838709677418
Micro-F1	0.9158653846153846
Macro-F1	0.8844141719656735
