Metric	PAST SMOKER	CURRENT SMOKER	NON-SMOKER	UNKNOWN
Precision	0.5	0.5833333333333334	0.7647058823529411	0.9354838709677419
Recall	0.45454545454545453	0.6363636363636364	0.8125	0.9206349206349206
F1	0.47619047619047616	0.6086956521739131	0.787878787878788	0.9279999999999999
Micro-F1	0.9134615384615384
Macro-F1	0.8823196605374823
