Metric	PAST SMOKER	CURRENT SMOKER	NON-SMOKER	UNKNOWN
Precision	0.5555555555555556	0.5714285714285714	0.8125	0.9354838709677419
Recall	0.45454545454545453	0.36363636363636365	0.8125	0.9206349206349206
F1	0.5	0.4444444444444444	0.8125	0.9279999999999999
Micro-F1	0.9158653846153846
Macro-F1	0.8827838827838828
