Metric	PAST SMOKER	CURRENT SMOKER	NON-SMOKER	UNKNOWN
Precision	0.46153846153846156	0.625	0.8235294117647058	0.9365079365079365
Recall	0.5454545454545454	0.45454545454545453	0.875	0.9365079365079365
F1	0.4999999999999999	0.5263157894736842	0.8484848484848485	0.9365079365079365
Micro-F1	0.9182692307692307
Macro-F1	0.8888574571742889
