Metric	PAST SMOKER	CURRENT SMOKER	NON-SMOKER	UNKNOWN
Precision	0.5833333333333334	0.42857142857142855	0.8666666666666667	0.9230769230769231
Recall	0.6363636363636364	0.2727272727272727	0.8125	0.9523809523809523
F1	0.6086956521739131	0.33333333333333326	0.8387096774193549	0.9375
Micro-F1	0.9182692307692307
Macro-F1	0.8881012658227847
