Metric	PAST SMOKER	CURRENT SMOKER	NON-SMOKER	UNKNOWN
Precision	0.5833333333333334	0.8	0.6190476190476191	0.9344262295081968
Recall	0.6363636363636364	0.36363636363636365	0.8125	0.9047619047619048
F1	0.6086956521739131	0.5000000000000001	0.7027027027027026	0.9193548387096775
Micro-F1	0.9086538461538461
Macro-F1	0.8749367088607596
