Metric	PAST SMOKER	CURRENT SMOKER	NON-SMOKER	UNKNOWN
Precision	0.7	0.5	0.7368421052631579	0.95
Recall	0.6363636363636364	0.36363636363636365	0.875	0.9047619047619048
F1	0.6666666666666666	0.4210526315789474	0.7999999999999999	0.9268292682926829
Micro-F1	0.9182692307692307
Macro-F1	0.8873275340152312
