Metric	PAST SMOKER	CURRENT SMOKER	NON-SMOKER	UNKNOWN
Precision	0.36363636363636365	0.36363636363636365	0.6666666666666666	0.9508196721311475
Recall	0.36363636363636365	0.36363636363636365	0.875	0.9206349206349206
F1	0.36363636363636365	0.36363636363636365	0.7567567567567567	0.9354838709677418
Micro-F1	0.8918269230769231
Macro-F1	0.8543587349749096
