Metric	PAST SMOKER	CURRENT SMOKER	NON-SMOKER	UNKNOWN
Precision	0.75	0.5384615384615384	0.7368421052631579	0.9508196721311475
Recall	0.5454545454545454	0.6363636363636364	0.875	0.9206349206349206
F1	0.631578947368421	0.5833333333333334	0.7999999999999999	0.9354838709677418
Micro-F1	0.9230769230769231
Macro-F1	0.8953952538110954
