Metric	PAST SMOKER	CURRENT SMOKER	NON-SMOKER	UNKNOWN
Precision	0.6666666666666666	0.625	0.7368421052631579	0.9384615384615385
Recall	0.5454545454545454	0.45454545454545453	0.875	0.9682539682539683
F1	0.6	0.5263157894736842	0.7999999999999999	0.953125
Micro-F1	0.9278846153846154
Macro-F1	0.901933050447902
