Metric	PAST SMOKER	CURRENT SMOKER	NON-SMOKER	UNKNOWN
Precision	0.75	0.6666666666666666	0.5833333333333334	0.95
Recall	0.5454545454545454	0.5454545454545454	0.875	0.9047619047619048
F1	0.631578947368421	0.6	0.7000000000000001	0.9268292682926829
Micro-F1	0.9134615384615384
Macro-F1	0.8823196605374823
