Metric	PAST SMOKER	CURRENT SMOKER	NON-SMOKER	UNKNOWN
Precision	0.7142857142857143	0.6	0.8235294117647058	0.9491525423728814
Recall	0.45454545454545453	0.5454545454545454	0.875	0.8888888888888888
F1	0.5555555555555556	0.5714285714285713	0.8484848484848485	0.9180327868852458
Micro-F1	0.9230769230769231
Macro-F1	0.8924474032899203
