Metric	PAST SMOKER	CURRENT SMOKER	NON-SMOKER	UNKNOWN
Precision	0.6666666666666666	0.75	0.7777777777777778	0.9523809523809523
Recall	0.5454545454545454	0.5454545454545454	0.875	0.9523809523809523
F1	0.6	0.631578947368421	0.823529411764706	0.9523809523809523
Micro-F1	0.9350961538461539
Macro-F1	0.9108337898020911
