Metric	PAST SMOKER	CURRENT SMOKER	NON-SMOKER	UNKNOWN
Precision	0.75	0.7	0.8235294117647058	0.9402985074626866
Recall	0.5454545454545454	0.6363636363636364	0.875	1.0
F1	0.631578947368421	0.6666666666666666	0.8484848484848485	0.9692307692307692
Micro-F1	0.9447115384615384
Macro-F1	0.925066764823357
