Metric	PAST SMOKER	CURRENT SMOKER	NON-SMOKER	UNKNOWN
Precision	0.7	0.7142857142857143	0.6363636363636364	0.9375
Recall	0.6363636363636364	0.45454545454545453	0.875	0.9523809523809523
F1	0.6666666666666666	0.5555555555555556	0.7368421052631579	0.9448818897637795
Micro-F1	0.9230769230769231
Macro-F1	0.896090920444611
