Metric	PAST SMOKER	CURRENT SMOKER	NON-SMOKER	UNKNOWN
Precision	0.5454545454545454	0.8571428571428571	0.7	0.9491525423728814
Recall	0.5454545454545454	0.5454545454545454	0.875	0.8888888888888888
F1	0.5454545454545454	0.6666666666666665	0.7777777777777777	0.9180327868852458
Micro-F1	0.9182692307692307
Macro-F1	0.8873275340152312
