Metric	PAST SMOKER	CURRENT SMOKER	NON-SMOKER	UNKNOWN
Precision	0.2558139534883721	0.3235294117647059	0.3333333333333333	0.9444444444444444
Recall	1.0	1.0	0.875	0.8095238095238095
F1	0.40740740740740744	0.48888888888888893	0.48275862068965514	0.8717948717948718
Micro-F1	0.7596153846153846
Macro-F1	0.7279125134081573
