Metric	PAST SMOKER	CURRENT SMOKER	NON-SMOKER	UNKNOWN
Precision	0.5454545454545454	0.6	0.7647058823529411	0.9508196721311475
Recall	0.5454545454545454	0.5454545454545454	0.8125	0.9206349206349206
F1	0.5454545454545454	0.5714285714285713	0.787878787878788	0.9354838709677418
Micro-F1	0.9182692307692307
Macro-F1	0.8881012658227847
