Metric	PAST SMOKER	CURRENT SMOKER	NON-SMOKER	UNKNOWN
Precision	0.5	0.8333333333333334	0.8235294117647058	0.9354838709677419
Recall	0.45454545454545453	0.45454545454545453	0.875	0.9206349206349206
F1	0.47619047619047616	0.5882352941176471	0.8484848484848485	0.9279999999999999
Micro-F1	0.9230769230769231
Macro-F1	0.893210114234373
