Metric	PAST SMOKER	CURRENT SMOKER	NON-SMOKER	UNKNOWN
Precision	0.6666666666666666	0.75	0.8666666666666667	0.921875
Recall	0.5454545454545454	0.5454545454545454	0.8125	0.9365079365079365
F1	0.6	0.631578947368421	0.8387096774193549	0.9291338582677166
Micro-F1	0.9302884615384615
Macro-F1	0.9035612934170031
