Metric	PAST SMOKER	CURRENT SMOKER	NON-SMOKER	UNKNOWN
Precision	0.625	0.625	0.6842105263157895	0.9333333333333333
Recall	0.45454545454545453	0.45454545454545453	0.8125	0.8888888888888888
F1	0.5263157894736842	0.5263157894736842	0.742857142857143	0.9105691056910569
Micro-F1	0.9086538461538461
Macro-F1	0.8731870106533179
