Metric	PAST SMOKER	CURRENT SMOKER	NON-SMOKER	UNKNOWN
Precision	0.3333333333333333	0.5555555555555556	0.875	0.9354838709677419
Recall	0.36363636363636365	0.45454545454545453	0.875	0.9206349206349206
F1	0.34782608695652173	0.5	0.875	0.9279999999999999
Micro-F1	0.9086538461538461
Macro-F1	0.8749367088607596
