Metric	PAST SMOKER	CURRENT SMOKER	NON-SMOKER	UNKNOWN
Precision	0.42857142857142855	0.6	0.7777777777777778	0.9491525423728814
Recall	0.5454545454545454	0.5454545454545454	0.875	0.8888888888888888
F1	0.4799999999999999	0.5714285714285713	0.823529411764706	0.9180327868852458
Micro-F1	0.9086538461538461
Macro-F1	0.8757818639006758
