Metric	PAST SMOKER	CURRENT SMOKER	NON-SMOKER	UNKNOWN
Precision	0.75	0.5	0.631578947368421	0.9322033898305084
Recall	0.5454545454545454	0.36363636363636365	0.75	0.873015873015873
F1	0.631578947368421	0.4210526315789474	0.6857142857142857	0.9016393442622951
Micro-F1	0.9014423076923077
Macro-F1	0.8626896912611197
