Metric	PAST SMOKER	CURRENT SMOKER	NON-SMOKER	UNKNOWN
Precision	0.45454545454545453	0.8	0.7058823529411765	0.9375
Recall	0.45454545454545453	0.36363636363636365	0.75	0.9523809523809523
F1	0.45454545454545453	0.5000000000000001	0.7272727272727272	0.9448818897637795
Micro-F1	0.9134615384615384
Macro-F1	0.8806997418984801
