Metric	PAST SMOKER	CURRENT SMOKER	NON-SMOKER	UNKNOWN
Precision	0.75	0.6666666666666666	0.7647058823529411	0.9384615384615385
Recall	0.5454545454545454	0.36363636363636365	0.8125	0.9682539682539683
F1	0.631578947368421	0.4705882352941177	0.787878787878788	0.953125
Micro-F1	0.9302884615384615
Macro-F1	0.9035612934170031
