Metric	PAST SMOKER	CURRENT SMOKER	NON-SMOKER	UNKNOWN
Precision	0.7142857142857143	0.5555555555555556	0.65	0.9365079365079365
Recall	0.45454545454545453	0.45454545454545453	0.8125	0.9365079365079365
F1	0.5555555555555556	0.5	0.7222222222222223	0.9365079365079365
Micro-F1	0.9134615384615384
Macro-F1	0.8815189873417721
