Metric	PAST SMOKER	CURRENT SMOKER	NON-SMOKER	UNKNOWN
Precision	0.5454545454545454	0.625	0.7	0.9508196721311475
Recall	0.5454545454545454	0.45454545454545453	0.875	0.9206349206349206
F1	0.5454545454545454	0.5263157894736842	0.7777777777777777	0.9354838709677418
Micro-F1	0.9158653846153846
Macro-F1	0.885201567440137
