Metric	PAST SMOKER	CURRENT SMOKER	NON-SMOKER	UNKNOWN
Precision	0.6	0.5	0.7222222222222222	0.9354838709677419
Recall	0.2727272727272727	0.2727272727272727	0.8125	0.9206349206349206
F1	0.37499999999999994	0.3529411764705882	0.7647058823529411	0.9279999999999999
Micro-F1	0.9086538461538461
Macro-F1	0.8713541666666667
