Metric	PAST SMOKER	CURRENT SMOKER	NON-SMOKER	UNKNOWN
Precision	0.4666666666666667	0.5555555555555556	0.6	0.9344262295081968
Recall	0.6363636363636364	0.45454545454545453	0.75	0.9047619047619048
F1	0.5384615384615385	0.5	0.6666666666666665	0.9193548387096775
Micro-F1	0.8942307692307693
Macro-F1	0.8580601135270945
