Metric	PAST SMOKER	CURRENT SMOKER	NON-SMOKER	UNKNOWN
Precision	0.6363636363636364	0.6666666666666666	0.65	0.9344262295081968
Recall	0.6363636363636364	0.36363636363636365	0.8125	0.9047619047619048
F1	0.6363636363636364	0.4705882352941177	0.7222222222222223	0.9193548387096775
Micro-F1	0.9110576923076923
Macro-F1	0.8778092675065692
