Metric	PAST SMOKER	CURRENT SMOKER	NON-SMOKER	UNKNOWN
Precision	0.5454545454545454	0.6363636363636364	0.8235294117647058	0.9365079365079365
Recall	0.5454545454545454	0.6363636363636364	0.875	0.9365079365079365
F1	0.5454545454545454	0.6363636363636364	0.8484848484848485	0.9365079365079365
Micro-F1	0.9254807692307693
Macro-F1	0.8990030308488727
