Metric	PAST SMOKER	CURRENT SMOKER	NON-SMOKER	UNKNOWN
Precision	0.4166666666666667	0.8333333333333334	0.8125	0.9384615384615385
Recall	0.45454545454545453	0.45454545454545453	0.8125	0.9682539682539683
F1	0.43478260869565216	0.5882352941176471	0.8125	0.953125
Micro-F1	0.9230769230769231
Macro-F1	0.8946835443037974
