Metric	PAST SMOKER	CURRENT SMOKER	NON-SMOKER	UNKNOWN
Precision	0.4166666666666667	0.5	0.5416666666666666	0.9464285714285714
Recall	0.45454545454545453	0.36363636363636365	0.8125	0.8412698412698413
F1	0.43478260869565216	0.4210526315789474	0.65	0.8907563025210083
Micro-F1	0.8774038461538461
Macro-F1	0.8327222839841995
