Metric	PAST SMOKER	CURRENT SMOKER	NON-SMOKER	UNKNOWN
Precision	0.46153846153846156	0.6	0.7368421052631579	0.9508196721311475
Recall	0.5454545454545454	0.5454545454545454	0.875	0.9206349206349206
F1	0.4999999999999999	0.5714285714285713	0.7999999999999999	0.9354838709677418
Micro-F1	0.9134615384615384
Macro-F1	0.8831022855001873
