Metric	PAST SMOKER	CURRENT SMOKER	NON-SMOKER	UNKNOWN
Precision	0.5555555555555556	0.5	0.8666666666666667	0.921875
Recall	0.45454545454545453	0.6363636363636364	0.8125	0.9365079365079365
F1	0.5	0.56	0.8387096774193549	0.9291338582677166
Micro-F1	0.9158653846153846
Macro-F1	0.8859711638616303
