Metric	PAST SMOKER	CURRENT SMOKER	NON-SMOKER	UNKNOWN
Precision	0.45454545454545453	0.4	0.6	0.9344262295081968
Recall	0.45454545454545453	0.36363636363636365	0.75	0.9047619047619048
F1	0.45454545454545453	0.380952380952381	0.6666666666666665	0.9193548387096775
Micro-F1	0.8870192307692307
Macro-F1	0.8468755628999036
