Metric	PAST SMOKER	CURRENT SMOKER	NON-SMOKER	UNKNOWN
Precision	0.7777777777777778	0.8571428571428571	0.7	0.9365079365079365
Recall	0.6363636363636364	0.5454545454545454	0.875	0.9365079365079365
F1	0.7000000000000001	0.6666666666666665	0.7777777777777777	0.9365079365079365
Micro-F1	0.9326923076923077
Macro-F1	0.9078481012658228
