Metric	PAST SMOKER	CURRENT SMOKER	NON-SMOKER	UNKNOWN
Precision	0.45454545454545453	0.6666666666666666	0.7222222222222222	0.95
Recall	0.45454545454545453	0.5454545454545454	0.8125	0.9047619047619048
F1	0.45454545454545453	0.6	0.7647058823529411	0.9268292682926829
Micro-F1	0.9110576923076923
Macro-F1	0.8778092675065692
