Metric	PAST SMOKER	CURRENT SMOKER	NON-SMOKER	UNKNOWN
Precision	0.4166666666666667	0.5714285714285714	0.8125	0.9365079365079365
Recall	0.45454545454545453	0.36363636363636365	0.8125	0.9365079365079365
F1	0.43478260869565216	0.4444444444444444	0.8125	0.9365079365079365
Micro-F1	0.9110576923076923
Macro-F1	0.8778092675065692
