Metric	PAST SMOKER	CURRENT SMOKER	NON-SMOKER	UNKNOWN
Precision	0.7142857142857143	0.625	0.8	0.9508196721311475
Recall	0.45454545454545453	0.45454545454545453	0.75	0.9206349206349206
F1	0.5555555555555556	0.5263157894736842	0.7741935483870969	0.9354838709677418
Micro-F1	0.9230769230769231
Macro-F1	0.8916666666666666
