Metric	PAST SMOKER	CURRENT SMOKER	NON-SMOKER	UNKNOWN
Precision	0.6	0.5	0.6666666666666666	0.9365079365079365
Recall	0.5454545454545454	0.45454545454545453	0.75	0.9365079365079365
F1	0.5714285714285713	0.47619047619047616	0.7058823529411765	0.9365079365079365
Micro-F1	0.9086538461538461
Macro-F1	0.8757818639006758
