Metric	PAST SMOKER	CURRENT SMOKER	NON-SMOKER	UNKNOWN
Precision	0.5555555555555556	0.75	0.6363636363636364	0.95
Recall	0.45454545454545453	0.5454545454545454	0.875	0.9047619047619048
F1	0.5	0.631578947368421	0.7368421052631579	0.9268292682926829
Micro-F1	0.9134615384615384
Macro-F1	0.8815189873417721
