Metric	PAST SMOKER	CURRENT SMOKER	NON-SMOKER	UNKNOWN
Precision	0.5454545454545454	0.625	0.7	0.9344262295081968
Recall	0.5454545454545454	0.45454545454545453	0.875	0.9047619047619048
F1	0.5454545454545454	0.5263157894736842	0.7777777777777777	0.9193548387096775
Micro-F1	0.9110576923076923
Macro-F1	0.8786416570081448
