Metric	PAST SMOKER	CURRENT SMOKER	NON-SMOKER	UNKNOWN
Precision	0.7142857142857143	0.75	0.8235294117647058	0.9344262295081968
Recall	0.45454545454545453	0.5454545454545454	0.875	0.9047619047619048
F1	0.5555555555555556	0.631578947368421	0.8484848484848485	0.9193548387096775
Micro-F1	0.9278846153846154
Macro-F1	0.8991694405843003
