Metric	PAST SMOKER	CURRENT SMOKER	NON-SMOKER	UNKNOWN
Precision	0.625	0.5	0.631578947368421	0.9344262295081968
Recall	0.45454545454545453	0.2727272727272727	0.75	0.9047619047619048
F1	0.5263157894736842	0.3529411764705882	0.6857142857142857	0.9193548387096775
Micro-F1	0.9014423076923077
Macro-F1	0.8626896912611197
