Metric	PAST SMOKER	CURRENT SMOKER	NON-SMOKER	UNKNOWN
Precision	0.35	0.4375	0.7	0.96
Recall	0.6363636363636364	0.6363636363636364	0.875	0.7619047619047619
F1	0.45161290322580644	0.5185185185185185	0.7777777777777777	0.8495575221238937
Micro-F1	0.8677884615384616
Macro-F1	0.8231497584541062
