Metric	PAST SMOKER	CURRENT SMOKER	NON-SMOKER	UNKNOWN
Precision	0.7142857142857143	0.5833333333333334	0.65	0.9333333333333333
Recall	0.45454545454545453	0.6363636363636364	0.8125	0.8888888888888888
F1	0.5555555555555556	0.6086956521739131	0.7222222222222223	0.9105691056910569
Micro-F1	0.9086538461538461
Macro-F1	0.8749367088607596
