Metric	PAST SMOKER	CURRENT SMOKER	NON-SMOKER	UNKNOWN
Precision	0.45454545454545453	0.625	0.7777777777777778	0.9365079365079365
Recall	0.45454545454545453	0.45454545454545453	0.875	0.9365079365079365
F1	0.45454545454545453	0.5263157894736842	0.823529411764706	0.9365079365079365
Micro-F1	0.9158653846153846
Macro-F1	0.885201567440137
