Metric	PAST SMOKER	CURRENT SMOKER	NON-SMOKER	UNKNOWN
Precision	0.75	0.75	0.8235294117647058	0.9516129032258065
Recall	0.5454545454545454	0.5454545454545454	0.875	0.9365079365079365
F1	0.631578947368421	0.631578947368421	0.8484848484848485	0.944
Micro-F1	0.9375
Macro-F1	0.913233217815428
