Metric	PAST SMOKER	CURRENT SMOKER	NON-SMOKER	UNKNOWN
Precision	0.6666666666666666	0.5	0.8235294117647058	0.9508196721311475
Recall	0.36363636363636365	0.45454545454545453	0.875	0.9206349206349206
F1	0.4705882352941177	0.47619047619047616	0.8484848484848485	0.9354838709677418
Micro-F1	0.9206730769230769
Macro-F1	0.8894819466248037
