Metric	PAST SMOKER	CURRENT SMOKER	NON-SMOKER	UNKNOWN
Precision	0.5454545454545454	0.6666666666666666	0.7	0.9523809523809523
Recall	0.5454545454545454	0.5454545454545454	0.875	0.9523809523809523
F1	0.5454545454545454	0.6	0.7777777777777777	0.9523809523809523
Micro-F1	0.9230769230769231
Macro-F1	0.896090920444611
