Metric	PAST SMOKER	CURRENT SMOKER	NON-SMOKER	UNKNOWN
Precision	0.5555555555555556	0.4444444444444444	0.8125	0.9516129032258065
Recall	0.45454545454545453	0.36363636363636365	0.8125	0.9365079365079365
F1	0.5	0.39999999999999997	0.8125	0.944
Micro-F1	0.9158653846153846
Macro-F1	0.8836084575722452
