Metric	PAST SMOKER	CURRENT SMOKER	NON-SMOKER	UNKNOWN
Precision	0.35294117647058826	0.5	0.56	0.95
Recall	0.5454545454545454	0.2727272727272727	0.875	0.9047619047619048
F1	0.42857142857142855	0.3529411764705882	0.6829268292682927	0.9268292682926829
Micro-F1	0.8822115384615384
Macro-F1	0.8434492769205957
