Metric	PAST SMOKER	CURRENT SMOKER	NON-SMOKER	UNKNOWN
Precision	0.5	0.5	0.5454545454545454	0.9333333333333333
Recall	0.6363636363636364	0.36363636363636365	0.75	0.8888888888888888
F1	0.56	0.4210526315789474	0.631578947368421	0.9105691056910569
Micro-F1	0.8870192307692307
Macro-F1	0.8478857898626833
