Metric	PAST SMOKER	CURRENT SMOKER	NON-SMOKER	UNKNOWN
Precision	0.5555555555555556	0.75	0.7777777777777778	0.9523809523809523
Recall	0.45454545454545453	0.5454545454545454	0.875	0.9523809523809523
F1	0.5	0.631578947368421	0.823529411764706	0.9523809523809523
Micro-F1	0.9302884615384615
Macro-F1	0.9042288853429867
