Metric	PAST SMOKER	CURRENT SMOKER	NON-SMOKER	UNKNOWN
Precision	0.625	0.5555555555555556	0.6666666666666666	0.9508196721311475
Recall	0.45454545454545453	0.45454545454545453	0.875	0.9206349206349206
F1	0.5263157894736842	0.5	0.7567567567567567	0.9354838709677418
Micro-F1	0.9134615384615384
Macro-F1	0.8815189873417721
