Metric	PAST SMOKER	CURRENT SMOKER	NON-SMOKER	UNKNOWN
Precision	0.6666666666666666	0.5454545454545454	0.75	0.9516129032258065
Recall	0.36363636363636365	0.5454545454545454	0.75	0.9365079365079365
F1	0.4705882352941177	0.5454545454545454	0.75	0.944
Micro-F1	0.9182692307692307
Macro-F1	0.8865357463740213
