Metric	PAST SMOKER	CURRENT SMOKER	NON-SMOKER	UNKNOWN
Precision	0.5454545454545454	0.5384615384615384	0.75	0.9666666666666667
Recall	0.5454545454545454	0.6363636363636364	0.75	0.9206349206349206
F1	0.5454545454545454	0.5833333333333334	0.75	0.943089430894309
Micro-F1	0.9158653846153846
Macro-F1	0.885201567440137
