Metric	PAST SMOKER	CURRENT SMOKER	NON-SMOKER	UNKNOWN
Precision	0.6666666666666666	0.45454545454545453	0.5416666666666666	0.95
Recall	0.5454545454545454	0.45454545454545453	0.8125	0.9047619047619048
F1	0.6	0.45454545454545453	0.65	0.9268292682926829
Micro-F1	0.8966346153846154
Macro-F1	0.8608316800871357
