Metric	PAST SMOKER	CURRENT SMOKER	NON-SMOKER	UNKNOWN
Precision	0.45454545454545453	0.75	0.7	0.9354838709677419
Recall	0.45454545454545453	0.2727272727272727	0.875	0.9206349206349206
F1	0.45454545454545453	0.39999999999999997	0.7777777777777777	0.9279999999999999
Micro-F1	0.9086538461538461
Macro-F1	0.874071949781729
