Metric	PAST SMOKER	CURRENT SMOKER	NON-SMOKER	UNKNOWN
Precision	0.5555555555555556	0.5384615384615384	0.8571428571428571	0.921875
Recall	0.45454545454545453	0.6363636363636364	0.75	0.9365079365079365
F1	0.5	0.5833333333333334	0.7999999999999999	0.9291338582677166
Micro-F1	0.9158653846153846
Macro-F1	0.885201567440137
