Metric	PAST SMOKER	CURRENT SMOKER	NON-SMOKER	UNKNOWN
Precision	0.6	0.625	0.8125	0.9516129032258065
Recall	0.5454545454545454	0.45454545454545453	0.8125	0.9365079365079365
F1	0.5714285714285713	0.5263157894736842	0.8125	0.944
Micro-F1	0.9254807692307693
Macro-F1	0.896910348135417
