Metric	PAST SMOKER	CURRENT SMOKER	NON-SMOKER	UNKNOWN
Precision	0.75	0.5833333333333334	0.65	0.9354838709677419
Recall	0.2727272727272727	0.6363636363636364	0.8125	0.9206349206349206
F1	0.39999999999999997	0.6086956521739131	0.7222222222222223	0.9279999999999999
Micro-F1	0.9110576923076923
Macro-F1	0.8778092675065692
