Metric	PAST SMOKER	CURRENT SMOKER	NON-SMOKER	UNKNOWN
Precision	0.7142857142857143	0.625	0.7222222222222222	0.9333333333333333
Recall	0.45454545454545453	0.45454545454545453	0.8125	0.8888888888888888
F1	0.5555555555555556	0.5263157894736842	0.7647058823529411	0.9105691056910569
Micro-F1	0.9134615384615384
Macro-F1	0.8790033287011603
