Metric	PAST SMOKER	CURRENT SMOKER	NON-SMOKER	UNKNOWN
Precision	0.5555555555555556	0.6	0.7368421052631579	0.9516129032258065
Recall	0.45454545454545453	0.2727272727272727	0.875	0.9365079365079365
F1	0.5	0.37499999999999994	0.7999999999999999	0.944
Micro-F1	0.9182692307692307
Macro-F1	0.8865357463740213
