Metric	PAST SMOKER	CURRENT SMOKER	NON-SMOKER	UNKNOWN
Precision	0.8	0.5454545454545454	0.6666666666666666	0.9491525423728814
Recall	0.36363636363636365	0.5454545454545454	0.875	0.8888888888888888
F1	0.5000000000000001	0.5454545454545454	0.7567567567567567	0.9180327868852458
Micro-F1	0.9110576923076923
Macro-F1	0.8769575122906591
