Metric	PAST SMOKER	CURRENT SMOKER	NON-SMOKER	UNKNOWN
Precision	0.5454545454545454	0.6666666666666666	0.6666666666666666	0.9365079365079365
Recall	0.5454545454545454	0.36363636363636365	0.875	0.9365079365079365
F1	0.5454545454545454	0.4705882352941177	0.7567567567567567	0.9365079365079365
Micro-F1	0.9134615384615384
Macro-F1	0.8823196605374823
