Metric	PAST SMOKER	CURRENT SMOKER	NON-SMOKER	UNKNOWN
Precision	0.6666666666666666	0.75	0.7	0.9516129032258065
Recall	0.5454545454545454	0.5454545454545454	0.875	0.9365079365079365
F1	0.6	0.631578947368421	0.7777777777777777	0.944
Micro-F1	0.9278846153846154
Macro-F1	0.9012658227848102
