Metric	PAST SMOKER	CURRENT SMOKER	NON-SMOKER	UNKNOWN
Precision	0.625	0.5	0.8125	0.921875
Recall	0.45454545454545453	0.2727272727272727	0.8125	0.9365079365079365
F1	0.5263157894736842	0.3529411764705882	0.8125	0.9291338582677166
Micro-F1	0.9158653846153846
Macro-F1	0.8827838827838828
