Metric	PAST SMOKER	CURRENT SMOKER	NON-SMOKER	UNKNOWN
Precision	0.46153846153846156	0.7142857142857143	0.8125	0.95
Recall	0.5454545454545454	0.45454545454545453	0.8125	0.9047619047619048
F1	0.4999999999999999	0.5555555555555556	0.8125	0.9268292682926829
Micro-F1	0.9158653846153846
Macro-F1	0.8836084575722452
