Metric	PAST SMOKER	CURRENT SMOKER	NON-SMOKER	UNKNOWN
Precision	0.7142857142857143	0.8571428571428571	0.6086956521739131	0.9516129032258065
Recall	0.45454545454545453	0.5454545454545454	0.875	0.9365079365079365
F1	0.5555555555555556	0.6666666666666665	0.717948717948718	0.944
Micro-F1	0.9230769230769231
Macro-F1	0.8946835443037974
