Metric	PAST SMOKER	CURRENT SMOKER	NON-SMOKER	UNKNOWN
Precision	0.625	0.6	0.6666666666666666	0.9516129032258065
Recall	0.45454545454545453	0.2727272727272727	0.875	0.9365079365079365
F1	0.5263157894736842	0.37499999999999994	0.7567567567567567	0.944
Micro-F1	0.9158653846153846
Macro-F1	0.8836084575722452
