Metric	PAST SMOKER	CURRENT SMOKER	NON-SMOKER	UNKNOWN
Precision	0.7142857142857143	0.6	0.8666666666666667	0.9242424242424242
Recall	0.45454545454545453	0.5454545454545454	0.8125	0.9682539682539683
F1	0.5555555555555556	0.5714285714285713	0.8387096774193549	0.9457364341085271
Micro-F1	0.9302884615384615
Macro-F1	0.9042288853429867
