Metric	PAST SMOKER	CURRENT SMOKER	NON-SMOKER	UNKNOWN
Precision	0.8571428571428571	0.625	0.56	0.9365079365079365
Recall	0.5454545454545454	0.45454545454545453	0.875	0.9365079365079365
F1	0.6666666666666665	0.5263157894736842	0.6829268292682927	0.9365079365079365
Micro-F1	0.9134615384615384
Macro-F1	0.8831022855001873
