Metric	PAST SMOKER	CURRENT SMOKER	NON-SMOKER	UNKNOWN
Precision	0.5333333333333333	0.5555555555555556	0.7647058823529411	0.9464285714285714
Recall	0.7272727272727273	0.45454545454545453	0.8125	0.8412698412698413
F1	0.6153846153846153	0.5	0.787878787878788	0.8907563025210083
Micro-F1	0.9038461538461539
Macro-F1	0.8674441576649778
