Metric	PAST SMOKER	CURRENT SMOKER	NON-SMOKER	UNKNOWN
Precision	0.5454545454545454	0.6666666666666666	0.7777777777777778	0.9365079365079365
Recall	0.5454545454545454	0.36363636363636365	0.875	0.9365079365079365
F1	0.5454545454545454	0.4705882352941177	0.823529411764706	0.9365079365079365
Micro-F1	0.9206730769230769
Macro-F1	0.891019076424778
