Metric	PAST SMOKER	CURRENT SMOKER	NON-SMOKER	UNKNOWN
Precision	0.5	0.5384615384615384	0.4117647058823529	0.9272727272727272
Recall	0.8181818181818182	0.6363636363636364	0.875	0.8095238095238095
F1	0.6206896551724137	0.5833333333333334	0.56	0.864406779661017
Micro-F1	0.8581730769230769
Macro-F1	0.8182343313757581
