Metric	PAST SMOKER	CURRENT SMOKER	NON-SMOKER	UNKNOWN
Precision	0.5454545454545454	0.6	0.7647058823529411	0.9344262295081968
Recall	0.5454545454545454	0.5454545454545454	0.8125	0.9047619047619048
F1	0.5454545454545454	0.5714285714285713	0.787878787878788	0.9193548387096775
Micro-F1	0.9134615384615384
Macro-F1	0.8815189873417721
