Metric	PAST SMOKER	CURRENT SMOKER	NON-SMOKER	UNKNOWN
Precision	0.5	0.625	0.6666666666666666	0.95
Recall	0.45454545454545453	0.45454545454545453	0.875	0.9047619047619048
F1	0.47619047619047616	0.5263157894736842	0.7567567567567567	0.9268292682926829
Micro-F1	0.9086538461538461
Macro-F1	0.8749367088607596
