Metric	PAST SMOKER	CURRENT SMOKER	NON-SMOKER	UNKNOWN
Precision	0.36363636363636365	0.5714285714285714	0.875	0.9365079365079365
Recall	0.36363636363636365	0.36363636363636365	0.875	0.9365079365079365
F1	0.36363636363636365	0.4444444444444444	0.875	0.9365079365079365
Micro-F1	0.9134615384615384
Macro-F1	0.8806997418984801
