Metric	PAST SMOKER	CURRENT SMOKER	NON-SMOKER	UNKNOWN
Precision	0.6666666666666666	0.3333333333333333	0.6842105263157895	0.9322033898305084
Recall	0.36363636363636365	0.2727272727272727	0.8125	0.873015873015873
F1	0.4705882352941177	0.3	0.742857142857143	0.9016393442622951
Micro-F1	0.8942307692307693
Macro-F1	0.8521151795236402
