Metric	PAST SMOKER	CURRENT SMOKER	NON-SMOKER	UNKNOWN
Precision	0.5	0.625	0.7777777777777778	0.953125
Recall	0.5454545454545454	0.45454545454545453	0.875	0.9682539682539683
F1	0.5217391304347826	0.5263157894736842	0.823529411764706	0.9606299212598425
Micro-F1	0.9254807692307693
Macro-F1	0.8990030308488727
