Metric	PAST SMOKER	CURRENT SMOKER	NON-SMOKER	UNKNOWN
Precision	0.8	0.47368421052631576	0.7777777777777778	0.9333333333333333
Recall	0.36363636363636365	0.8181818181818182	0.875	0.8888888888888888
F1	0.5000000000000001	0.6	0.823529411764706	0.9105691056910569
Micro-F1	0.9110576923076923
Macro-F1	0.8794552303680092
