Metric	PAST SMOKER	CURRENT SMOKER	NON-SMOKER	UNKNOWN
Precision	0.4166666666666667	0.5	0.52	0.9285714285714286
Recall	0.45454545454545453	0.5454545454545454	0.8125	0.8253968253968254
F1	0.43478260869565216	0.5217391304347826	0.6341463414634146	0.8739495798319328
Micro-F1	0.8701923076923077
Macro-F1	0.8258010484196161
