Metric	Gout	Venous Insufficiency	Gallstones	Hypertension	Obesity	Asthma	GERD	Hypercholesterolemia	Hypertriglyceridemia	CHF	OSA	OA	PVD	CAD	Depression	Diabetes
Precision	0.24242424242424243	0.1111111111111111	0.26229508196721313	0.7395833333333334	0.4358974358974359	0.24561403508771928	0.2898550724637681	0.5540540540540541	0.2	0.6794871794871795	0.25862068965517243	0.19736842105263158	0.18181818181818182	0.6907630522088354	0.2839506172839506	0.7133757961783439
Recall	0.13114754098360656	0.13793103448275862	0.2	0.7932960893854749	0.3541666666666667	0.20588235294117646	0.21505376344086022	0.5082644628099173	0.04	0.5170731707317073	0.22727272727272727	0.32967032967032966	0.15384615384615385	0.6323529411764706	0.21904761904761905	0.6726726726726727
F1	0.17021276595744678	0.12307692307692307	0.2269503546099291	0.7654986522911051	0.3908045977011494	0.224	0.24691358024691362	0.5301724137931033	0.06666666666666667	0.5872576177285319	0.24193548387096775	0.24691358024691357	0.16666666666666669	0.6602687140115163	0.2473118279569892	0.6924265842349304
Micro-F1	0.7365631163708085
Macro-F1	0.6654985623284219
