Metric	Gout	Venous Insufficiency	Gallstones	Hypertension	Obesity	Asthma	GERD	Hypercholesterolemia	Hypertriglyceridemia	CHF	OSA	OA	PVD	CAD	Depression	Diabetes
Precision	0.2647058823529412	0.1111111111111111	0.2638888888888889	0.7261306532663316	0.4371859296482412	0.2	0.1875	0.5514705882352942	0.15384615384615385	0.6708074534161491	0.2413793103448276	0.23357664233576642	0.23333333333333334	0.6594982078853047	0.31521739130434784	0.6918918918918919
Recall	0.14754098360655737	0.10344827586206896	0.2375	0.8072625698324022	0.453125	0.19117647058823528	0.0967741935483871	0.6198347107438017	0.08	0.526829268292683	0.21212121212121213	0.3516483516483517	0.2153846153846154	0.6764705882352942	0.2761904761904762	0.7687687687687688
F1	0.18947368421052632	0.10714285714285715	0.25	0.7645502645502645	0.44501278772378516	0.1954887218045113	0.12765957446808507	0.5836575875486381	0.10526315789473685	0.5901639344262296	0.22580645161290322	0.2807017543859649	0.22400000000000003	0.6678765880217786	0.2944162436548224	0.7283072546230441
Micro-F1	0.7369329388560157
Macro-F1	0.6749642406378817
