Metric	Gout	Venous Insufficiency	Gallstones	Hypertension	Obesity	Asthma	GERD	Hypercholesterolemia	Hypertriglyceridemia	CHF	OSA	OA	PVD	CAD	Depression	Diabetes
Precision	0.15517241379310345	0.1111111111111111	0.3	0.7197802197802198	0.4460431654676259	0.1935483870967742	0.18181818181818182	0.601010101010101	0.12	0.5810276679841897	0.28846153846153844	0.19101123595505617	0.13846153846153847	0.688	0.3	0.717032967032967
Recall	0.14754098360655737	0.06896551724137931	0.15	0.7318435754189944	0.3229166666666667	0.08823529411764706	0.08602150537634409	0.49173553719008267	0.24	0.7170731707317073	0.22727272727272727	0.18681318681318682	0.13846153846153847	0.6323529411764706	0.22857142857142856	0.7837837837837838
F1	0.15126050420168066	0.0851063829787234	0.2	0.7257617728531855	0.3746223564954683	0.12121212121212122	0.11678832116788322	0.5409090909090909	0.16	0.6419213973799127	0.25423728813559315	0.18888888888888886	0.13846153846153847	0.6590038314176245	0.2594594594594594	0.7489239598278334
Micro-F1	0.7389053254437871
Macro-F1	0.6688068173932353
