Metric	Gout	Venous Insufficiency	Gallstones	Hypertension	Obesity	Asthma	GERD	Hypercholesterolemia	Hypertriglyceridemia	CHF	OSA	OA	PVD	CAD	Depression	Diabetes
Precision	0.21951219512195122	0.09090909090909091	0.27692307692307694	0.7368421052631579	0.44642857142857145	0.22807017543859648	0.234375	0.5387755102040817	0.2857142857142857	0.6403940886699507	0.2857142857142857	0.2261904761904762	0.125	0.653125	0.2987012987012987	0.7064846416382252
Recall	0.14754098360655737	0.06896551724137931	0.225	0.7430167597765364	0.2604166666666667	0.19117647058823528	0.16129032258064516	0.5454545454545454	0.16	0.6341463414634146	0.18181818181818182	0.2087912087912088	0.13846153846153847	0.7683823529411765	0.21904761904761905	0.6216216216216216
F1	0.1764705882352941	0.0784313725490196	0.24827586206896554	0.7399165507649513	0.32894736842105265	0.20799999999999996	0.1910828025477707	0.542094455852156	0.20512820512820512	0.6372549019607843	0.2222222222222222	0.21714285714285714	0.13138686131386862	0.7060810810810811	0.25274725274725274	0.6613418530351437
Micro-F1	0.7385355029585798
Macro-F1	0.6672331097403692
