Metric	Gout	Venous Insufficiency	Gallstones	Hypertension	Obesity	Asthma	GERD	Hypercholesterolemia	Hypertriglyceridemia	CHF	OSA	OA	PVD	CAD	Depression	Diabetes
Precision	0.21875	0.05405405405405406	0.2833333333333333	0.7345360824742269	0.46715328467153283	0.2391304347826087	0.2857142857142857	0.5537848605577689	0.1	0.6896551724137931	0.27906976744186046	0.23	0.18461538461538463	0.630718954248366	0.373134328358209	0.6978021978021978
Recall	0.11475409836065574	0.06896551724137931	0.2125	0.7960893854748603	0.3333333333333333	0.16176470588235295	0.10752688172043011	0.5743801652892562	0.04	0.4878048780487805	0.18181818181818182	0.25274725274725274	0.18461538461538463	0.7095588235294118	0.23809523809523808	0.7627627627627628
F1	0.15053763440860216	0.06060606060606061	0.24285714285714283	0.7640750670241288	0.38905775075987836	0.1929824561403509	0.15625	0.563894523326572	0.05714285714285714	0.5714285714285714	0.2201834862385321	0.24083769633507854	0.18461538461538463	0.6678200692041523	0.29069767441860467	0.7288378766140602
Micro-F1	0.745931952662722
Macro-F1	0.677301577126943
