Metric	Gout	Venous Insufficiency	Gallstones	Hypertension	Obesity	Asthma	GERD	Hypercholesterolemia	Hypertriglyceridemia	CHF	OSA	OA	PVD	CAD	Depression	Diabetes
Precision	0.19298245614035087	0.08823529411764706	0.2235294117647059	0.7300469483568075	0.4218009478672986	0.2641509433962264	0.25316455696202533	0.5709219858156028	0.10256410256410256	0.6222222222222222	0.2878787878787879	0.21428571428571427	0.18181818181818182	0.6777777777777778	0.3076923076923077	0.7134146341463414
Recall	0.18032786885245902	0.10344827586206896	0.2375	0.8687150837988827	0.4635416666666667	0.20588235294117646	0.21505376344086022	0.6652892561983471	0.16	0.6829268292682927	0.2878787878787879	0.3626373626373626	0.2153846153846154	0.6727941176470589	0.3047619047619048	0.7027027027027027
F1	0.18644067796610167	0.09523809523809523	0.2303030303030303	0.7933673469387754	0.44168734491315137	0.23140495867768593	0.23255813953488372	0.6145038167938931	0.125	0.6511627906976744	0.2878787878787879	0.2693877551020408	0.1971830985915493	0.6752767527675277	0.30622009569377995	0.708018154311649
Micro-F1	0.7286735700197239
Macro-F1	0.6734068637650514
