Metric	Gout	Venous Insufficiency	Gallstones	Hypertension	Obesity	Asthma	GERD	Hypercholesterolemia	Hypertriglyceridemia	CHF	OSA	OA	PVD	CAD	Depression	Diabetes
Precision	0.21621621621621623	0.05263157894736842	0.3181818181818182	0.7411444141689373	0.427536231884058	0.28125	0.22033898305084745	0.5825688073394495	0.125	0.6578947368421053	0.2222222222222222	0.24752475247524752	0.2222222222222222	0.6833333333333333	0.21428571428571427	0.706199460916442
Recall	0.13114754098360656	0.034482758620689655	0.175	0.7597765363128491	0.3072916666666667	0.1323529411764706	0.13978494623655913	0.5247933884297521	0.04	0.6097560975609756	0.15151515151515152	0.27472527472527475	0.18461538461538463	0.6029411764705882	0.08571428571428572	0.7867867867867868
F1	0.16326530612244897	0.041666666666666664	0.22580645161290322	0.7503448275862068	0.3575757575757576	0.18000000000000002	0.17105263157894737	0.5521739130434783	0.06060606060606061	0.6329113924050632	0.1801801801801802	0.2604166666666667	0.20168067226890757	0.640625	0.12244897959183673	0.744318181818182
Micro-F1	0.75
Macro-F1	0.6767282838306528
