Metric	Gout	Venous Insufficiency	Gallstones	Hypertension	Obesity	Asthma	GERD	Hypercholesterolemia	Hypertriglyceridemia	CHF	OSA	OA	PVD	CAD	Depression	Diabetes
Precision	0.1702127659574468	0.1111111111111111	0.2826086956521739	0.7402985074626866	0.41714285714285715	0.18	0.23943661971830985	0.5606694560669456	0.3333333333333333	0.6291079812206573	0.21052631578947367	0.23404255319148937	0.17142857142857143	0.6472491909385113	0.28421052631578947	0.6921119592875318
Recall	0.13114754098360656	0.06896551724137931	0.1625	0.6927374301675978	0.3802083333333333	0.1323529411764706	0.1827956989247312	0.5537190082644629	0.04	0.6536585365853659	0.18181818181818182	0.24175824175824176	0.18461538461538463	0.7352941176470589	0.2571428571428571	0.8168168168168168
F1	0.14814814814814814	0.0851063829787234	0.20634920634920634	0.7157287157287157	0.3978201634877384	0.15254237288135591	0.20731707317073172	0.5571725571725573	0.07142857142857142	0.6411483253588518	0.1951219512195122	0.23783783783783782	0.17777777777777778	0.6884681583476765	0.27	0.7493112947658401
Micro-F1	0.7371794871794872
Macro-F1	0.6721865119981805
