Metric	Gout	Venous Insufficiency	Gallstones	Hypertension	Obesity	Asthma	GERD	Hypercholesterolemia	Hypertriglyceridemia	CHF	OSA	OA	PVD	CAD	Depression	Diabetes
Precision	0.15625	0.13636363636363635	0.3076923076923077	0.7371273712737128	0.40789473684210525	0.24324324324324326	0.25	0.5536480686695279	0.0	0.655367231638418	0.3235294117647059	0.21333333333333335	0.2926829268292683	0.7066666666666667	0.29411764705882354	0.7333333333333333
Recall	0.08196721311475409	0.10344827586206896	0.2	0.7597765363128491	0.3229166666666667	0.1323529411764706	0.1827956989247312	0.5330578512396694	0.0	0.5658536585365853	0.16666666666666666	0.3516483516483517	0.18461538461538463	0.5845588235294118	0.23809523809523808	0.6606606606606606
F1	0.10752688172043011	0.11764705882352941	0.24242424242424246	0.74828060522696	0.36046511627906974	0.17142857142857143	0.2111801242236025	0.5431578947368422	0.0	0.6073298429319371	0.22	0.2655601659751038	0.22641509433962265	0.6398390342052314	0.2631578947368421	0.6951026856240127
Micro-F1	0.7418639053254439
Macro-F1	0.6672151914109473
