Metric	Gout	Venous Insufficiency	Gallstones	Hypertension	Obesity	Asthma	GERD	Hypercholesterolemia	Hypertriglyceridemia	CHF	OSA	OA	PVD	CAD	Depression	Diabetes
Precision	0.21875	0.05263157894736842	0.2903225806451613	0.7309523809523809	0.4557823129251701	0.18	0.1794871794871795	0.5536480686695279	0.0	0.6737967914438503	0.21052631578947367	0.23376623376623376	0.18604651162790697	0.6430976430976431	0.3559322033898305	0.6835443037974683
Recall	0.11475409836065574	0.034482758620689655	0.225	0.8575418994413407	0.3489583333333333	0.1323529411764706	0.07526881720430108	0.5330578512396694	0.0	0.6146341463414634	0.24242424242424243	0.1978021978021978	0.12307692307692308	0.7022058823529411	0.2	0.8108108108108109
F1	0.15053763440860216	0.041666666666666664	0.2535211267605634	0.7892030848329049	0.3952802359882006	0.15254237288135591	0.10606060606060606	0.5431578947368422	0.0	0.6428571428571428	0.22535211267605634	0.2142857142857143	0.14814814814814814	0.6713532513181019	0.25609756097560976	0.7417582417582417
Micro-F1	0.7490138067061144
Macro-F1	0.6837096700927429
