Metric	Gout	Venous Insufficiency	Gallstones	Hypertension	Obesity	Asthma	GERD	Hypercholesterolemia	Hypertriglyceridemia	CHF	OSA	OA	PVD	CAD	Depression	Diabetes
Precision	0.20833333333333334	0.09375	0.23	0.7190721649484536	0.4174757281553398	0.1978021978021978	0.25333333333333335	0.5560165975103735	0.13333333333333333	0.642512077294686	0.2948717948717949	0.24615384615384617	0.20588235294117646	0.7037037037037037	0.31868131868131866	0.701058201058201
Recall	0.2459016393442623	0.10344827586206896	0.2875	0.7793296089385475	0.4479166666666667	0.2647058823529412	0.20430107526881722	0.5537190082644629	0.08	0.6487804878048781	0.3484848484848485	0.3516483516483517	0.1076923076923077	0.5588235294117647	0.2761904761904762	0.7957957957957958
F1	0.2255639097744361	0.09836065573770493	0.2555555555555556	0.7479892761394102	0.4321608040201005	0.22641509433962265	0.22619047619047622	0.5548654244306419	0.1	0.6456310679611651	0.3194444444444445	0.2895927601809955	0.1414141414141414	0.6229508196721312	0.29591836734693877	0.7454289732770746
Micro-F1	0.7289201183431951
Macro-F1	0.6680805052731236
