Metric	Gout	Venous Insufficiency	Gallstones	Hypertension	Obesity	Asthma	GERD	Hypercholesterolemia	Hypertriglyceridemia	CHF	OSA	OA	PVD	CAD	Depression	Diabetes
Precision	0.216	0.08421052631578947	0.1881720430107527	0.7615062761506276	0.4397905759162304	0.21374045801526717	0.2125	0.5727699530516432	0.12121212121212122	0.6313559322033898	0.21897810218978103	0.2054794520547945	0.19411764705882353	0.6961538461538461	0.24475524475524477	0.7660377358490567
Recall	0.4426229508196721	0.27586206896551724	0.4375	0.5083798882681564	0.4375	0.4117647058823529	0.3655913978494624	0.5041322314049587	0.32	0.7268292682926829	0.45454545454545453	0.4945054945054945	0.5076923076923077	0.6654411764705882	0.3333333333333333	0.6096096096096096
F1	0.29032258064516125	0.12903225806451613	0.2631578947368421	0.6097152428810719	0.4386422976501305	0.2814070351758794	0.2687747035573122	0.5362637362637362	0.1758241758241758	0.6757369614512471	0.29556650246305416	0.2903225806451613	0.28085106382978725	0.6804511278195489	0.28225806451612906	0.6789297658862876
Micro-F1	0.6655571992110454
Macro-F1	0.6129361428570449
