Metric	Gout	Venous Insufficiency	Gallstones	Hypertension	Obesity	Asthma	GERD	Hypercholesterolemia	Hypertriglyceridemia	CHF	OSA	OA	PVD	CAD	Depression	Diabetes
Precision	0.18235294117647058	0.07142857142857142	0.21764705882352942	0.7594501718213058	0.45410628019323673	0.1907514450867052	0.232	0.578125	0.13043478260869565	0.5648148148148148	0.20958083832335328	0.20155038759689922	0.19402985074626866	0.6914498141263941	0.2958579881656805	0.7410714285714286
Recall	0.5081967213114754	0.1724137931034483	0.4625	0.61731843575419	0.4895833333333333	0.4852941176470588	0.3118279569892473	0.6115702479338843	0.24	0.8926829268292683	0.5303030303030303	0.2857142857142857	0.6	0.6838235294117647	0.47619047619047616	0.7477477477477478
F1	0.26839826839826836	0.10101010101010101	0.296	0.6810477657935284	0.4711779448621554	0.2738589211618257	0.26605504587155965	0.5943775100401606	0.16901408450704222	0.6918714555765595	0.3004291845493562	0.23636363636363633	0.2932330827067669	0.687615526802218	0.36496350364963503	0.7443946188340808
Micro-F1	0.6740631163708086
Macro-F1	0.6326392023289522
