Metric	Gout	Venous Insufficiency	Gallstones	Hypertension	Obesity	Asthma	GERD	Hypercholesterolemia	Hypertriglyceridemia	CHF	OSA	OA	PVD	CAD	Depression	Diabetes
Precision	0.15625	0.09090909090909091	0.2903225806451613	0.7308641975308642	0.44808743169398907	0.20588235294117646	0.2727272727272727	0.5942028985507246	0.0	0.6323529411764706	0.24074074074074073	0.25882352941176473	0.2	0.6482084690553745	0.2898550724637681	0.6978609625668449
Recall	0.08196721311475409	0.06896551724137931	0.225	0.8268156424581006	0.4270833333333333	0.10294117647058823	0.12903225806451613	0.5082644628099173	0.0	0.6292682926829268	0.19696969696969696	0.24175824175824176	0.2	0.7316176470588235	0.19047619047619047	0.7837837837837838
F1	0.10752688172043011	0.0784313725490196	0.2535211267605634	0.7758846657929226	0.4373333333333333	0.1372549019607843	0.1751824817518248	0.5478841870824053	0.0	0.6308068459657701	0.21666666666666662	0.25	0.20000000000000004	0.6873920552677029	0.22988505747126436	0.7383309759547383
Micro-F1	0.7491370808678502
Macro-F1	0.6844431416181046
