Metric	Gout	Venous Insufficiency	Gallstones	Hypertension	Obesity	Asthma	GERD	Hypercholesterolemia	Hypertriglyceridemia	CHF	OSA	OA	PVD	CAD	Depression	Diabetes
Precision	0.19148936170212766	0.08695652173913043	0.265625	0.7365853658536585	0.4370860927152318	0.15789473684210525	0.22535211267605634	0.5614035087719298	0.14285714285714285	0.6262135922330098	0.22916666666666666	0.24468085106382978	0.14925373134328357	0.648936170212766	0.3068181818181818	0.6923076923076923
Recall	0.14754098360655737	0.06896551724137931	0.2125	0.8435754189944135	0.34375	0.08823529411764706	0.17204301075268819	0.5289256198347108	0.08	0.6292682926829268	0.16666666666666666	0.25274725274725274	0.15384615384615385	0.6727941176470589	0.2571428571428571	0.8108108108108109
F1	0.16666666666666666	0.07692307692307693	0.23611111111111108	0.7864583333333333	0.3848396501457726	0.11320754716981131	0.1951219512195122	0.5446808510638298	0.10256410256410256	0.6277372262773723	0.19298245614035087	0.24864864864864866	0.1515151515151515	0.6606498194945848	0.27979274611398963	0.7468879668049794
Micro-F1	0.7406311637080868
Macro-F1	0.6767570985173321
