Metric	Gout	Venous Insufficiency	Gallstones	Hypertension	Obesity	Asthma	GERD	Hypercholesterolemia	Hypertriglyceridemia	CHF	OSA	OA	PVD	CAD	Depression	Diabetes
Precision	0.2	0.05	0.27450980392156865	0.7386934673366834	0.42207792207792205	0.2	0.24444444444444444	0.5169811320754717	0.14285714285714285	0.6684491978609626	0.26785714285714285	0.26881720430107525	0.18867924528301888	0.6587837837837838	0.3333333333333333	0.6902887139107612
Recall	0.16393442622950818	0.034482758620689655	0.175	0.8212290502793296	0.3385416666666667	0.14705882352941177	0.11827956989247312	0.5661157024793388	0.04	0.6097560975609756	0.22727272727272727	0.27472527472527475	0.15384615384615385	0.7169117647058824	0.21904761904761905	0.7897897897897898
F1	0.18018018018018017	0.04081632653061224	0.21374045801526717	0.7777777777777778	0.37572254335260113	0.16949152542372883	0.15942028985507245	0.5404339250493098	0.0625	0.6377551020408163	0.24590163934426232	0.2717391304347826	0.16949152542372883	0.6866197183098591	0.264367816091954	0.7366946778711486
Micro-F1	0.7458086785009862
Macro-F1	0.6811938223019838
