Metric	Gout	Venous Insufficiency	Gallstones	Hypertension	Obesity	Asthma	GERD	Hypercholesterolemia	Hypertriglyceridemia	CHF	OSA	OA	PVD	CAD	Depression	Diabetes
Precision	0.20512820512820512	0.0	0.35555555555555557	0.735897435897436	0.43157894736842106	0.16129032258064516	0.2926829268292683	0.5423728813559322	0.0	0.625	0.25	0.20202020202020202	0.16666666666666666	0.6704119850187266	0.3037974683544304	0.7134831460674157
Recall	0.13114754098360656	0.0	0.2	0.8016759776536313	0.4270833333333333	0.07352941176470588	0.12903225806451613	0.5289256198347108	0.0	0.6585365853658537	0.18181818181818182	0.21978021978021978	0.12307692307692308	0.6580882352941176	0.22857142857142856	0.7627627627627628
F1	0.16	0.0	0.256	0.767379679144385	0.42931937172774876	0.10101010101010102	0.17910447761194032	0.5355648535564854	0.0	0.6413301662707839	0.2105263157894737	0.2105263157894737	0.14159292035398233	0.6641929499072357	0.2608695652173913	0.737300435413643
Micro-F1	0.7465483234714003
Macro-F1	0.679238635178228
