Metric	Gout	Venous Insufficiency	Gallstones	Hypertension	Obesity	Asthma	GERD	Hypercholesterolemia	Hypertriglyceridemia	CHF	OSA	OA	PVD	CAD	Depression	Diabetes
Precision	0.19718309859154928	0.07407407407407407	0.2463768115942029	0.7380352644836272	0.46987951807228917	0.23684210526315788	0.25	0.5494505494505495	0.0625	0.6197183098591549	0.2727272727272727	0.24242424242424243	0.189873417721519	0.6678445229681979	0.2809917355371901	0.7261538461538461
Recall	0.22950819672131148	0.06896551724137931	0.2125	0.8184357541899442	0.40625	0.1323529411764706	0.1935483870967742	0.6198347107438017	0.04	0.6439024390243903	0.22727272727272727	0.3516483516483517	0.23076923076923078	0.6948529411764706	0.3238095238095238	0.7087087087087087
F1	0.21212121212121213	0.07142857142857142	0.22818791946308725	0.7761589403973511	0.43575418994413406	0.169811320754717	0.21818181818181817	0.5825242718446602	0.048780487804878044	0.631578947368421	0.24793388429752064	0.28699551569506726	0.20833333333333334	0.6810810810810811	0.30088495575221236	0.7173252279635258
Micro-F1	0.7347140039447733
Macro-F1	0.6744577155895546
