Metric	Gout	Venous Insufficiency	Gallstones	Hypertension	Obesity	Asthma	GERD	Hypercholesterolemia	Hypertriglyceridemia	CHF	OSA	OA	PVD	CAD	Depression	Diabetes
Precision	0.1949685534591195	0.0784313725490196	0.23529411764705882	0.7508196721311475	0.46596858638743455	0.25	0.23728813559322035	0.5778688524590164	0.09090909090909091	0.6102941176470589	0.2336448598130841	0.18435754189944134	0.16363636363636364	0.6824817518248175	0.28187919463087246	0.740625
Recall	0.5081967213114754	0.13793103448275862	0.35	0.6396648044692738	0.4635416666666667	0.3382352941176471	0.3010752688172043	0.5826446280991735	0.2	0.8097560975609757	0.3787878787878788	0.3626373626373626	0.27692307692307694	0.6875	0.4	0.7117117117117117
F1	0.2818181818181818	0.1	0.28140703517587945	0.6907993966817496	0.46475195822454307	0.28750000000000003	0.26540284360189575	0.5802469135802468	0.12500000000000003	0.6960167714884696	0.2890173410404624	0.24444444444444444	0.20571428571428574	0.684981684981685	0.33070866141732286	0.7258805513016845
Micro-F1	0.696992110453649
Macro-F1	0.6458750445335846
