Metric	Gout	Venous Insufficiency	Gallstones	Hypertension	Obesity	Asthma	GERD	Hypercholesterolemia	Hypertriglyceridemia	CHF	OSA	OA	PVD	CAD	Depression	Diabetes
Precision	0.15151515151515152	0.06060606060606061	0.29411764705882354	0.7245657568238213	0.437125748502994	0.13953488372093023	0.2542372881355932	0.5757575757575758	0.125	0.6349206349206349	0.20408163265306123	0.25555555555555554	0.18518518518518517	0.6920152091254753	0.2711864406779661	0.7138728323699421
Recall	0.08196721311475409	0.06896551724137931	0.1875	0.8156424581005587	0.3802083333333333	0.08823529411764706	0.16129032258064516	0.5495867768595041	0.04	0.5853658536585366	0.15151515151515152	0.25274725274725274	0.15384615384615385	0.6691176470588235	0.1523809523809524	0.7417417417417418
F1	0.10638297872340424	0.06451612903225808	0.22900763358778625	0.7674113009198423	0.40668523676880225	0.10810810810810811	0.19736842105263158	0.5623678646934461	0.06060606060606061	0.6091370558375634	0.1739130434782609	0.25414364640883974	0.16806722689075632	0.6803738317757009	0.1951219512195122	0.727540500736377
Micro-F1	0.7456854043392503
Macro-F1	0.6766144195708164
