Metric	Gout	Venous Insufficiency	Gallstones	Hypertension	Obesity	Asthma	GERD	Hypercholesterolemia	Hypertriglyceridemia	CHF	OSA	OA	PVD	CAD	Depression	Diabetes
Precision	0.18	0.058823529411764705	0.32653061224489793	0.7326732673267327	0.45901639344262296	0.18421052631578946	0.2545454545454545	0.5490196078431373	0.25	0.6210045662100456	0.2777777777777778	0.20930232558139536	0.2	0.6615384615384615	0.35135135135135137	0.6820512820512821
Recall	0.14754098360655737	0.034482758620689655	0.2	0.8268156424581006	0.4375	0.10294117647058823	0.15053763440860216	0.5785123966942148	0.04	0.6634146341463415	0.22727272727272727	0.2967032967032967	0.12307692307692308	0.6323529411764706	0.24761904761904763	0.7987987987987988
F1	0.16216216216216217	0.043478260869565216	0.24806201550387594	0.7769028871391075	0.44799999999999995	0.1320754716981132	0.1891891891891892	0.5633802816901408	0.06896551724137932	0.6415094339622641	0.25	0.24545454545454548	0.1523809523809524	0.6466165413533834	0.2905027932960894	0.73582295988935
Micro-F1	0.7448224852071006
Macro-F1	0.6819806054804551
