Metric	Gout	Venous Insufficiency	Gallstones	Hypertension	Obesity	Asthma	GERD	Hypercholesterolemia	Hypertriglyceridemia	CHF	OSA	OA	PVD	CAD	Depression	Diabetes
Precision	0.1864406779661017	0.11428571428571428	0.31746031746031744	0.7386363636363636	0.43010752688172044	0.23809523809523808	0.21568627450980393	0.5706521739130435	0.1	0.6438356164383562	0.2619047619047619	0.19318181818181818	0.17647058823529413	0.6866952789699571	0.29333333333333333	0.7282608695652174
Recall	0.18032786885245902	0.13793103448275862	0.25	0.7262569832402235	0.4166666666666667	0.22058823529411764	0.11827956989247312	0.43388429752066116	0.04	0.6878048780487804	0.3333333333333333	0.18681318681318682	0.13846153846153847	0.5882352941176471	0.20952380952380953	0.6036036036036037
F1	0.18333333333333335	0.125	0.27972027972027974	0.7323943661971831	0.42328042328042326	0.22900763358778625	0.1527777777777778	0.49295774647887325	0.05714285714285714	0.6650943396226414	0.29333333333333333	0.18994413407821228	0.15517241379310348	0.6336633663366337	0.24444444444444444	0.6600985221674878
Micro-F1	0.7342209072978304
Macro-F1	0.6596037270721884
