Metric	Gout	Venous Insufficiency	Gallstones	Hypertension	Obesity	Asthma	GERD	Hypercholesterolemia	Hypertriglyceridemia	CHF	OSA	OA	PVD	CAD	Depression	Diabetes
Precision	0.22641509433962265	0.16666666666666666	0.2923076923076923	0.7300275482093664	0.4444444444444444	0.2549019607843137	0.19672131147540983	0.5581395348837209	0.0	0.6153846153846154	0.26666666666666666	0.2268041237113402	0.18181818181818182	0.67	0.29577464788732394	0.725609756097561
Recall	0.19672131147540983	0.13793103448275862	0.2375	0.7402234636871509	0.3958333333333333	0.19117647058823528	0.12903225806451613	0.49586776859504134	0.0	0.6634146341463415	0.24242424242424243	0.24175824175824176	0.15384615384615385	0.7389705882352942	0.2	0.7147147147147147
F1	0.21052631578947367	0.1509433962264151	0.26206896551724135	0.7350901525658807	0.418732782369146	0.21848739495798317	0.15584415584415584	0.525164113785558	0.0	0.6384976525821596	0.253968253968254	0.23404255319148937	0.16666666666666669	0.7027972027972028	0.23863636363636365	0.7201210287443267
Micro-F1	0.7417406311637081
Macro-F1	0.6744981260980175
