Metric	Gout	Venous Insufficiency	Gallstones	Hypertension	Obesity	Asthma	GERD	Hypercholesterolemia	Hypertriglyceridemia	CHF	OSA	OA	PVD	CAD	Depression	Diabetes
Precision	0.16831683168316833	0.06206896551724138	0.19915254237288135	0.7526501766784452	0.44329896907216493	0.1510791366906475	0.2318840579710145	0.5633802816901409	0.05514705882352941	0.5759162303664922	0.17365269461077845	0.24324324324324326	0.15217391304347827	0.6765799256505576	0.22897196261682243	0.7669902912621359
Recall	0.5573770491803278	0.6206896551724138	0.5875	0.5949720670391061	0.4479166666666667	0.6176470588235294	0.5161290322580645	0.49586776859504134	0.6	0.5365853658536586	0.4393939393939394	0.4945054945054945	0.6461538461538462	0.6691176470588235	0.4666666666666667	0.4744744744744745
F1	0.2585551330798479	0.1128526645768025	0.2974683544303797	0.6645865834633385	0.44559585492227977	0.24277456647398846	0.31999999999999995	0.5274725274725275	0.10101010101010101	0.5555555555555556	0.24892703862660948	0.3260869565217392	0.24633431085043989	0.6728280961182994	0.3072100313479624	0.5862708719851576
Micro-F1	0.5695266272189349
Macro-F1	0.5371978686117954
