Metric	Gout	Venous Insufficiency	Gallstones	Hypertension	Obesity	Asthma	GERD	Hypercholesterolemia	Hypertriglyceridemia	CHF	OSA	OA	PVD	CAD	Depression	Diabetes
Precision	0.23404255319148937	0.10344827586206896	0.234375	0.7343358395989975	0.44776119402985076	0.23880597014925373	0.23076923076923078	0.5714285714285714	0.0	0.6238532110091743	0.2727272727272727	0.19254658385093168	0.12727272727272726	0.6451612903225806	0.3108108108108108	0.7058823529411765
Recall	0.18032786885245902	0.10344827586206896	0.1875	0.8184357541899442	0.3125	0.23529411764705882	0.16129032258064516	0.5454545454545454	0.0	0.6634146341463415	0.22727272727272727	0.34065934065934067	0.1076923076923077	0.7352941176470589	0.21904761904761905	0.7207207207207207
F1	0.20370370370370372	0.10344827586206896	0.20833333333333334	0.774108322324967	0.3680981595092025	0.23703703703703705	0.189873417721519	0.5581395348837208	0.0	0.6430260047281324	0.24793388429752064	0.24603174603174605	0.11666666666666667	0.6872852233676977	0.25698324022346364	0.7132243684992571
Micro-F1	0.7354536489151874
Macro-F1	0.6718213996473961
