Metric	Gout	Venous Insufficiency	Gallstones	Hypertension	Obesity	Asthma	GERD	Hypercholesterolemia	Hypertriglyceridemia	CHF	OSA	OA	PVD	CAD	Depression	Diabetes
Precision	0.1509433962264151	0.09090909090909091	0.2857142857142857	0.7311827956989247	0.44375	0.19047619047619047	0.37777777777777777	0.5468164794007491	0.14285714285714285	0.6494845360824743	0.23943661971830985	0.24390243902439024	0.16666666666666666	0.6292517006802721	0.30344827586206896	0.696969696969697
Recall	0.13114754098360656	0.06896551724137931	0.275	0.7597765363128491	0.3697916666666667	0.17647058823529413	0.1827956989247312	0.6033057851239669	0.08	0.6146341463414634	0.25757575757575757	0.21978021978021978	0.2153846153846154	0.6801470588235294	0.41904761904761906	0.7597597597597597
F1	0.14035087719298248	0.0784313725490196	0.2802547770700637	0.7452054794520548	0.40340909090909094	0.18320610687022898	0.24637681159420288	0.5736738703339882	0.10256410256410256	0.631578947368421	0.2481751824817518	0.23121387283236994	0.18791946308724833	0.6537102473498234	0.352	0.7270114942528737
Micro-F1	0.7326183431952663
Macro-F1	0.6705507879729032
