Metric	Gout	Venous Insufficiency	Gallstones	Hypertension	Obesity	Asthma	GERD	Hypercholesterolemia	Hypertriglyceridemia	CHF	OSA	OA	PVD	CAD	Depression	Diabetes
Precision	0.19148936170212766	0.10714285714285714	0.3111111111111111	0.7310704960835509	0.44886363636363635	0.2	0.25396825396825395	0.5644444444444444	0.0	0.6721311475409836	0.29508196721311475	0.22772277227722773	0.14754098360655737	0.6419753086419753	0.3472222222222222	0.71875
Recall	0.14754098360655737	0.10344827586206896	0.175	0.7821229050279329	0.4114583333333333	0.1323529411764706	0.17204301075268819	0.5247933884297521	0.0	0.6	0.2727272727272727	0.25274725274725274	0.13846153846153847	0.7647058823529411	0.23809523809523808	0.7597597597597597
F1	0.16666666666666666	0.10526315789473684	0.22399999999999998	0.7557354925775978	0.42934782608695643	0.1592920353982301	0.20512820512820515	0.5438972162740899	0.0	0.634020618556701	0.28346456692913385	0.23958333333333337	0.14285714285714285	0.697986577181208	0.2824858757062147	0.7386861313868612
Micro-F1	0.7454388560157791
Macro-F1	0.6805965443873288
