Metric	Gout	Venous Insufficiency	Gallstones	Hypertension	Obesity	Asthma	GERD	Hypercholesterolemia	Hypertriglyceridemia	CHF	OSA	OA	PVD	CAD	Depression	Diabetes
Precision	0.20930232558139536	0.038461538461538464	0.3617021276595745	0.7361809045226131	0.44886363636363635	0.2631578947368421	0.27450980392156865	0.5316455696202531	0.14285714285714285	0.6804733727810651	0.24242424242424243	0.26262626262626265	0.19402985074626866	0.6854838709677419	0.3559322033898305	0.7146814404432132
Recall	0.14754098360655737	0.034482758620689655	0.2125	0.8184357541899442	0.4114583333333333	0.14705882352941177	0.15053763440860216	0.5206611570247934	0.04	0.5609756097560976	0.24242424242424243	0.2857142857142857	0.2	0.625	0.2	0.7747747747747747
F1	0.17307692307692307	0.03636363636363637	0.2677165354330709	0.7751322751322752	0.42934782608695643	0.18867924528301885	0.19444444444444448	0.5260960334029228	0.0625	0.6149732620320855	0.24242424242424243	0.2736842105263158	0.196969696969697	0.6538461538461537	0.25609756097560976	0.7435158501440922
Micro-F1	0.7486439842209073
Macro-F1	0.6810223657551071
