Metric	Gout	Venous Insufficiency	Gallstones	Hypertension	Obesity	Asthma	GERD	Hypercholesterolemia	Hypertriglyceridemia	CHF	OSA	OA	PVD	CAD	Depression	Diabetes
Precision	0.1780821917808219	0.075	0.18151815181518152	0.7553191489361702	0.4147058823529412	0.145679012345679	0.21851851851851853	0.572289156626506	0.07112970711297072	0.6104651162790697	0.1724137931034483	0.20277777777777778	0.16	0.7945205479452054	0.24079320113314448	0.7619047619047619
Recall	0.639344262295082	0.8275862068965517	0.6875	0.5949720670391061	0.734375	0.8676470588235294	0.6344086021505376	0.3925619834710744	0.68	0.5121951219512195	0.6818181818181818	0.8021978021978022	0.4307692307692308	0.4264705882352941	0.8095238095238095	0.6246246246246246
F1	0.2785714285714285	0.13753581661891118	0.28720626631853785	0.665625	0.5300751879699248	0.24947145877378438	0.325068870523416	0.46568627450980393	0.1287878787878788	0.5570291777188329	0.27522935779816515	0.3237250554323725	0.23333333333333334	0.5550239234449761	0.3711790393013101	0.6864686468646863
Micro-F1	0.5260108481262328
Macro-F1	0.5082178671551697
