Metric	Gout	Venous Insufficiency	Gallstones	Hypertension	Obesity	Asthma	GERD	Hypercholesterolemia	Hypertriglyceridemia	CHF	OSA	OA	PVD	CAD	Depression	Diabetes
Precision	0.18181818181818182	0.10526315789473684	0.27941176470588236	0.7311557788944724	0.4251207729468599	0.20512820512820512	0.25	0.5555555555555556	0.14285714285714285	0.6487804878048781	0.24489795918367346	0.208955223880597	0.18867924528301888	0.677536231884058	0.328125	0.723463687150838
Recall	0.19672131147540983	0.06896551724137931	0.2375	0.8128491620111732	0.4583333333333333	0.11764705882352941	0.16129032258064516	0.5578512396694215	0.04	0.6487804878048781	0.18181818181818182	0.3076923076923077	0.15384615384615385	0.6875	0.2	0.7777777777777778
F1	0.1889763779527559	0.08333333333333333	0.2567567567567568	0.7698412698412699	0.44110275689223055	0.14953271028037382	0.19607843137254902	0.5567010309278351	0.0625	0.6487804878048781	0.20869565217391303	0.2488888888888889	0.16949152542372883	0.6824817518248174	0.24852071005917162	0.7496382054992763
Micro-F1	0.7424802761341222
Macro-F1	0.6801499889120592
