Metric	Gout	Venous Insufficiency	Gallstones	Hypertension	Obesity	Asthma	GERD	Hypercholesterolemia	Hypertriglyceridemia	CHF	OSA	OA	PVD	CAD	Depression	Diabetes
Precision	0.22580645161290322	0.1111111111111111	0.3269230769230769	0.7184466019417476	0.45652173913043476	0.2413793103448276	0.3	0.5581395348837209	0.2	0.6024590163934426	0.38461538461538464	0.25	0.14705882352941177	0.6578947368421053	0.35526315789473684	0.6975476839237057
Recall	0.11475409836065574	0.06896551724137931	0.2125	0.8268156424581006	0.328125	0.20588235294117646	0.1935483870967742	0.5950413223140496	0.12	0.7170731707317073	0.15151515151515152	0.26373626373626374	0.15384615384615385	0.7352941176470589	0.2571428571428571	0.7687687687687688
F1	0.15217391304347827	0.0851063829787234	0.2575757575757576	0.7688311688311689	0.3818181818181817	0.22222222222222224	0.23529411764705882	0.5760000000000001	0.15	0.6547884187082406	0.21739130434782608	0.25668449197860965	0.15037593984962405	0.6944444444444445	0.29834254143646405	0.7314285714285714
Micro-F1	0.7495069033530573
Macro-F1	0.6879038759060558
