Metric	Gout	Venous Insufficiency	Gallstones	Hypertension	Obesity	Asthma	GERD	Hypercholesterolemia	Hypertriglyceridemia	CHF	OSA	OA	PVD	CAD	Depression	Diabetes
Precision	0.20422535211267606	0.08181818181818182	0.18085106382978725	0.7266881028938906	0.4296875	0.21195652173913043	0.228310502283105	0.5548387096774193	0.07142857142857142	0.6446700507614214	0.19444444444444445	0.19047619047619047	0.16080402010050251	0.7142857142857143	0.25102880658436216	0.7118155619596542
Recall	0.47540983606557374	0.3103448275862069	0.6375	0.6312849162011173	0.5729166666666666	0.5735294117647058	0.5376344086021505	0.7107438016528925	0.32	0.6195121951219512	0.5303030303030303	0.5274725274725275	0.49230769230769234	0.6985294117647058	0.580952380952381	0.7417417417417418
F1	0.2857142857142857	0.12949640287769784	0.281767955801105	0.6756352765321375	0.4910714285714286	0.30952380952380953	0.3205128205128205	0.6231884057971014	0.11678832116788321	0.6318407960199005	0.28455284552845533	0.2798833819241982	0.24242424242424243	0.7063197026022305	0.3505747126436782	0.7264705882352942
Micro-F1	0.6268491124260355
Macro-F1	0.5967278077952907
