Metric	Gout	Venous Insufficiency	Gallstones	Hypertension	Obesity	Asthma	GERD	Hypercholesterolemia	Hypertriglyceridemia	CHF	OSA	OA	PVD	CAD	Depression	Diabetes
Precision	0.2	0.06060606060606061	0.2222222222222222	0.7291666666666666	0.44571428571428573	0.1794871794871795	0.2696629213483146	0.5663716814159292	0.09090909090909091	0.6359447004608295	0.275	0.22321428571428573	0.1625	0.6558441558441559	0.26785714285714285	0.6897590361445783
Recall	0.14754098360655737	0.06896551724137931	0.175	0.8798882681564246	0.40625	0.10294117647058823	0.25806451612903225	0.5289256198347108	0.04	0.6731707317073171	0.16666666666666666	0.27472527472527475	0.2	0.7426470588235294	0.14285714285714285	0.6876876876876877
F1	0.16981132075471697	0.06451612903225808	0.19580419580419578	0.7974683544303797	0.4250681198910082	0.13084112149532712	0.26373626373626374	0.547008547008547	0.05555555555555555	0.6540284360189573	0.2075471698113208	0.24630541871921185	0.1793103448275862	0.6965517241379311	0.18633540372670807	0.6887218045112783
Micro-F1	0.7385355029585798
Macro-F1	0.6757754846379138
