Metric	Gout	Venous Insufficiency	Gallstones	Hypertension	Obesity	Asthma	GERD	Hypercholesterolemia	Hypertriglyceridemia	CHF	OSA	OA	PVD	CAD	Depression	Diabetes
Precision	0.23076923076923078	0.13043478260869565	0.2702702702702703	0.7401574803149606	0.4308510638297872	0.19298245614035087	0.21348314606741572	0.5767441860465117	0.0	0.6532663316582915	0.25	0.224	0.21739130434782608	0.6798418972332015	0.379746835443038	0.7027027027027027
Recall	0.14754098360655737	0.10344827586206896	0.25	0.7877094972067039	0.421875	0.16176470588235295	0.20430107526881722	0.512396694214876	0.0	0.6341463414634146	0.22727272727272727	0.3076923076923077	0.15384615384615385	0.6323529411764706	0.2857142857142857	0.7807807807807807
F1	0.18000000000000002	0.11538461538461538	0.25974025974025977	0.7631935047361299	0.4263157894736842	0.176	0.2087912087912088	0.5426695842450765	0.0	0.6435643564356436	0.23809523809523808	0.2592592592592593	0.18018018018018017	0.6552380952380952	0.32608695652173914	0.7396870554765291
Micro-F1	0.7406311637080868
Macro-F1	0.6761365965148027
