Metric	Gout	Venous Insufficiency	Gallstones	Hypertension	Obesity	Asthma	GERD	Hypercholesterolemia	Hypertriglyceridemia	CHF	OSA	OA	PVD	CAD	Depression	Diabetes
Precision	0.1836734693877551	0.07692307692307693	0.2047244094488189	0.7371273712737128	0.5132743362831859	0.19078947368421054	0.21951219512195122	0.5287671232876713	0.0730593607305936	0.5873015873015873	0.21518987341772153	0.19230769230769232	0.16929133858267717	0.6343490304709142	0.26717557251908397	0.7158774373259053
Recall	0.5901639344262295	0.1724137931034483	0.65	0.7597765363128491	0.3020833333333333	0.4264705882352941	0.4838709677419355	0.7975206611570248	0.64	0.7219512195121951	0.25757575757575757	0.38461538461538464	0.6615384615384615	0.8419117647058824	0.3333333333333333	0.7717717717717718
F1	0.28015564202334636	0.10638297872340427	0.311377245508982	0.74828060522696	0.38032786885245895	0.2636363636363636	0.30201342281879195	0.6359143327841845	0.13114754098360656	0.6477024070021883	0.23448275862068965	0.2564102564102564	0.2695924764890282	0.7235387045813587	0.29661016949152536	0.7427745664739883
Micro-F1	0.6423816568047337
Macro-F1	0.6119697259076001
