Metric	Gout	Venous Insufficiency	Gallstones	Hypertension	Obesity	Asthma	GERD	Hypercholesterolemia	Hypertriglyceridemia	CHF	OSA	OA	PVD	CAD	Depression	Diabetes
Precision	0.20454545454545456	0.045454545454545456	0.2962962962962963	0.7246376811594203	0.43646408839779005	0.21428571428571427	0.2391304347826087	0.5632183908045977	0.2857142857142857	0.6218905472636815	0.25	0.23157894736842105	0.17105263157894737	0.6428571428571429	0.30120481927710846	0.6947890818858561
Recall	0.14754098360655737	0.034482758620689655	0.2	0.8379888268156425	0.4114583333333333	0.17647058823529413	0.11827956989247312	0.6074380165289256	0.08	0.6097560975609756	0.21212121212121213	0.24175824175824176	0.2	0.7279411764705882	0.23809523809523808	0.8408408408408409
F1	0.17142857142857143	0.0392156862745098	0.23880597014925375	0.7772020725388601	0.42359249329758714	0.1935483870967742	0.15827338129496404	0.584493041749503	0.125	0.6157635467980295	0.22950819672131145	0.23655913978494625	0.18439716312056736	0.6827586206896552	0.26595744680851063	0.7608695652173912
Micro-F1	0.7430966469428008
Macro-F1	0.6835031560180016
