Metric	Gout	Venous Insufficiency	Gallstones	Hypertension	Obesity	Asthma	GERD	Hypercholesterolemia	Hypertriglyceridemia	CHF	OSA	OA	PVD	CAD	Depression	Diabetes
Precision	0.23404255319148937	0.0	0.3230769230769231	0.7372262773722628	0.4528301886792453	0.1746031746031746	0.208955223880597	0.5560747663551402	0.2	0.6802721088435374	0.2631578947368421	0.22429906542056074	0.16883116883116883	0.6695278969957081	0.3275862068965517	0.6961325966850829
Recall	0.18032786885245902	0.0	0.2625	0.8463687150837989	0.375	0.16176470588235295	0.15053763440860216	0.49173553719008267	0.12	0.4878048780487805	0.22727272727272727	0.26373626373626374	0.2	0.5735294117647058	0.3619047619047619	0.7567567567567568
F1	0.20370370370370372	0.0	0.2896551724137931	0.788036410923277	0.4102564102564103	0.16793893129770993	0.175	0.5219298245614036	0.15	0.5681818181818182	0.24390243902439024	0.24242424242424243	0.18309859154929578	0.6178217821782178	0.3438914027149321	0.725179856115108
Micro-F1	0.7352071005917159
Macro-F1	0.667526672546579
