Metric	Gout	Venous Insufficiency	Gallstones	Hypertension	Obesity	Asthma	GERD	Hypercholesterolemia	Hypertriglyceridemia	CHF	OSA	OA	PVD	CAD	Depression	Diabetes
Precision	0.18604651162790697	0.05263157894736842	0.3333333333333333	0.723404255319149	0.46368715083798884	0.15151515151515152	0.2777777777777778	0.5220883534136547	0.16666666666666666	0.6574585635359116	0.3191489361702128	0.23809523809523808	0.18333333333333332	0.6495176848874598	0.32786885245901637	0.7017994858611826
Recall	0.13114754098360656	0.034482758620689655	0.2	0.8547486033519553	0.4322916666666667	0.07352941176470588	0.16129032258064516	0.5371900826446281	0.04	0.5804878048780487	0.22727272727272727	0.27472527472527475	0.16923076923076924	0.7426470588235294	0.19047619047619047	0.8198198198198198
F1	0.15384615384615383	0.041666666666666664	0.25	0.7836107554417414	0.4474393530997305	0.09900990099009901	0.20408163265306123	0.529531568228106	0.06451612903225806	0.6165803108808291	0.2654867256637168	0.2551020408163266	0.17600000000000002	0.692967409948542	0.24096385542168677	0.7562326869806094
Micro-F1	0.7493836291913215
Macro-F1	0.6871084265367529
