Metric	Gout	Venous Insufficiency	Gallstones	Hypertension	Obesity	Asthma	GERD	Hypercholesterolemia	Hypertriglyceridemia	CHF	OSA	OA	PVD	CAD	Depression	Diabetes
Precision	0.25925925925925924	0.10344827586206896	0.30434782608695654	0.7272727272727273	0.4392523364485981	0.17647058823529413	0.30357142857142855	0.5515873015873016	0.16666666666666666	0.6089108910891089	0.2222222222222222	0.25882352941176473	0.14705882352941177	0.6390728476821192	0.30303030303030304	0.697560975609756
Recall	0.11475409836065574	0.10344827586206896	0.175	0.8491620111731844	0.4895833333333333	0.08823529411764706	0.1827956989247312	0.5743801652892562	0.04	0.6	0.18181818181818182	0.24175824175824176	0.15384615384615385	0.7095588235294118	0.19047619047619047	0.8588588588588588
F1	0.1590909090909091	0.10344827586206896	0.2222222222222222	0.7835051546391754	0.4630541871921182	0.11764705882352942	0.22818791946308725	0.5627530364372471	0.06451612903225806	0.6044226044226044	0.19999999999999998	0.25	0.15037593984962405	0.672473867595819	0.23391812865497075	0.7698519515477792
Micro-F1	0.7470414201183432
Macro-F1	0.6867858195230498
