Metric	Gout	Venous Insufficiency	Gallstones	Hypertension	Obesity	Asthma	GERD	Hypercholesterolemia	Hypertriglyceridemia	CHF	OSA	OA	PVD	CAD	Depression	Diabetes
Precision	0.1891891891891892	0.1	0.2653061224489796	0.7421052631578947	0.45517241379310347	0.2564102564102564	0.21875	0.5661157024793388	0.16666666666666666	0.6595744680851063	0.2631578947368421	0.2153846153846154	0.1568627450980392	0.6388888888888888	0.30357142857142855	0.7049180327868853
Recall	0.11475409836065574	0.06896551724137931	0.1625	0.7877094972067039	0.34375	0.14705882352941177	0.15053763440860216	0.5661157024793388	0.04	0.6048780487804878	0.15151515151515152	0.15384615384615385	0.12307692307692308	0.7610294117647058	0.1619047619047619	0.6456456456456456
F1	0.14285714285714288	0.08163265306122448	0.20155038759689922	0.7642276422764227	0.3916913946587537	0.18691588785046728	0.178343949044586	0.5661157024793388	0.06451612903225806	0.6310432569974553	0.19230769230769232	0.1794871794871795	0.13793103448275862	0.6946308724832214	0.2111801242236025	0.6739811912225706
Micro-F1	0.7485207100591716
Macro-F1	0.6769605027932306
