Metric	Gout	Venous Insufficiency	Gallstones	Hypertension	Obesity	Asthma	GERD	Hypercholesterolemia	Hypertriglyceridemia	CHF	OSA	OA	PVD	CAD	Depression	Diabetes
Precision	0.1650485436893204	0.08333333333333333	0.2857142857142857	0.7397660818713451	0.39819004524886875	0.16666666666666666	0.2345679012345679	0.5606694560669456	0.058823529411764705	0.5991379310344828	0.2125984251968504	0.2125984251968504	0.15053763440860216	0.6792452830188679	0.2987012987012987	0.7151335311572701
Recall	0.2786885245901639	0.13793103448275862	0.225	0.7067039106145251	0.4583333333333333	0.17647058823529413	0.20430107526881722	0.5537190082644629	0.04	0.6780487804878049	0.4090909090909091	0.2967032967032967	0.2153846153846154	0.6617647058823529	0.21904761904761905	0.7237237237237237
F1	0.2073170731707317	0.1038961038961039	0.2517482517482517	0.7228571428571429	0.4261501210653753	0.17142857142857143	0.2183908045977012	0.5571725571725573	0.04761904761904763	0.6361556064073227	0.27979274611398963	0.24770642201834864	0.17721518987341775	0.6703910614525139	0.25274725274725274	0.719402985074627
Micro-F1	0.71215483234714
Macro-F1	0.6515531544372222
