Metric	Gout	Venous Insufficiency	Gallstones	Hypertension	Obesity	Asthma	GERD	Hypercholesterolemia	Hypertriglyceridemia	CHF	OSA	OA	PVD	CAD	Depression	Diabetes
Precision	0.21875	0.043478260869565216	0.28846153846153844	0.7114427860696517	0.45625	0.23076923076923078	0.2318840579710145	0.5402298850574713	0.25	0.616822429906542	0.25	0.2727272727272727	0.20588235294117646	0.6620689655172414	0.3137254901960784	0.6796875
Recall	0.11475409836065574	0.034482758620689655	0.1875	0.7988826815642458	0.3802083333333333	0.1323529411764706	0.17204301075268819	0.5826446280991735	0.08	0.6439024390243903	0.15151515151515152	0.26373626373626374	0.2153846153846154	0.7058823529411765	0.3047619047619048	0.7837837837837838
F1	0.15053763440860216	0.038461538461538464	0.22727272727272727	0.7526315789473683	0.4147727272727273	0.16822429906542055	0.1975308641975309	0.5606361829025845	0.12121212121212122	0.630071599045346	0.18867924528301888	0.2681564245810056	0.2105263157894737	0.6832740213523132	0.30917874396135264	0.7280334728033473
Micro-F1	0.7427268244575936
Macro-F1	0.6798491330994689
