Metric	Gout	Venous Insufficiency	Gallstones	Hypertension	Obesity	Asthma	GERD	Hypercholesterolemia	Hypertriglyceridemia	CHF	OSA	OA	PVD	CAD	Depression	Diabetes
Precision	0.19230769230769232	0.07692307692307693	0.34782608695652173	0.7322834645669292	0.4107142857142857	0.1956521739130435	0.19387755102040816	0.5581395348837209	0.0	0.6763005780346821	0.2682926829268293	0.22549019607843138	0.22727272727272727	0.6776859504132231	0.2920353982300885	0.7016574585635359
Recall	0.08196721311475409	0.06896551724137931	0.2	0.7793296089385475	0.359375	0.1323529411764706	0.20430107526881722	0.49586776859504134	0.0	0.5707317073170731	0.16666666666666666	0.25274725274725274	0.15384615384615385	0.6029411764705882	0.3142857142857143	0.7627627627627628
F1	0.11494252873563218	0.07272727272727274	0.253968253968254	0.7550744248985115	0.3833333333333333	0.15789473684210525	0.19895287958115182	0.525164113785558	0.0	0.6190476190476191	0.20560747663551404	0.2383419689119171	0.1834862385321101	0.6381322957198443	0.30275229357798167	0.7309352517985611
Micro-F1	0.7397682445759369
Macro-F1	0.6695683037320068
