Metric	Gout	Venous Insufficiency	Gallstones	Hypertension	Obesity	Asthma	GERD	Hypercholesterolemia	Hypertriglyceridemia	CHF	OSA	OA	PVD	CAD	Depression	Diabetes
Precision	0.2222222222222222	0.05555555555555555	0.27586206896551724	0.7351485148514851	0.460431654676259	0.23684210526315788	0.2786885245901639	0.5669642857142857	0.1111111111111111	0.6292682926829268	0.22727272727272727	0.26506024096385544	0.20754716981132076	0.6309148264984227	0.2972972972972973	0.6986301369863014
Recall	0.13114754098360656	0.034482758620689655	0.2	0.8296089385474861	0.3333333333333333	0.1323529411764706	0.1827956989247312	0.5247933884297521	0.04	0.6292682926829268	0.15151515151515152	0.24175824175824176	0.16923076923076924	0.7352941176470589	0.20952380952380953	0.7657657657657657
F1	0.16494845360824742	0.0425531914893617	0.2318840579710145	0.7795275590551182	0.3867069486404834	0.169811320754717	0.22077922077922077	0.5450643776824035	0.058823529411764705	0.6292682926829268	0.18181818181818182	0.25287356321839083	0.1864406779661017	0.6791171477079796	0.2458100558659218	0.7306590257879657
Micro-F1	0.7491370808678502
Macro-F1	0.6832827202930636
