Metric	Gout	Venous Insufficiency	Gallstones	Hypertension	Obesity	Asthma	GERD	Hypercholesterolemia	Hypertriglyceridemia	CHF	OSA	OA	PVD	CAD	Depression	Diabetes
Precision	0.24489795918367346	0.17647058823529413	0.29310344827586204	0.738544474393531	0.4591194968553459	0.22033898305084745	0.2328767123287671	0.5690376569037657	0.1111111111111111	0.6255924170616114	0.22916666666666666	0.20491803278688525	0.1917808219178082	0.6548387096774193	0.3291139240506329	0.7517482517482518
Recall	0.19672131147540983	0.10344827586206896	0.2125	0.7653631284916201	0.3802083333333333	0.19117647058823528	0.1827956989247312	0.5619834710743802	0.08	0.6439024390243903	0.16666666666666666	0.27472527472527475	0.2153846153846154	0.7463235294117647	0.24761904761904763	0.6456456456456456
F1	0.21818181818181817	0.13043478260869565	0.2463768115942029	0.7517146776406037	0.4159544159544159	0.2047244094488189	0.20481927710843373	0.5654885654885655	0.09302325581395349	0.6346153846153847	0.19298245614035087	0.2347417840375587	0.20289855072463767	0.697594501718213	0.2826086956521739	0.6946688206785137
Micro-F1	0.7397682445759369
Macro-F1	0.6734815037296134
