Metric	Gout	Venous Insufficiency	Gallstones	Hypertension	Obesity	Asthma	GERD	Hypercholesterolemia	Hypertriglyceridemia	CHF	OSA	OA	PVD	CAD	Depression	Diabetes
Precision	0.14705882352941177	0.09090909090909091	0.3023255813953488	0.7205128205128205	0.430939226519337	0.2631578947368421	0.25	0.5532994923857868	0.125	0.6631578947368421	0.26	0.27906976744186046	0.20270270270270271	0.6678445229681979	0.3333333333333333	0.718475073313783
Recall	0.08196721311475409	0.06896551724137931	0.1625	0.7849162011173184	0.40625	0.14705882352941177	0.11827956989247312	0.45041322314049587	0.04	0.6146341463414634	0.19696969696969696	0.26373626373626374	0.23076923076923078	0.6948529411764706	0.2	0.7357357357357357
F1	0.10526315789473684	0.0784313725490196	0.21138211382113822	0.7513368983957219	0.41823056300268097	0.18867924528301885	0.16058394160583941	0.4965831435079727	0.06060606060606061	0.6379746835443038	0.22413793103448273	0.2711864406779661	0.21582733812949642	0.6810810810810811	0.25	0.7270029673590505
Micro-F1	0.7481508875739645
Macro-F1	0.6781568453699601
