Metric	Gout	Venous Insufficiency	Gallstones	Hypertension	Obesity	Asthma	GERD	Hypercholesterolemia	Hypertriglyceridemia	CHF	OSA	OA	PVD	CAD	Depression	Diabetes
Precision	0.15	0.05263157894736842	0.3157894736842105	0.7386934673366834	0.41317365269461076	0.20454545454545456	0.2542372881355932	0.5628140703517588	0.0	0.6631578947368421	0.24528301886792453	0.21495327102803738	0.17073170731707318	0.6703703703703704	0.34328358208955223	0.7074626865671642
Recall	0.09836065573770492	0.034482758620689655	0.225	0.8212290502793296	0.359375	0.1323529411764706	0.16129032258064516	0.4628099173553719	0.0	0.6146341463414634	0.19696969696969696	0.25274725274725274	0.1076923076923077	0.6654411764705882	0.21904761904761905	0.7117117117117117
F1	0.1188118811881188	0.041666666666666664	0.26277372262773724	0.7777777777777778	0.3844011142061281	0.1607142857142857	0.19736842105263158	0.5079365079365079	0.0	0.6379746835443038	0.21848739495798317	0.23232323232323232	0.1320754716981132	0.6678966789667897	0.26744186046511625	0.7095808383233533
Micro-F1	0.7448224852071006
Macro-F1	0.6743335546613995
