Metric	Gout	Venous Insufficiency	Gallstones	Hypertension	Obesity	Asthma	GERD	Hypercholesterolemia	Hypertriglyceridemia	CHF	OSA	OA	PVD	CAD	Depression	Diabetes
Precision	0.1282051282051282	0.05	0.32075471698113206	0.7423469387755102	0.4563758389261745	0.1794871794871795	0.21568627450980393	0.5669642857142857	0.16666666666666666	0.6157407407407407	0.24489795918367346	0.21621621621621623	0.17307692307692307	0.657439446366782	0.3088235294117647	0.7326388888888888
Recall	0.08196721311475409	0.034482758620689655	0.2125	0.8128491620111732	0.3541666666666667	0.10294117647058823	0.11827956989247312	0.5247933884297521	0.04	0.6487804878048781	0.18181818181818182	0.26373626373626374	0.13846153846153847	0.6985294117647058	0.2	0.6336336336336337
F1	0.1	0.04081632653061224	0.25563909774436094	0.7759999999999999	0.39882697947214074	0.13084112149532712	0.1527777777777778	0.5450643776824035	0.06451612903225806	0.6318289786223278	0.20869565217391303	0.23762376237623764	0.15384615384615385	0.677361853832442	0.24277456647398846	0.679549114331723
Micro-F1	0.7442061143984221
Macro-F1	0.6732117441475725
