Metric	Gout	Venous Insufficiency	Gallstones	Hypertension	Obesity	Asthma	GERD	Hypercholesterolemia	Hypertriglyceridemia	CHF	OSA	OA	PVD	CAD	Depression	Diabetes
Precision	0.20930232558139536	0.09523809523809523	0.2647058823529412	0.7309644670050761	0.4491017964071856	0.1875	0.23809523809523808	0.5841121495327103	0.125	0.6335078534031413	0.22641509433962265	0.23711340206185566	0.171875	0.6765799256505576	0.2923076923076923	0.6870229007633588
Recall	0.14754098360655737	0.06896551724137931	0.225	0.8044692737430168	0.390625	0.17647058823529413	0.16129032258064516	0.5165289256198347	0.04	0.5902439024390244	0.18181818181818182	0.25274725274725274	0.16923076923076924	0.6691176470588235	0.18095238095238095	0.8108108108108109
F1	0.17307692307692307	0.08	0.24324324324324323	0.7659574468085106	0.41782729805013924	0.1818181818181818	0.1923076923076923	0.5482456140350876	0.06060606060606061	0.611111111111111	0.20168067226890757	0.24468085106382978	0.17054263565891473	0.6728280961182994	0.2235294117647059	0.7438016528925621
Micro-F1	0.7419871794871795
Macro-F1	0.6763558462058858
