Metric	Gout	Venous Insufficiency	Gallstones	Hypertension	Obesity	Asthma	GERD	Hypercholesterolemia	Hypertriglyceridemia	CHF	OSA	OA	PVD	CAD	Depression	Diabetes
Precision	0.21621621621621623	0.0684931506849315	0.2978723404255319	0.73	0.4388888888888889	0.2	0.25	0.5700934579439252	0.25	0.6055776892430279	0.2909090909090909	0.2361111111111111	0.16417910447761194	0.6511627906976745	0.3333333333333333	0.6807980049875312
Recall	0.13114754098360656	0.1724137931034483	0.175	0.8156424581005587	0.4114583333333333	0.14705882352941177	0.16129032258064516	0.5041322314049587	0.04	0.7414634146341463	0.24242424242424243	0.18681318681318682	0.16923076923076924	0.7205882352941176	0.2761904761904762	0.8198198198198198
F1	0.16326530612244897	0.09803921568627451	0.22047244094488186	0.7704485488126649	0.42473118279569894	0.16949152542372883	0.19607843137254902	0.5350877192982456	0.06896551724137932	0.6666666666666666	0.2644628099173554	0.20858895705521474	0.16666666666666669	0.6841186736474695	0.3020833333333333	0.7438692098092643
Micro-F1	0.7406311637080868
Macro-F1	0.6801281013295911
