Metric	Gout	Venous Insufficiency	Gallstones	Hypertension	Obesity	Asthma	GERD	Hypercholesterolemia	Hypertriglyceridemia	CHF	OSA	OA	PVD	CAD	Depression	Diabetes
Precision	0.16216216216216217	0.11764705882352941	0.2463768115942029	0.7343358395989975	0.4095744680851064	0.18181818181818182	0.21621621621621623	0.556910569105691	0.0	0.6802325581395349	0.28846153846153844	0.24468085106382978	0.21052631578947367	0.698744769874477	0.32941176470588235	0.7018469656992085
Recall	0.09836065573770492	0.06896551724137931	0.2125	0.8184357541899442	0.4010416666666667	0.11764705882352941	0.08602150537634409	0.5661157024793388	0.0	0.5707317073170731	0.22727272727272727	0.25274725274725274	0.18461538461538463	0.6139705882352942	0.26666666666666666	0.7987987987987988
F1	0.12244897959183673	0.08695652173913043	0.22818791946308725	0.774108322324967	0.4052631578947368	0.14285714285714285	0.12307692307692308	0.5614754098360656	0.0	0.6206896551724137	0.25423728813559315	0.24864864864864866	0.19672131147540983	0.6536203522504893	0.2947368421052632	0.7471910112359551
Micro-F1	0.7461785009861934
Macro-F1	0.6794564614682483
