Metric	Gout	Venous Insufficiency	Gallstones	Hypertension	Obesity	Asthma	GERD	Hypercholesterolemia	Hypertriglyceridemia	CHF	OSA	OA	PVD	CAD	Depression	Diabetes
Precision	0.2	0.05	0.3018867924528302	0.7250608272506083	0.40106951871657753	0.17073170731707318	0.2833333333333333	0.5319148936170213	0.0	0.7133757961783439	0.2653061224489796	0.23232323232323232	0.20454545454545456	0.6692307692307692	0.3090909090909091	0.6888297872340425
Recall	0.13114754098360656	0.034482758620689655	0.2	0.8324022346368715	0.390625	0.10294117647058823	0.1827956989247312	0.6198347107438017	0.0	0.5463414634146342	0.19696969696969696	0.25274725274725274	0.13846153846153847	0.6397058823529411	0.1619047619047619	0.7777777777777778
F1	0.15841584158415845	0.04081632653061224	0.2406015037593985	0.7750325097529258	0.39577836411609496	0.12844036697247704	0.2222222222222222	0.5725190839694657	0.0	0.6187845303867403	0.22608695652173913	0.2421052631578947	0.16513761467889912	0.6541353383458647	0.21250000000000002	0.7306064880112836
Micro-F1	0.7453155818540433
Macro-F1	0.6789585312777761
