Metric	Gout	Venous Insufficiency	Gallstones	Hypertension	Obesity	Asthma	GERD	Hypercholesterolemia	Hypertriglyceridemia	CHF	OSA	OA	PVD	CAD	Depression	Diabetes
Precision	0.16666666666666666	0.038461538461538464	0.2714285714285714	0.7331670822942643	0.4632352941176471	0.14893617021276595	0.2903225806451613	0.5289256198347108	0.125	0.6033057851239669	0.2545454545454545	0.23214285714285715	0.15517241379310345	0.6546762589928058	0.32142857142857145	0.7248322147651006
Recall	0.14754098360655737	0.034482758620689655	0.2375	0.8212290502793296	0.328125	0.10294117647058823	0.1935483870967742	0.5289256198347108	0.04	0.7121951219512195	0.21212121212121213	0.2857142857142857	0.13846153846153847	0.6691176470588235	0.17142857142857143	0.6486486486486487
F1	0.15652173913043477	0.03636363636363637	0.25333333333333335	0.7747035573122529	0.38414634146341464	0.12173913043478263	0.23225806451612904	0.5289256198347108	0.06060606060606061	0.6532438478747203	0.23140495867768593	0.2561576354679803	0.14634146341463414	0.6618181818181819	0.2236024844720497	0.6846275752773376
Micro-F1	0.73767258382643
Macro-F1	0.669604049348274
