Metric	Gout	Venous Insufficiency	Gallstones	Hypertension	Obesity	Asthma	GERD	Hypercholesterolemia	Hypertriglyceridemia	CHF	OSA	OA	PVD	CAD	Depression	Diabetes
Precision	0.16279069767441862	0.0	0.30612244897959184	0.7222222222222222	0.4521276595744681	0.16666666666666666	0.28125	0.5610687022900763	0.16666666666666666	0.6414141414141414	0.26666666666666666	0.19101123595505617	0.18867924528301888	0.6608996539792388	0.32	0.6941489361702128
Recall	0.11475409836065574	0.0	0.1875	0.7988826815642458	0.4427083333333333	0.11764705882352941	0.1935483870967742	0.6074380165289256	0.08	0.6195121951219512	0.24242424242424243	0.18681318681318682	0.15384615384615385	0.7022058823529411	0.22857142857142856	0.7837837837837838
F1	0.1346153846153846	0.0	0.23255813953488372	0.7586206896551724	0.4473684210526316	0.13793103448275862	0.22929936305732485	0.5833333333333333	0.10810810810810811	0.630272952853598	0.253968253968254	0.18888888888888886	0.16949152542372883	0.6809269162210339	0.26666666666666666	0.7362482369534555
Micro-F1	0.7437130177514791
Macro-F1	0.6806415267960837
