Metric	Gout	Venous Insufficiency	Gallstones	Hypertension	Obesity	Asthma	GERD	Hypercholesterolemia	Hypertriglyceridemia	CHF	OSA	OA	PVD	CAD	Depression	Diabetes
Precision	0.19117647058823528	0.09375	0.25	0.7277777777777777	0.453416149068323	0.25675675675675674	0.2535211267605634	0.5399239543726235	0.05555555555555555	0.5983263598326359	0.21568627450980393	0.22772277227722773	0.16666666666666666	0.6416184971098265	0.2638888888888889	0.7050147492625368
Recall	0.21311475409836064	0.10344827586206896	0.25	0.7318435754189944	0.3802083333333333	0.27941176470588236	0.1935483870967742	0.5867768595041323	0.04	0.697560975609756	0.16666666666666666	0.25274725274725274	0.15384615384615385	0.8161764705882353	0.18095238095238095	0.7177177177177178
F1	0.2015503875968992	0.09836065573770493	0.25	0.7298050139275766	0.4135977337110482	0.26760563380281693	0.2195121951219512	0.5623762376237624	0.046511627906976744	0.6441441441441441	0.18803418803418803	0.23958333333333337	0.16	0.7184466019417475	0.21468926553672318	0.7113095238095237
Micro-F1	0.7307692307692306
Macro-F1	0.6695308827676976
