Metric	Gout	Venous Insufficiency	Gallstones	Hypertension	Obesity	Asthma	GERD	Hypercholesterolemia	Hypertriglyceridemia	CHF	OSA	OA	PVD	CAD	Depression	Diabetes
Precision	0.21818181818181817	0.08695652173913043	0.23376623376623376	0.7421052631578947	0.4530386740331492	0.22972972972972974	0.25	0.5640138408304498	0.13793103448275862	0.625	0.3333333333333333	0.23529411764705882	0.1875	0.7076923076923077	0.35135135135135137	0.7166212534059946
Recall	0.19672131147540983	0.13793103448275862	0.225	0.7877094972067039	0.4270833333333333	0.25	0.2903225806451613	0.6735537190082644	0.16	0.7317073170731707	0.30303030303030304	0.3076923076923077	0.3230769230769231	0.6764705882352942	0.24761904761904763	0.7897897897897898
F1	0.20689655172413796	0.10666666666666666	0.22929936305732482	0.7642276422764227	0.4396782841823056	0.23943661971830987	0.2686567164179105	0.6139359698681731	0.14814814814814817	0.6741573033707865	0.31746031746031744	0.26666666666666666	0.23728813559322037	0.6917293233082707	0.2905027932960894	0.7514285714285716
Micro-F1	0.7344674556213018
Macro-F1	0.6796357025788364
