Metric	Gout	Venous Insufficiency	Gallstones	Hypertension	Obesity	Asthma	GERD	Hypercholesterolemia	Hypertriglyceridemia	CHF	OSA	OA	PVD	CAD	Depression	Diabetes
Precision	0.19047619047619047	0.04	0.3148148148148148	0.7334963325183375	0.44	0.14705882352941177	0.27692307692307694	0.5596707818930041	0.3	0.5943396226415094	0.2545454545454545	0.21875	0.2127659574468085	0.6451612903225806	0.3125	0.6862244897959183
Recall	0.13114754098360656	0.034482758620689655	0.2125	0.8379888268156425	0.4010416666666667	0.14705882352941177	0.1935483870967742	0.5619834710743802	0.12	0.6146341463414634	0.21212121212121213	0.3076923076923077	0.15384615384615385	0.6617647058823529	0.23809523809523808	0.8078078078078078
F1	0.1553398058252427	0.03703703703703704	0.2537313432835821	0.7822685788787485	0.41961852861035426	0.14705882352941177	0.2278481012658228	0.5608247422680412	0.17142857142857143	0.60431654676259	0.23140495867768593	0.25570776255707767	0.1785714285714286	0.6533575317604355	0.27027027027027023	0.7420689655172413
Micro-F1	0.7380424063116371
Macro-F1	0.6762919940858221
