Metric	Gout	Venous Insufficiency	Gallstones	Hypertension	Obesity	Asthma	GERD	Hypercholesterolemia	Hypertriglyceridemia	CHF	OSA	OA	PVD	CAD	Depression	Diabetes
Precision	0.20754716981132076	0.05555555555555555	0.328125	0.735	0.40969162995594716	0.2222222222222222	0.2153846153846154	0.5514950166112956	0.1111111111111111	0.6368159203980099	0.28846153846153844	0.22330097087378642	0.16363636363636364	0.6666666666666666	0.32142857142857145	0.6994818652849741
Recall	0.18032786885245902	0.034482758620689655	0.2625	0.8212290502793296	0.484375	0.17647058823529413	0.15053763440860216	0.6859504132231405	0.04	0.624390243902439	0.22727272727272727	0.25274725274725274	0.13846153846153847	0.625	0.2571428571428571	0.8108108108108109
F1	0.19298245614035087	0.0425531914893617	0.2916666666666667	0.7757255936675461	0.4439140811455847	0.19672131147540983	0.17721518987341775	0.6114180478821363	0.058823529411764705	0.6305418719211824	0.25423728813559315	0.23711340206185566	0.15000000000000002	0.6451612903225806	0.2857142857142857	0.7510431154381085
Micro-F1	0.7408777120315582
Macro-F1	0.681606401130033
