Metric	Gout	Venous Insufficiency	Gallstones	Hypertension	Obesity	Asthma	GERD	Hypercholesterolemia	Hypertriglyceridemia	CHF	OSA	OA	PVD	CAD	Depression	Diabetes
Precision	0.21052631578947367	0.0975609756097561	0.2072072072072072	0.75	0.5111111111111111	0.23893805309734514	0.2542372881355932	0.5766129032258065	0.15217391304347827	0.6497695852534562	0.24705882352941178	0.21212121212121213	0.18181818181818182	0.6866197183098591	0.28688524590163933	0.7692307692307693
Recall	0.39344262295081966	0.13793103448275862	0.2875	0.7039106145251397	0.359375	0.39705882352941174	0.3225806451612903	0.5909090909090909	0.28	0.6878048780487804	0.3181818181818182	0.3076923076923077	0.3076923076923077	0.7169117647058824	0.3333333333333333	0.6606606606606606
F1	0.2742857142857143	0.1142857142857143	0.24083769633507854	0.7262247838616714	0.4220183486238532	0.2983425414364641	0.28436018957345977	0.5836734693877552	0.1971830985915493	0.6682464454976303	0.27814569536423844	0.25112107623318386	0.2285714285714286	0.7014388489208633	0.30837004405286345	0.7108239095315024
Micro-F1	0.715853057199211
Macro-F1	0.6583082404262116
