Metric	Gout	Venous Insufficiency	Gallstones	Hypertension	Obesity	Asthma	GERD	Hypercholesterolemia	Hypertriglyceridemia	CHF	OSA	OA	PVD	CAD	Depression	Diabetes
Precision	0.18518518518518517	0.0	0.3181818181818182	0.7465181058495822	0.4236111111111111	0.22727272727272727	0.3333333333333333	0.5604838709677419	0.16666666666666666	0.6772486772486772	0.2765957446808511	0.24096385542168675	0.21951219512195122	0.6964285714285714	0.2807017543859649	0.7089337175792507
Recall	0.08196721311475409	0.0	0.175	0.7486033519553073	0.3177083333333333	0.14705882352941177	0.17204301075268819	0.5743801652892562	0.04	0.624390243902439	0.19696969696969696	0.21978021978021978	0.13846153846153847	0.5735294117647058	0.1523809523809524	0.7387387387387387
F1	0.11363636363636363	0.0	0.22580645161290322	0.7475592747559274	0.3630952380952381	0.17857142857142858	0.22695035460992907	0.5673469387755101	0.06451612903225806	0.649746192893401	0.23008849557522124	0.22988505747126436	0.16981132075471697	0.6290322580645161	0.19753086419753088	0.723529411764706
Micro-F1	0.752465483234714
Macro-F1	0.6780503447170114
