Metric	Gout	Venous Insufficiency	Gallstones	Hypertension	Obesity	Asthma	GERD	Hypercholesterolemia	Hypertriglyceridemia	CHF	OSA	OA	PVD	CAD	Depression	Diabetes
Precision	0.20454545454545456	0.10714285714285714	0.2702702702702703	0.7286432160804021	0.435	0.20930232558139536	0.19047619047619047	0.5660377358490566	0.0	0.6555555555555556	0.3103448275862069	0.24444444444444444	0.23255813953488372	0.6560283687943262	0.3157894736842105	0.7142857142857143
Recall	0.14754098360655737	0.10344827586206896	0.25	0.8100558659217877	0.453125	0.1323529411764706	0.08602150537634409	0.49586776859504134	0.0	0.5756097560975609	0.13636363636363635	0.24175824175824176	0.15384615384615385	0.6801470588235294	0.22857142857142856	0.7207207207207207
F1	0.17142857142857143	0.10526315789473684	0.25974025974025977	0.7671957671957672	0.44387755102040816	0.16216216216216217	0.11851851851851851	0.5286343612334802	0.0	0.612987012987013	0.18947368421052632	0.2430939226519337	0.18518518518518517	0.6678700361010831	0.26519337016574585	0.7174887892376682
Micro-F1	0.746301775147929
Macro-F1	0.6775383031161151
