Metric	Gout	Venous Insufficiency	Gallstones	Hypertension	Obesity	Asthma	GERD	Hypercholesterolemia	Hypertriglyceridemia	CHF	OSA	OA	PVD	CAD	Depression	Diabetes
Precision	0.17105263157894737	0.09722222222222222	0.20833333333333334	0.7553956834532374	0.448	0.19811320754716982	0.22	0.56	0.07777777777777778	0.5515151515151515	0.21008403361344538	0.18181818181818182	0.16964285714285715	0.6567164179104478	0.275	0.728125
Recall	0.4262295081967213	0.2413793103448276	0.375	0.5865921787709497	0.2916666666666667	0.3088235294117647	0.23655913978494625	0.5785123966942148	0.28	0.8878048780487805	0.3787878787878788	0.3076923076923077	0.5846153846153846	0.8088235294117647	0.20952380952380953	0.6996996996996997
F1	0.24413145539906103	0.1386138613861386	0.26785714285714285	0.660377358490566	0.35331230283911674	0.24137931034482757	0.227979274611399	0.5691056910569106	0.12173913043478261	0.6803738317757009	0.27027027027027023	0.2285714285714286	0.26297577854671284	0.7248764415156508	0.23783783783783782	0.7136294027565084
Micro-F1	0.6757889546351085
Macro-F1	0.6264555141100652
