Metric	Gout	Venous Insufficiency	Gallstones	Hypertension	Obesity	Asthma	GERD	Hypercholesterolemia	Hypertriglyceridemia	CHF	OSA	OA	PVD	CAD	Depression	Diabetes
Precision	0.19047619047619047	0.125	0.29411764705882354	0.7339901477832512	0.42857142857142855	0.1702127659574468	0.25	0.5679611650485437	0.14285714285714285	0.6458333333333334	0.24489795918367346	0.27710843373493976	0.25	0.6766917293233082	0.3037974683544304	0.6914600550964187
Recall	0.13114754098360656	0.10344827586206896	0.1875	0.8324022346368715	0.375	0.11764705882352941	0.13978494623655913	0.4834710743801653	0.04	0.6048780487804878	0.18181818181818182	0.25274725274725274	0.2153846153846154	0.6617647058823529	0.22857142857142856	0.7537537537537538
F1	0.1553398058252427	0.11320754716981132	0.22900763358778625	0.7801047120418848	0.39999999999999997	0.1391304347826087	0.1793103448275862	0.5223214285714286	0.0625	0.6246851385390428	0.20869565217391303	0.26436781609195403	0.23140495867768596	0.6691449814126393	0.2608695652173913	0.7212643678160919
Micro-F1	0.7472879684418146
Macro-F1	0.6792553329375008
