Metric	Gout	Venous Insufficiency	Gallstones	Hypertension	Obesity	Asthma	GERD	Hypercholesterolemia	Hypertriglyceridemia	CHF	OSA	OA	PVD	CAD	Depression	Diabetes
Precision	0.15555555555555556	0.08	0.3333333333333333	0.7352941176470589	0.46794871794871795	0.16216216216216217	0.2631578947368421	0.5294117647058824	0.25	0.6359447004608295	0.2597402597402597	0.2066115702479339	0.21818181818181817	0.6546762589928058	0.2962962962962963	0.7005988023952096
Recall	0.11475409836065574	0.06896551724137931	0.175	0.7681564245810056	0.3802083333333333	0.08823529411764706	0.21505376344086022	0.5206611570247934	0.04	0.6731707317073171	0.30303030303030304	0.27472527472527475	0.18461538461538463	0.6691176470588235	0.1523809523809524	0.7027027027027027
F1	0.1320754716981132	0.07407407407407408	0.22950819672131145	0.7513661202185793	0.41954022988505746	0.1142857142857143	0.2366863905325444	0.525	0.06896551724137932	0.6540284360189573	0.2797202797202797	0.23584905660377362	0.2	0.6618181818181819	0.20125786163522014	0.7016491754122939
Micro-F1	0.7391518737672582
Macro-F1	0.670909674719417
