Metric	Gout	Venous Insufficiency	Gallstones	Hypertension	Obesity	Asthma	GERD	Hypercholesterolemia	Hypertriglyceridemia	CHF	OSA	OA	PVD	CAD	Depression	Diabetes
Precision	0.19298245614035087	0.0	0.3469387755102041	0.7264150943396226	0.46710526315789475	0.23076923076923078	0.25	0.5555555555555556	0.2	0.6595744680851063	0.3125	0.2619047619047619	0.21428571428571427	0.6413793103448275	0.3064516129032258	0.7142857142857143
Recall	0.18032786885245902	0.0	0.2125	0.8603351955307262	0.3697916666666667	0.1323529411764706	0.10752688172043011	0.5371900826446281	0.08	0.6048780487804878	0.22727272727272727	0.24175824175824176	0.18461538461538463	0.6838235294117647	0.18095238095238095	0.6756756756756757
F1	0.18644067796610167	0.0	0.26356589147286824	0.7877237851662403	0.41279069767441867	0.16822429906542055	0.15037593984962405	0.5462184873949579	0.11428571428571428	0.6310432569974553	0.2631578947368421	0.25142857142857145	0.1983471074380165	0.6619217081850534	0.22754491017964074	0.6944444444444444
Micro-F1	0.7506163708086785
Macro-F1	0.6820534172197197
