Metric	Gout	Venous Insufficiency	Gallstones	Hypertension	Obesity	Asthma	GERD	Hypercholesterolemia	Hypertriglyceridemia	CHF	OSA	OA	PVD	CAD	Depression	Diabetes
Precision	0.19047619047619047	0.15	0.35	0.7263681592039801	0.4444444444444444	0.24390243902439024	0.25	0.5485232067510548	0.0	0.6912751677852349	0.2982456140350877	0.2159090909090909	0.17142857142857143	0.684	0.29545454545454547	0.7005347593582888
Recall	0.13114754098360656	0.10344827586206896	0.175	0.8156424581005587	0.375	0.14705882352941177	0.13978494623655913	0.5371900826446281	0.0	0.5024390243902439	0.25757575757575757	0.2087912087912088	0.09230769230769231	0.6286764705882353	0.24761904761904763	0.7867867867867868
F1	0.1553398058252427	0.12244897959183673	0.23333333333333334	0.768421052631579	0.4067796610169491	0.18348623853211007	0.1793103448275862	0.5427974947807933	0.0	0.5819209039548022	0.2764227642276422	0.2122905027932961	0.12	0.6551724137931035	0.2694300518134715	0.7411598302687413
Micro-F1	0.7493836291913215
Macro-F1	0.6795437514300274
