Metric	Gout	Venous Insufficiency	Gallstones	Hypertension	Obesity	Asthma	GERD	Hypercholesterolemia	Hypertriglyceridemia	CHF	OSA	OA	PVD	CAD	Depression	Diabetes
Precision	0.1956521739130435	0.11764705882352941	0.23157894736842105	0.7346938775510204	0.4396135265700483	0.1509433962264151	0.26744186046511625	0.5517241379310345	0.0	0.6830601092896175	0.24528301886792453	0.2119205298013245	0.18333333333333332	0.6312292358803987	0.3225806451612903	0.69164265129683
Recall	0.14754098360655737	0.06896551724137931	0.275	0.8044692737430168	0.4739583333333333	0.11764705882352941	0.24731182795698925	0.6611570247933884	0.0	0.6097560975609756	0.19696969696969696	0.3516483516483517	0.16923076923076924	0.6985294117647058	0.19047619047619047	0.7207207207207207
F1	0.16822429906542055	0.08695652173913043	0.25142857142857145	0.7680000000000001	0.45614035087719296	0.1322314049586777	0.25698324022346364	0.6015037593984963	0.0	0.6443298969072165	0.21848739495798317	0.2644628099173553	0.17600000000000002	0.6631762652705061	0.23952095808383234	0.7058823529411765
Micro-F1	0.7326183431952663
Macro-F1	0.6725240647406288
