Metric	Gout	Venous Insufficiency	Gallstones	Hypertension	Obesity	Asthma	GERD	Hypercholesterolemia	Hypertriglyceridemia	CHF	OSA	OA	PVD	CAD	Depression	Diabetes
Precision	0.1951219512195122	0.08928571428571429	0.2857142857142857	0.7375	0.4647887323943662	0.16176470588235295	0.2698412698412698	0.5480427046263345	0.21428571428571427	0.6395939086294417	0.2830188679245283	0.24793388429752067	0.19811320754716982	0.6371681415929203	0.29850746268656714	0.6923076923076923
Recall	0.26229508196721313	0.1724137931034483	0.225	0.8240223463687151	0.34375	0.16176470588235295	0.1827956989247312	0.6363636363636364	0.12	0.6146341463414634	0.22727272727272727	0.32967032967032966	0.3230769230769231	0.7941176470588235	0.19047619047619047	0.7027027027027027
F1	0.2237762237762238	0.11764705882352941	0.2517482517482517	0.7783641160949868	0.3952095808383233	0.16176470588235295	0.21794871794871795	0.5889101338432121	0.15384615384615383	0.6268656716417911	0.25210084033613445	0.2830188679245283	0.24561403508771934	0.7070376432078559	0.23255813953488372	0.6974664679582712
Micro-F1	0.7311390532544378
Macro-F1	0.6723142082815698
