Metric	Gout	Venous Insufficiency	Gallstones	Hypertension	Obesity	Asthma	GERD	Hypercholesterolemia	Hypertriglyceridemia	CHF	OSA	OA	PVD	CAD	Depression	Diabetes
Precision	0.18181818181818182	0.06060606060606061	0.358974358974359	0.7214854111405835	0.46107784431137727	0.17647058823529413	0.3	0.6066666666666667	0.1	0.6684210526315789	0.28846153846153844	0.22972972972972974	0.1836734693877551	0.6496598639455783	0.3448275862068966	0.7191358024691358
Recall	0.13114754098360656	0.06896551724137931	0.175	0.7597765363128491	0.4010416666666667	0.1323529411764706	0.12903225806451613	0.3760330578512397	0.04	0.6195121951219512	0.22727272727272727	0.18681318681318682	0.13846153846153847	0.7022058823529411	0.19047619047619047	0.6996996996996997
F1	0.15238095238095242	0.06451612903225808	0.23529411764705882	0.7401360544217687	0.42896935933147634	0.15126050420168066	0.18045112781954886	0.46428571428571436	0.05714285714285714	0.6430379746835443	0.25423728813559315	0.20606060606060608	0.15789473684210525	0.6749116607773851	0.24539877300613497	0.7092846270928462
Micro-F1	0.7483974358974359
Macro-F1	0.6740117268493153
