Metric	Gout	Venous Insufficiency	Gallstones	Hypertension	Obesity	Asthma	GERD	Hypercholesterolemia	Hypertriglyceridemia	CHF	OSA	OA	PVD	CAD	Depression	Diabetes
Precision	0.16666666666666666	0.08	0.23943661971830985	0.7270642201834863	0.4277456647398844	0.21621621621621623	0.26785714285714285	0.5477178423236515	0.1111111111111111	0.6613756613756614	0.20754716981132076	0.25806451612903225	0.18867924528301888	0.6415770609318996	0.32857142857142857	0.7
Recall	0.08196721311475409	0.06896551724137931	0.2125	0.8854748603351955	0.3854166666666667	0.11764705882352941	0.16129032258064516	0.5454545454545454	0.04	0.6097560975609756	0.16666666666666666	0.26373626373626374	0.15384615384615385	0.6580882352941176	0.21904761904761905	0.7987987987987988
F1	0.10989010989010987	0.07407407407407408	0.22516556291390727	0.7984886649874054	0.4054794520547946	0.15238095238095237	0.20134228187919462	0.546583850931677	0.058823529411764705	0.6345177664974619	0.18487394957983191	0.26086956521739135	0.16949152542372883	0.6497277676950999	0.2628571428571428	0.7461430575035063
Micro-F1	0.7458086785009862
Macro-F1	0.6820765618917867
