Metric	Gout	Venous Insufficiency	Gallstones	Hypertension	Obesity	Asthma	GERD	Hypercholesterolemia	Hypertriglyceridemia	CHF	OSA	OA	PVD	CAD	Depression	Diabetes
Precision	0.18604651162790697	0.1	0.22972972972972974	0.7369727047146402	0.4358974358974359	0.1791044776119403	0.27848101265822783	0.5601503759398496	0.1111111111111111	0.6372093023255814	0.25	0.2153846153846154	0.1643835616438356	0.6677740863787376	0.2727272727272727	0.6866028708133971
Recall	0.13114754098360656	0.10344827586206896	0.2125	0.8296089385474861	0.4427083333333333	0.17647058823529413	0.23655913978494625	0.6157024793388429	0.08	0.6682926829268293	0.30303030303030304	0.3076923076923077	0.18461538461538463	0.7389705882352942	0.14285714285714285	0.8618618618618619
F1	0.15384615384615383	0.10169491525423728	0.22077922077922077	0.7805519053876477	0.43927648578811374	0.17777777777777778	0.2558139534883721	0.5866141732283464	0.09302325581395349	0.6523809523809523	0.27397260273972607	0.25339366515837103	0.17391304347826086	0.7015706806282723	0.18749999999999997	0.7643142476697736
Micro-F1	0.7359467455621301
Macro-F1	0.680473372781065
