Metric	Gout	Venous Insufficiency	Gallstones	Hypertension	Obesity	Asthma	GERD	Hypercholesterolemia	Hypertriglyceridemia	CHF	OSA	OA	PVD	CAD	Depression	Diabetes
Precision	0.2222222222222222	0.045454545454545456	0.2909090909090909	0.7350835322195705	0.4536082474226804	0.2647058823529412	0.24561403508771928	0.5276752767527675	0.125	0.6559139784946236	0.2807017543859649	0.23809523809523808	0.18571428571428572	0.645367412140575	0.31666666666666665	0.7007672634271099
Recall	0.09836065573770492	0.034482758620689655	0.2	0.8603351955307262	0.4583333333333333	0.1323529411764706	0.15053763440860216	0.5909090909090909	0.04	0.5951219512195122	0.24242424242424243	0.21978021978021978	0.2	0.7426470588235294	0.18095238095238095	0.8228228228228228
F1	0.13636363636363638	0.0392156862745098	0.23703703703703705	0.7927927927927928	0.4559585492227979	0.17647058823529413	0.1866666666666667	0.557504873294347	0.06060606060606061	0.6240409207161125	0.26016260162601623	0.22857142857142856	0.1925925925925926	0.6905982905982906	0.2303030303030303	0.7569060773480663
Micro-F1	0.7498767258382643
Macro-F1	0.6894206265789253
