Metric	Gout	Venous Insufficiency	Gallstones	Hypertension	Obesity	Asthma	GERD	Hypercholesterolemia	Hypertriglyceridemia	CHF	OSA	OA	PVD	CAD	Depression	Diabetes
Precision	0.16666666666666666	0.06666666666666667	0.37209302325581395	0.7422434367541766	0.4594594594594595	0.23076923076923078	0.2033898305084746	0.5431654676258992	0.14285714285714285	0.631578947368421	0.3023255813953488	0.23232323232323232	0.19736842105263158	0.6594427244582043	0.29411764705882354	0.7015706806282722
Recall	0.14754098360655737	0.034482758620689655	0.2	0.8687150837988827	0.3541666666666667	0.08823529411764706	0.12903225806451613	0.6239669421487604	0.16	0.6439024390243903	0.19696969696969696	0.25274725274725274	0.23076923076923078	0.7830882352941176	0.14285714285714285	0.8048048048048048
F1	0.15652173913043477	0.045454545454545456	0.2601626016260163	0.8005148005148005	0.4000000000000001	0.12765957446808512	0.15789473684210528	0.5807692307692307	0.15094339622641512	0.6376811594202899	0.2385321100917431	0.2421052631578947	0.21276595744680854	0.7159663865546217	0.1923076923076923	0.7496503496503496
Micro-F1	0.7504930966469427
Macro-F1	0.6903949209546374
