Metric	Gout	Venous Insufficiency	Gallstones	Hypertension	Obesity	Asthma	GERD	Hypercholesterolemia	Hypertriglyceridemia	CHF	OSA	OA	PVD	CAD	Depression	Diabetes
Precision	0.20754716981132076	0.0	0.2857142857142857	0.7256410256410256	0.44505494505494503	0.15789473684210525	0.22580645161290322	0.5518672199170125	0.13333333333333333	0.6593406593406593	0.30952380952380953	0.25	0.19047619047619047	0.6702508960573477	0.30952380952380953	0.704
Recall	0.18032786885245902	0.0	0.2	0.7905027932960894	0.421875	0.08823529411764706	0.15053763440860216	0.5495867768595041	0.08	0.5853658536585366	0.19696969696969696	0.23076923076923078	0.18461538461538463	0.6875	0.24761904761904763	0.7927927927927928
F1	0.19298245614035087	0.0	0.23529411764705882	0.7566844919786097	0.43315508021390375	0.11320754716981131	0.1806451612903226	0.5507246376811594	0.1	0.6201550387596899	0.24074074074074073	0.24000000000000002	0.1875	0.6787658802177858	0.2751322751322752	0.7457627118644067
Micro-F1	0.7448224852071006
Macro-F1	0.6794205260791368
