Metric	Gout	Venous Insufficiency	Gallstones	Hypertension	Obesity	Asthma	GERD	Hypercholesterolemia	Hypertriglyceridemia	CHF	OSA	OA	PVD	CAD	Depression	Diabetes
Precision	0.16226415094339622	0.08064516129032258	0.17592592592592593	0.7699115044247787	0.4659090909090909	0.18012422360248448	0.25806451612903225	0.5625	0.07627118644067797	0.60625	0.20179372197309417	0.1925925925925926	0.1728395061728395	0.7065637065637066	0.25	0.7607142857142857
Recall	0.7049180327868853	0.3448275862068966	0.2375	0.4860335195530726	0.4270833333333333	0.4264705882352941	0.43010752688172044	0.371900826446281	0.36	0.47317073170731705	0.6818181818181818	0.5714285714285714	0.6461538461538462	0.6727941176470589	0.5333333333333333	0.6396396396396397
F1	0.2638036809815951	0.13071895424836602	0.2021276595744681	0.5958904109589042	0.44565217391304346	0.25327510917030566	0.32258064516129026	0.4477611940298507	0.1258741258741259	0.5315068493150684	0.31141868512110726	0.28808864265927975	0.2727272727272727	0.6892655367231638	0.3404255319148936	0.6949429037520392
Micro-F1	0.6216715976331361
Macro-F1	0.5755125853214789
