Metric	Gout	Venous Insufficiency	Gallstones	Hypertension	Obesity	Asthma	GERD	Hypercholesterolemia	Hypertriglyceridemia	CHF	OSA	OA	PVD	CAD	Depression	Diabetes
Precision	0.2	0.06382978723404255	0.20833333333333334	0.7533875338753387	0.45	0.24528301886792453	0.2246376811594203	0.6008583690987125	0.125	0.6170212765957447	0.23148148148148148	0.2011173184357542	0.1951219512195122	0.694980694980695	0.3076923076923077	0.7358490566037735
Recall	0.3114754098360656	0.10344827586206896	0.3125	0.776536312849162	0.515625	0.38235294117647056	0.3333333333333333	0.5785123966942148	0.12	0.7073170731707317	0.3787878787878788	0.3956043956043956	0.24615384615384617	0.6617647058823529	0.34285714285714286	0.7027027027027027
F1	0.24358974358974356	0.07894736842105263	0.25	0.7647867950481431	0.48058252427184467	0.2988505747126437	0.26839826839826836	0.5894736842105263	0.12244897959183673	0.6590909090909092	0.28735632183908044	0.2666666666666667	0.217687074829932	0.6779661016949153	0.3243243243243243	0.7188940092165897
Micro-F1	0.7111686390532544
Macro-F1	0.6588403968572576
