Metric	Gout	Venous Insufficiency	Gallstones	Hypertension	Obesity	Asthma	GERD	Hypercholesterolemia	Hypertriglyceridemia	CHF	OSA	OA	PVD	CAD	Depression	Diabetes
Precision	0.18	0.15151515151515152	0.3	0.7356608478802993	0.43478260869565216	0.17777777777777778	0.2777777777777778	0.5560538116591929	0.0	0.6632124352331606	0.2222222222222222	0.23076923076923078	0.18333333333333332	0.6712328767123288	0.323943661971831	0.721763085399449
Recall	0.14754098360655737	0.1724137931034483	0.1875	0.8240223463687151	0.3645833333333333	0.11764705882352941	0.10752688172043011	0.512396694214876	0.0	0.624390243902439	0.15151515151515152	0.23076923076923078	0.16923076923076924	0.7205882352941176	0.21904761904761905	0.7867867867867868
F1	0.16216216216216217	0.16129032258064518	0.23076923076923075	0.77733860342556	0.3966005665722379	0.1415929203539823	0.15503875968992248	0.5333333333333334	0.0	0.6432160804020101	0.1801801801801802	0.23076923076923078	0.17600000000000002	0.6950354609929077	0.26136363636363635	0.7528735632183907
Micro-F1	0.7492603550295858
Macro-F1	0.6832133856458438
