Metric	Gout	Venous Insufficiency	Gallstones	Hypertension	Obesity	Asthma	GERD	Hypercholesterolemia	Hypertriglyceridemia	CHF	OSA	OA	PVD	CAD	Depression	Diabetes
Precision	0.13953488372093023	0.19047619047619047	0.2698412698412698	0.7205128205128205	0.4460431654676259	0.21951219512195122	0.23255813953488372	0.5625	0.09090909090909091	0.6075949367088608	0.2037037037037037	0.25274725274725274	0.2	0.6369230769230769	0.32954545454545453	0.7067039106145251
Recall	0.09836065573770492	0.13793103448275862	0.2125	0.7849162011173184	0.3229166666666667	0.1323529411764706	0.10752688172043011	0.4834710743801653	0.04	0.7024390243902439	0.16666666666666666	0.25274725274725274	0.2	0.7610294117647058	0.2761904761904762	0.7597597597597597
F1	0.11538461538461538	0.16	0.2377622377622378	0.7513368983957219	0.3746223564954683	0.1651376146788991	0.14705882352941177	0.52	0.05555555555555555	0.65158371040724	0.18333333333333332	0.25274725274725274	0.20000000000000004	0.6934673366834171	0.300518134715026	0.732272069464544
Micro-F1	0.7426035502958581
Macro-F1	0.6772637894972231
