Metric	Gout	Venous Insufficiency	Gallstones	Hypertension	Obesity	Asthma	GERD	Hypercholesterolemia	Hypertriglyceridemia	CHF	OSA	OA	PVD	CAD	Depression	Diabetes
Precision	0.21153846153846154	0.08333333333333333	0.3541666666666667	0.7486338797814208	0.4397905759162304	0.20588235294117646	0.3225806451612903	0.5460122699386503	0.125	0.6363636363636364	0.24390243902439024	0.29850746268656714	0.25	0.6794871794871795	0.296875	0.6923076923076923
Recall	0.18032786885245902	0.06896551724137931	0.2125	0.7653631284916201	0.4375	0.10294117647058823	0.10752688172043011	0.3677685950413223	0.04	0.6829268292682927	0.15151515151515152	0.21978021978021978	0.2	0.5845588235294118	0.18095238095238095	0.8378378378378378
F1	0.19469026548672566	0.07547169811320754	0.265625	0.7569060773480663	0.4386422976501305	0.1372549019607843	0.16129032258064516	0.43950617283950616	0.06060606060606061	0.6588235294117647	0.1869158878504673	0.2531645569620253	0.22222222222222224	0.6284584980237153	0.22485207100591714	0.7581521739130435
Micro-F1	0.7518491124260355
Macro-F1	0.6807117444096249
