Metric	Gout	Venous Insufficiency	Gallstones	Hypertension	Obesity	Asthma	GERD	Hypercholesterolemia	Hypertriglyceridemia	CHF	OSA	OA	PVD	CAD	Depression	Diabetes
Precision	0.1891891891891892	0.0	0.3137254901960784	0.7416879795396419	0.43870967741935485	0.24390243902439024	0.21649484536082475	0.5419847328244275	0.125	0.70625	0.23684210526315788	0.25	0.2222222222222222	0.6525974025974026	0.31746031746031744	0.6826666666666666
Recall	0.11475409836065574	0.0	0.2	0.8100558659217877	0.3541666666666667	0.14705882352941177	0.22580645161290322	0.5867768595041323	0.04	0.551219512195122	0.13636363636363635	0.2857142857142857	0.18461538461538463	0.7389705882352942	0.19047619047619047	0.7687687687687688
F1	0.14285714285714288	0.0	0.24427480916030536	0.774365821094793	0.3919308357348703	0.18348623853211007	0.22105263157894736	0.5634920634920635	0.06060606060606061	0.6191780821917808	0.17307692307692307	0.26666666666666666	0.20168067226890757	0.6931034482758621	0.23809523809523808	0.7231638418079096
Micro-F1	0.7454388560157791
Macro-F1	0.6802396015421772
