Metric	Gout	Venous Insufficiency	Gallstones	Hypertension	Obesity	Asthma	GERD	Hypercholesterolemia	Hypertriglyceridemia	CHF	OSA	OA	PVD	CAD	Depression	Diabetes
Precision	0.20192307692307693	0.07317073170731707	0.2608695652173913	0.7412790697674418	0.45918367346938777	0.22535211267605634	0.2441860465116279	0.5671641791044776	0.15625	0.64	0.23595505617977527	0.1986754966887417	0.13978494623655913	0.6782334384858044	0.28776978417266186	0.7417218543046358
Recall	0.3442622950819672	0.10344827586206896	0.3	0.7122905027932961	0.46875	0.23529411764705882	0.22580645161290322	0.628099173553719	0.2	0.7024390243902439	0.3181818181818182	0.32967032967032966	0.2	0.7904411764705882	0.38095238095238093	0.6726726726726727
F1	0.2545454545454546	0.0857142857142857	0.27906976744186046	0.7264957264957266	0.4639175257731959	0.2302158273381295	0.23463687150837986	0.596078431372549	0.17543859649122806	0.6697674418604651	0.2709677419354839	0.24793388429752064	0.16455696202531644	0.7300509337860782	0.32786885245901637	0.705511811023622
Micro-F1	0.7180719921104537
Macro-F1	0.6630914479337136
