Metric	Gout	Venous Insufficiency	Gallstones	Hypertension	Obesity	Asthma	GERD	Hypercholesterolemia	Hypertriglyceridemia	CHF	OSA	OA	PVD	CAD	Depression	Diabetes
Precision	0.20588235294117646	0.047619047619047616	0.2535211267605634	0.7384615384615385	0.45454545454545453	0.1590909090909091	0.25	0.569672131147541	0.14285714285714285	0.6544502617801047	0.3	0.19327731092436976	0.2153846153846154	0.67003367003367	0.3380281690140845	0.6976127320954907
Recall	0.11475409836065574	0.034482758620689655	0.225	0.8044692737430168	0.3385416666666667	0.10294117647058823	0.20430107526881722	0.5743801652892562	0.04	0.6097560975609756	0.2727272727272727	0.25274725274725274	0.2153846153846154	0.7316176470588235	0.22857142857142856	0.7897897897897898
F1	0.1473684210526316	0.04	0.2384105960264901	0.770053475935829	0.3880597014925374	0.125	0.22485207100591714	0.5720164609053497	0.0625	0.6313131313131314	0.28571428571428564	0.21904761904761905	0.21538461538461537	0.6994727592267136	0.27272727272727276	0.7408450704225352
Micro-F1	0.7444526627218935
Macro-F1	0.6810397509723436
