Metric	Gout	Venous Insufficiency	Gallstones	Hypertension	Obesity	Asthma	GERD	Hypercholesterolemia	Hypertriglyceridemia	CHF	OSA	OA	PVD	CAD	Depression	Diabetes
Precision	0.2	0.0	0.2857142857142857	0.7292682926829268	0.4482758620689655	0.14705882352941177	0.24242424242424243	0.5265306122448979	0.0	0.5833333333333334	0.2777777777777778	0.20212765957446807	0.1694915254237288	0.6470588235294118	0.24324324324324326	0.7103064066852368
Recall	0.11475409836065574	0.0	0.225	0.835195530726257	0.3385416666666667	0.07352941176470588	0.08602150537634409	0.5330578512396694	0.0	0.6487804878048781	0.22727272727272727	0.2087912087912088	0.15384615384615385	0.6875	0.08571428571428572	0.7657657657657657
F1	0.14583333333333334	0.0	0.2517482517482517	0.7786458333333333	0.3857566765578635	0.09803921568627452	0.12698412698412698	0.5297741273100617	0.0	0.6143187066974596	0.25	0.2054054054054054	0.16129032258064516	0.6666666666666667	0.1267605633802817	0.7369942196531791
Micro-F1	0.7442061143984221
Macro-F1	0.6761354705908962
