Metric	Gout	Venous Insufficiency	Gallstones	Hypertension	Obesity	Asthma	GERD	Hypercholesterolemia	Hypertriglyceridemia	CHF	OSA	OA	PVD	CAD	Depression	Diabetes
Precision	0.21212121212121213	0.06666666666666667	0.2692307692307692	0.7401960784313726	0.4391891891891892	0.19444444444444445	0.26666666666666666	0.5601659751037344	0.14285714285714285	0.6363636363636364	0.28125	0.22764227642276422	0.1875	0.6514084507042254	0.34782608695652173	0.7371428571428571
Recall	0.11475409836065574	0.034482758620689655	0.175	0.8435754189944135	0.3385416666666667	0.10294117647058823	0.08602150537634409	0.5578512396694215	0.08	0.6487804878048781	0.13636363636363635	0.3076923076923077	0.18461538461538463	0.6801470588235294	0.22857142857142856	0.7747747747747747
F1	0.14893617021276598	0.045454545454545456	0.2121212121212121	0.7885117493472585	0.3823529411764706	0.1346153846153846	0.13008130081300814	0.5590062111801243	0.10256410256410256	0.642512077294686	0.18367346938775508	0.2616822429906542	0.18604651162790697	0.6654676258992805	0.27586206896551724	0.7554904831625182
Micro-F1	0.7518491124260355
Macro-F1	0.6858123866503489
