Metric	Gout	Venous Insufficiency	Gallstones	Hypertension	Obesity	Asthma	GERD	Hypercholesterolemia	Hypertriglyceridemia	CHF	OSA	OA	PVD	CAD	Depression	Diabetes
Precision	0.18333333333333332	0.08333333333333333	0.3191489361702128	0.739454094292804	0.44785276073619634	0.2	0.22	0.5687203791469194	0.2	0.6190476190476191	0.24444444444444444	0.24358974358974358	0.1896551724137931	0.6589403973509934	0.3142857142857143	0.6991643454038997
Recall	0.18032786885245902	0.06896551724137931	0.1875	0.8324022346368715	0.3802083333333333	0.10294117647058823	0.11827956989247312	0.49586776859504134	0.04	0.6341463414634146	0.16666666666666666	0.2087912087912088	0.16923076923076924	0.7316176470588235	0.20952380952380953	0.7537537537537538
F1	0.18181818181818182	0.07547169811320754	0.23622047244094488	0.7831800262812089	0.4112676056338028	0.13592233009708737	0.15384615384615385	0.5298013245033112	0.06666666666666667	0.6265060240963854	0.1981981981981982	0.22485207100591717	0.17886178861788618	0.6933797909407665	0.25142857142857145	0.7254335260115605
Micro-F1	0.7481508875739645
Macro-F1	0.6816757949237933
