Metric	Gout	Venous Insufficiency	Gallstones	Hypertension	Obesity	Asthma	GERD	Hypercholesterolemia	Hypertriglyceridemia	CHF	OSA	OA	PVD	CAD	Depression	Diabetes
Precision	0.16666666666666666	0.09523809523809523	0.3157894736842105	0.7285318559556787	0.4155251141552511	0.20408163265306123	0.23076923076923078	0.5362318840579711	0.125	0.6257309941520468	0.25555555555555554	0.20689655172413793	0.18072289156626506	0.6511627906976745	0.3188405797101449	0.6932367149758454
Recall	0.09836065573770492	0.06896551724137931	0.225	0.7346368715083799	0.4739583333333333	0.14705882352941177	0.16129032258064516	0.6115702479338843	0.04	0.5219512195121951	0.3484848484848485	0.1978021978021978	0.23076923076923078	0.7205882352941176	0.20952380952380953	0.8618618618618619
F1	0.12371134020618557	0.08	0.26277372262773724	0.7315716272600835	0.4428223844282238	0.17094017094017094	0.189873417721519	0.5714285714285715	0.06060606060606061	0.5691489361702128	0.2948717948717949	0.20224719101123595	0.20270270270270274	0.6841186736474695	0.2528735632183908	0.7684069611780455
Micro-F1	0.7352071005917159
Macro-F1	0.6737834832661551
