Metric	Gout	Venous Insufficiency	Gallstones	Hypertension	Obesity	Asthma	GERD	Hypercholesterolemia	Hypertriglyceridemia	CHF	OSA	OA	PVD	CAD	Depression	Diabetes
Precision	0.1746031746031746	0.10344827586206896	0.24324324324324326	0.7343358395989975	0.4418604651162791	0.2413793103448276	0.25	0.5643153526970954	0.16666666666666666	0.6341463414634146	0.3188405797101449	0.2222222222222222	0.1368421052631579	0.6863468634686347	0.3333333333333333	0.7147058823529412
Recall	0.18032786885245902	0.10344827586206896	0.225	0.8184357541899442	0.3958333333333333	0.20588235294117646	0.3225806451612903	0.5619834710743802	0.08	0.6341463414634146	0.3333333333333333	0.32967032967032966	0.2	0.6838235294117647	0.3238095238095238	0.7297297297297297
F1	0.1774193548387097	0.10344827586206896	0.23376623376623376	0.774108322324967	0.4175824175824176	0.22222222222222224	0.28169014084507044	0.5631469979296065	0.10810810810810811	0.6341463414634146	0.3259259259259259	0.2654867256637168	0.1625	0.6850828729281768	0.3285024154589372	0.7221396731054978
Micro-F1	0.730276134122288
Macro-F1	0.6710529349384087
