Metric	Gout	Venous Insufficiency	Gallstones	Hypertension	Obesity	Asthma	GERD	Hypercholesterolemia	Hypertriglyceridemia	CHF	OSA	OA	PVD	CAD	Depression	Diabetes
Precision	0.20930232558139536	0.2222222222222222	0.25609756097560976	0.7288557213930348	0.44808743169398907	0.24324324324324326	0.22857142857142856	0.5729166666666666	0.0	0.6318181818181818	0.2631578947368421	0.226890756302521	0.16666666666666666	0.67003367003367	0.2857142857142857	0.7177914110429447
Recall	0.14754098360655737	0.13793103448275862	0.2625	0.8184357541899442	0.4270833333333333	0.2647058823529412	0.08602150537634409	0.45454545454545453	0.0	0.6780487804878049	0.30303030303030304	0.2967032967032967	0.1076923076923077	0.7316176470588235	0.20952380952380953	0.7027027027027027
F1	0.17307692307692307	0.1702127659574468	0.2592592592592593	0.7710526315789473	0.4373333333333333	0.25352112676056343	0.125	0.5069124423963134	0.0	0.6541176470588236	0.28169014084507044	0.2571428571428572	0.1308411214953271	0.6994727592267136	0.24175824175824173	0.7101669195751137
Micro-F1	0.742233727810651
Macro-F1	0.6774716374769
