Metric	Gout	Venous Insufficiency	Gallstones	Hypertension	Obesity	Asthma	GERD	Hypercholesterolemia	Hypertriglyceridemia	CHF	OSA	OA	PVD	CAD	Depression	Diabetes
Precision	0.1875	0.09090909090909091	0.3333333333333333	0.7319587628865979	0.42105263157894735	0.25	0.2727272727272727	0.5707317073170731	0.0	0.6359223300970874	0.2682926829268293	0.21739130434782608	0.2236842105263158	0.6747967479674797	0.3	0.711864406779661
Recall	0.09836065573770492	0.06896551724137931	0.2	0.7932960893854749	0.4166666666666667	0.1323529411764706	0.12903225806451613	0.4834710743801653	0.0	0.6390243902439025	0.16666666666666666	0.21978021978021978	0.26153846153846155	0.6102941176470589	0.22857142857142856	0.7567567567567568
F1	0.12903225806451613	0.0784313725490196	0.25	0.7613941018766757	0.41884816753926696	0.1730769230769231	0.1751824817518248	0.5234899328859061	0.0	0.6374695863746959	0.20560747663551404	0.21857923497267762	0.24113475177304966	0.640926640926641	0.2594594594594594	0.7336244541484717
Micro-F1	0.7469181459566074
Macro-F1	0.6774325843809793
