Metric	Gout	Venous Insufficiency	Gallstones	Hypertension	Obesity	Asthma	GERD	Hypercholesterolemia	Hypertriglyceridemia	CHF	OSA	OA	PVD	CAD	Depression	Diabetes
Precision	0.17647058823529413	0.0	0.2727272727272727	0.7239709443099274	0.44666666666666666	0.1590909090909091	0.23684210526315788	0.5448028673835126	0.1111111111111111	0.5990338164251208	0.23728813559322035	0.30120481927710846	0.16363636363636364	0.6795366795366795	0.2911392405063291	0.7014084507042253
Recall	0.09836065573770492	0.0	0.15	0.835195530726257	0.3489583333333333	0.10294117647058823	0.0967741935483871	0.628099173553719	0.04	0.6048780487804878	0.21212121212121213	0.27472527472527475	0.13846153846153847	0.6470588235294118	0.21904761904761905	0.7477477477477478
F1	0.1263157894736842	0.0	0.19354838709677416	0.775616083009079	0.391812865497076	0.125	0.13740458015267173	0.5834932821497122	0.058823529411764705	0.6019417475728155	0.224	0.28735632183908044	0.15000000000000002	0.6629001883239172	0.25	0.7238372093023255
Micro-F1	0.7448224852071006
Macro-F1	0.6779725609756098
