Metric	Gout	Venous Insufficiency	Gallstones	Hypertension	Obesity	Asthma	GERD	Hypercholesterolemia	Hypertriglyceridemia	CHF	OSA	OA	PVD	CAD	Depression	Diabetes
Precision	0.19148936170212766	0.05	0.2653061224489796	0.7275064267352185	0.4303030303030303	0.22641509433962265	0.2676056338028169	0.53125	0.14285714285714285	0.6395939086294417	0.2857142857142857	0.22448979591836735	0.16666666666666666	0.6806083650190115	0.3333333333333333	0.7222222222222222
Recall	0.14754098360655737	0.034482758620689655	0.1625	0.7905027932960894	0.3697916666666667	0.17647058823529413	0.20430107526881722	0.5619834710743802	0.04	0.6146341463414634	0.24242424242424243	0.24175824175824176	0.13846153846153847	0.6580882352941176	0.20952380952380953	0.7027027027027027
F1	0.16666666666666666	0.04081632653061224	0.20155038759689922	0.7576974564926372	0.39775910364145667	0.19834710743801656	0.23170731707317072	0.5461847389558234	0.0625	0.6268656716417911	0.26229508196721313	0.23280423280423282	0.15126050420168066	0.6691588785046729	0.2573099415204679	0.7123287671232876
Micro-F1	0.7418639053254439
Macro-F1	0.6734967400664289
