Metric	Gout	Venous Insufficiency	Gallstones	Hypertension	Obesity	Asthma	GERD	Hypercholesterolemia	Hypertriglyceridemia	CHF	OSA	OA	PVD	CAD	Depression	Diabetes
Precision	0.1951219512195122	0.13793103448275862	0.2835820895522388	0.7354497354497355	0.42857142857142855	0.21568627450980393	0.30612244897959184	0.5609756097560976	0.2	0.6685714285714286	0.2777777777777778	0.23008849557522124	0.2	0.671280276816609	0.3157894736842105	0.7077363896848138
Recall	0.13114754098360656	0.13793103448275862	0.2375	0.776536312849162	0.34375	0.16176470588235295	0.16129032258064516	0.5702479338842975	0.04	0.5707317073170731	0.22727272727272727	0.2857142857142857	0.16923076923076924	0.7132352941176471	0.22857142857142856	0.7417417417417418
F1	0.15686274509803924	0.13793103448275862	0.2585034013605442	0.7554347826086956	0.3815028901734104	0.18487394957983194	0.21126760563380284	0.5655737704918032	0.06666666666666667	0.6157894736842104	0.25	0.2549019607843137	0.18333333333333335	0.6916221033868092	0.26519337016574585	0.7243401759530792
Micro-F1	0.745069033530572
Macro-F1	0.6782836985978554
