Metric	Gout	Venous Insufficiency	Gallstones	Hypertension	Obesity	Asthma	GERD	Hypercholesterolemia	Hypertriglyceridemia	CHF	OSA	OA	PVD	CAD	Depression	Diabetes
Precision	0.20408163265306123	0.0	0.2978723404255319	0.7349081364829396	0.4409937888198758	0.25	0.2653061224489796	0.5763546798029556	0.2	0.6481481481481481	0.2692307692307692	0.27586206896551724	0.25	0.6877323420074349	0.3125	0.7231270358306189
Recall	0.16393442622950818	0.0	0.175	0.7821229050279329	0.3697916666666667	0.14705882352941177	0.13978494623655913	0.4834710743801653	0.04	0.6829268292682927	0.21212121212121213	0.26373626373626374	0.16923076923076924	0.6801470588235294	0.14285714285714285	0.6666666666666666
F1	0.18181818181818182	0.0	0.22047244094488186	0.7577807848443844	0.4022662889518414	0.18518518518518517	0.18309859154929578	0.5258426966292136	0.06666666666666667	0.665083135391924	0.23728813559322037	0.2696629213483146	0.2018348623853211	0.6839186691312384	0.196078431372549	0.69375
Micro-F1	0.7525887573964497
Macro-F1	0.6806082620819655
