Metric	Gout	Venous Insufficiency	Gallstones	Hypertension	Obesity	Asthma	GERD	Hypercholesterolemia	Hypertriglyceridemia	CHF	OSA	OA	PVD	CAD	Depression	Diabetes
Precision	0.15384615384615385	0.10526315789473684	0.2857142857142857	0.7199017199017199	0.44370860927152317	0.25	0.2777777777777778	0.5588235294117647	0.0	0.6684782608695652	0.23404255319148937	0.2248062015503876	0.15555555555555556	0.6619217081850534	0.3142857142857143	0.7173252279635258
Recall	0.13114754098360656	0.06896551724137931	0.2	0.8184357541899442	0.3489583333333333	0.11764705882352941	0.21505376344086022	0.47107438016528924	0.0	0.6	0.16666666666666666	0.31868131868131866	0.2153846153846154	0.6838235294117647	0.20952380952380953	0.7087087087087087
F1	0.1415929203539823	0.08333333333333333	0.23529411764705882	0.7660130718954249	0.39067055393586003	0.15999999999999998	0.24242424242424243	0.5112107623318385	0.0	0.6323907455012854	0.1946902654867257	0.26363636363636367	0.18064516129032257	0.6726943942133815	0.25142857142857145	0.7129909365558913
Micro-F1	0.7390285996055228
Macro-F1	0.6706141264887415
