Metric	Gout	Venous Insufficiency	Gallstones	Hypertension	Obesity	Asthma	GERD	Hypercholesterolemia	Hypertriglyceridemia	CHF	OSA	OA	PVD	CAD	Depression	Diabetes
Precision	0.18518518518518517	0.09090909090909091	0.2602739726027397	0.7336683417085427	0.39823008849557523	0.2926829268292683	0.17647058823529413	0.539622641509434	0.0	0.654054054054054	0.2682926829268293	0.24561403508771928	0.175	0.6344410876132931	0.3333333333333333	0.7010869565217391
Recall	0.08196721311475409	0.10344827586206896	0.2375	0.8156424581005587	0.46875	0.17647058823529413	0.0967741935483871	0.5909090909090909	0.0	0.5902439024390244	0.3333333333333333	0.3076923076923077	0.2153846153846154	0.7720588235294118	0.18095238095238095	0.7747747747747747
F1	0.11363636363636363	0.0967741935483871	0.24836601307189543	0.7724867724867726	0.430622009569378	0.22018348623853212	0.125	0.5641025641025641	0.0	0.6205128205128204	0.2972972972972973	0.2731707317073171	0.19310344827586207	0.6965174129353234	0.2345679012345679	0.7360912981455063
Micro-F1	0.7369329388560157
Macro-F1	0.6772646462236009
