Metric	Gout	Venous Insufficiency	Gallstones	Hypertension	Obesity	Asthma	GERD	Hypercholesterolemia	Hypertriglyceridemia	CHF	OSA	OA	PVD	CAD	Depression	Diabetes
Precision	0.1891891891891892	0.07407407407407407	0.2777777777777778	0.7325	0.4357142857142857	0.21052631578947367	0.2073170731707317	0.5606694560669456	0.1111111111111111	0.7142857142857143	0.2682926829268293	0.21551724137931033	0.12987012987012986	0.6795366795366795	0.3225806451612903	0.7366548042704626
Recall	0.11475409836065574	0.06896551724137931	0.25	0.8184357541899442	0.3177083333333333	0.11764705882352941	0.1827956989247312	0.5537190082644629	0.04	0.5365853658536586	0.16666666666666666	0.27472527472527475	0.15384615384615385	0.6470588235294118	0.19047619047619047	0.6216216216216216
F1	0.14285714285714288	0.07142857142857142	0.2631578947368421	0.7730870712401056	0.3674698795180723	0.1509433962264151	0.19428571428571426	0.5571725571725573	0.058823529411764705	0.6128133704735376	0.20560747663551404	0.24154589371980675	0.14084507042253522	0.6629001883239172	0.23952095808383234	0.6742671009771986
Micro-F1	0.7392751479289941
Macro-F1	0.6663234320402733
