Metric	Gout	Venous Insufficiency	Gallstones	Hypertension	Obesity	Asthma	GERD	Hypercholesterolemia	Hypertriglyceridemia	CHF	OSA	OA	PVD	CAD	Depression	Diabetes
Precision	0.18309859154929578	0.0	0.2289156626506024	0.7444444444444445	0.4413793103448276	0.225	0.22580645161290322	0.5588235294117647	0.16666666666666666	0.6630434782608695	0.23636363636363636	0.2222222222222222	0.16666666666666666	0.6907630522088354	0.3108108108108108	0.7223796033994334
Recall	0.21311475409836064	0.0	0.2375	0.7486033519553073	0.3333333333333333	0.1323529411764706	0.15053763440860216	0.47107438016528924	0.08	0.5951219512195122	0.19696969696969696	0.2857142857142857	0.2	0.6323529411764706	0.21904761904761905	0.7657657657657657
F1	0.196969696969697	0.0	0.23312883435582818	0.7465181058495822	0.3798219584569733	0.16666666666666669	0.1806451612903226	0.5112107623318385	0.10810810810810811	0.6272493573264781	0.21487603305785122	0.25	0.1818181818181818	0.6602687140115163	0.25698324022346364	0.7434402332361516
Micro-F1	0.7363165680473372
Macro-F1	0.6661463959488805
