Metric	Gout	Venous Insufficiency	Gallstones	Hypertension	Obesity	Asthma	GERD	Hypercholesterolemia	Hypertriglyceridemia	CHF	OSA	OA	PVD	CAD	Depression	Diabetes
Precision	0.15517241379310345	0.12903225806451613	0.3333333333333333	0.7279596977329975	0.43147208121827413	0.19230769230769232	0.20588235294117646	0.6086956521739131	0.05555555555555555	0.6214953271028038	0.2564102564102564	0.23134328358208955	0.21875	0.6654135338345865	0.3620689655172414	0.7195121951219512
Recall	0.14754098360655737	0.13793103448275862	0.1875	0.8072625698324022	0.4427083333333333	0.14705882352941177	0.07526881720430108	0.4049586776859504	0.04	0.6487804878048781	0.15151515151515152	0.34065934065934067	0.3230769230769231	0.6507352941176471	0.2	0.7087087087087087
F1	0.15126050420168066	0.13333333333333333	0.24000000000000005	0.7655629139072848	0.4370179948586118	0.16666666666666669	0.11023622047244096	0.4863523573200993	0.046511627906976744	0.6348448687350835	0.1904761904761905	0.27555555555555555	0.2608695652173913	0.6579925650557621	0.25766871165644173	0.7140695915279879
Micro-F1	0.7387820512820513
Macro-F1	0.6702093780348901
