Metric	Gout	Venous Insufficiency	Gallstones	Hypertension	Obesity	Asthma	GERD	Hypercholesterolemia	Hypertriglyceridemia	CHF	OSA	OA	PVD	CAD	Depression	Diabetes
Precision	0.2857142857142857	0.0	0.29310344827586204	0.7322834645669292	0.42196531791907516	0.14893617021276595	0.2857142857142857	0.5530973451327433	0.1	0.6208530805687204	0.25925925925925924	0.26506024096385544	0.16923076923076924	0.6480836236933798	0.3287671232876712	0.699724517906336
Recall	0.13114754098360656	0.0	0.2125	0.7793296089385475	0.3802083333333333	0.10294117647058823	0.1935483870967742	0.5165289256198347	0.04	0.6390243902439025	0.21212121212121213	0.24175824175824176	0.16923076923076924	0.6838235294117647	0.22857142857142856	0.7627627627627628
F1	0.1797752808988764	0.0	0.2463768115942029	0.7550744248985115	0.39999999999999997	0.12173913043478263	0.23076923076923075	0.5341880341880341	0.05714285714285714	0.6298076923076923	0.23333333333333334	0.25287356321839083	0.16923076923076924	0.6654740608228981	0.26966292134831465	0.7298850574712643
Micro-F1	0.7423570019723866
Macro-F1	0.6755039770384834
