Metric	Gout	Venous Insufficiency	Gallstones	Hypertension	Obesity	Asthma	GERD	Hypercholesterolemia	Hypertriglyceridemia	CHF	OSA	OA	PVD	CAD	Depression	Diabetes
Precision	0.22727272727272727	0.09523809523809523	0.3076923076923077	0.7331536388140162	0.4514285714285714	0.20967741935483872	0.23529411764705882	0.5590909090909091	0.16666666666666666	0.616822429906542	0.2631578947368421	0.24347826086956523	0.18461538461538463	0.68	0.3064516129032258	0.6977401129943502
Recall	0.16393442622950818	0.06896551724137931	0.2	0.7597765363128491	0.4114583333333333	0.19117647058823528	0.17204301075268819	0.5082644628099173	0.04	0.6439024390243903	0.22727272727272727	0.3076923076923077	0.18461538461538463	0.6875	0.18095238095238095	0.7417417417417418
F1	0.1904761904761905	0.08	0.24242424242424246	0.7462277091906722	0.43051771117166204	0.19999999999999998	0.19875776397515527	0.5324675324675325	0.06451612903225806	0.630071599045346	0.24390243902439024	0.27184466019417475	0.18461538461538463	0.6837294332723949	0.22754491017964074	0.7190684133915575
Micro-F1	0.7408777120315582
Macro-F1	0.674373571898842
