Metric	Gout	Venous Insufficiency	Gallstones	Hypertension	Obesity	Asthma	GERD	Hypercholesterolemia	Hypertriglyceridemia	CHF	OSA	OA	PVD	CAD	Depression	Diabetes
Precision	0.19444444444444445	0.08	0.2465753424657534	0.7304785894206549	0.41968911917098445	0.2	0.19230769230769232	0.5434782608695652	0.14285714285714285	0.6649746192893401	0.275	0.2571428571428571	0.2	0.6702127659574468	0.30097087378640774	0.7155425219941349
Recall	0.11475409836065574	0.06896551724137931	0.225	0.8100558659217877	0.421875	0.20588235294117646	0.16129032258064516	0.6198347107438017	0.12	0.6390243902439025	0.16666666666666666	0.1978021978021978	0.18461538461538463	0.6948529411764706	0.29523809523809524	0.7327327327327328
F1	0.14432989690721648	0.07407407407407408	0.23529411764705885	0.7682119205298014	0.4207792207792208	0.20289855072463767	0.17543859649122806	0.5791505791505791	0.13043478260869565	0.6517412935323383	0.2075471698113208	0.2236024844720497	0.192	0.6823104693140793	0.2980769230769231	0.7240356083086054
Micro-F1	0.7392751479289941
Macro-F1	0.6768664295999427
