Metric	Gout	Venous Insufficiency	Gallstones	Hypertension	Obesity	Asthma	GERD	Hypercholesterolemia	Hypertriglyceridemia	CHF	OSA	OA	PVD	CAD	Depression	Diabetes
Precision	0.1784037558685446	0.06796116504854369	0.16272189349112426	0.7692307692307693	0.42134831460674155	0.1711229946524064	0.22167487684729065	0.5255972696245734	0.06367041198501873	0.5670103092783505	0.15789473684210525	0.22807017543859648	0.14124293785310735	0.5850515463917526	0.24017467248908297	0.7658536585365854
Recall	0.6229508196721312	0.4827586206896552	0.6875	0.4748603351955307	0.390625	0.47058823529411764	0.4838709677419355	0.6363636363636364	0.68	0.5365853658536586	0.4090909090909091	0.42857142857142855	0.7692307692307693	0.8345588235294118	0.5238095238095238	0.47147147147147145
F1	0.2773722627737226	0.11914893617021276	0.2631578947368421	0.5872193436960277	0.4054054054054054	0.25098039215686274	0.30405405405405406	0.5757009345794393	0.11643835616438357	0.5513784461152882	0.2278481012658228	0.29770992366412213	0.2386634844868735	0.6878787878787879	0.32934131736526945	0.5836431226765799
Micro-F1	0.5595414201183432
Macro-F1	0.530760932160478
