Metric	Gout	Venous Insufficiency	Gallstones	Hypertension	Obesity	Asthma	GERD	Hypercholesterolemia	Hypertriglyceridemia	CHF	OSA	OA	PVD	CAD	Depression	Diabetes
Precision	0.20930232558139536	0.10526315789473684	0.3170731707317073	0.7315789473684211	0.4271356783919598	0.1702127659574468	0.29310344827586204	0.5564853556485355	0.1	0.6613756613756614	0.358974358974359	0.22448979591836735	0.24074074074074073	0.6765799256505576	0.2857142857142857	0.7052023121387283
Recall	0.14754098360655737	0.06896551724137931	0.1625	0.776536312849162	0.4427083333333333	0.11764705882352941	0.1827956989247312	0.5495867768595041	0.04	0.6097560975609756	0.21212121212121213	0.24175824175824176	0.2	0.6691176470588235	0.19047619047619047	0.7327327327327328
F1	0.17307692307692307	0.08333333333333333	0.21487603305785125	0.7533875338753389	0.43478260869565216	0.1391304347826087	0.22516556291390727	0.5530145530145529	0.05714285714285714	0.6345177664974619	0.26666666666666666	0.23280423280423282	0.2184873949579832	0.6728280961182994	0.22857142857142854	0.7187039764359352
Micro-F1	0.7467948717948718
Macro-F1	0.6790913538885303
