Metric	Gout	Venous Insufficiency	Gallstones	Hypertension	Obesity	Asthma	GERD	Hypercholesterolemia	Hypertriglyceridemia	CHF	OSA	OA	PVD	CAD	Depression	Diabetes
Precision	0.19642857142857142	0.1111111111111111	0.22807017543859648	0.7352185089974294	0.47770700636942676	0.20408163265306123	0.2777777777777778	0.5546558704453441	0.2	0.6211453744493393	0.23076923076923078	0.20967741935483872	0.19047619047619047	0.6446540880503144	0.28	0.696
Recall	0.18032786885245902	0.06896551724137931	0.1625	0.7988826815642458	0.390625	0.14705882352941177	0.16129032258064516	0.5661157024793388	0.08	0.6878048780487804	0.22727272727272727	0.2857142857142857	0.24615384615384617	0.7536764705882353	0.2	0.7837837837837838
F1	0.18803418803418803	0.0851063829787234	0.18978102189781018	0.7657295850066935	0.42979942693409745	0.17094017094017094	0.20408163265306123	0.5603271983640081	0.11428571428571428	0.6527777777777778	0.22900763358778628	0.24186046511627904	0.21476510067114093	0.6949152542372881	0.23333333333333334	0.7372881355932204
Micro-F1	0.7389053254437871
Macro-F1	0.678254743533996
