Metric	Gout	Venous Insufficiency	Gallstones	Hypertension	Obesity	Asthma	GERD	Hypercholesterolemia	Hypertriglyceridemia	CHF	OSA	OA	PVD	CAD	Depression	Diabetes
Precision	0.22448979591836735	0.0625	0.21568627450980393	0.7355371900826446	0.46629213483146065	0.24509803921568626	0.22131147540983606	0.550314465408805	0.12903225806451613	0.6490384615384616	0.22826086956521738	0.2064516129032258	0.16129032258064516	0.6731391585760518	0.2631578947368421	0.7258064516129032
Recall	0.36065573770491804	0.10344827586206896	0.275	0.7458100558659218	0.4322916666666667	0.36764705882352944	0.2903225806451613	0.7231404958677686	0.16	0.6585365853658537	0.3181818181818182	0.3516483516483517	0.3076923076923077	0.7647058823529411	0.3333333333333333	0.6756756756756757
F1	0.2767295597484277	0.07792207792207793	0.24175824175824176	0.740638002773925	0.4486486486486487	0.2941176470588235	0.25116279069767444	0.625	0.14285714285714285	0.6537530266343826	0.2658227848101266	0.26016260162601623	0.21164021164021166	0.7160068846815834	0.29411764705882354	0.6998444790046656
Micro-F1	0.7078402366863905
Macro-F1	0.656581792896034
