Metric	Gout	Venous Insufficiency	Gallstones	Hypertension	Obesity	Asthma	GERD	Hypercholesterolemia	Hypertriglyceridemia	CHF	OSA	OA	PVD	CAD	Depression	Diabetes
Precision	0.1935483870967742	0.0967741935483871	0.3142857142857143	0.7313084112149533	0.4726027397260274	0.18181818181818182	0.3333333333333333	0.5637254901960784	0.1111111111111111	0.6512820512820513	0.2826086956521739	0.25252525252525254	0.2	0.6869158878504673	0.30337078651685395	0.7096774193548387
Recall	0.09836065573770492	0.10344827586206896	0.1375	0.8743016759776536	0.359375	0.14705882352941177	0.13978494623655913	0.47520661157024796	0.04	0.6195121951219512	0.19696969696969696	0.27472527472527475	0.2153846153846154	0.5404411764705882	0.2571428571428571	0.7267267267267268
F1	0.13043478260869565	0.09999999999999999	0.19130434782608696	0.796437659033079	0.4082840236686391	0.1626016260162602	0.19696969696969696	0.515695067264574	0.058823529411764705	0.635	0.23214285714285715	0.26315789473684215	0.20740740740740743	0.6049382716049383	0.27835051546391754	0.7181008902077152
Micro-F1	0.747904339250493
Macro-F1	0.6772718473193892
