Metric	Gout	Venous Insufficiency	Gallstones	Hypertension	Obesity	Asthma	GERD	Hypercholesterolemia	Hypertriglyceridemia	CHF	OSA	OA	PVD	CAD	Depression	Diabetes
Precision	0.18604651162790697	0.09375	0.3018867924528302	0.729381443298969	0.4021164021164021	0.17647058823529413	0.21875	0.5576036866359447	0.0	0.6528497409326425	0.2558139534883721	0.22772277227722773	0.18181818181818182	0.6936170212765957	0.2833333333333333	0.7204968944099379
Recall	0.13114754098360656	0.10344827586206896	0.2	0.7905027932960894	0.3958333333333333	0.08823529411764706	0.15053763440860216	0.5	0.0	0.6146341463414634	0.16666666666666666	0.25274725274725274	0.2153846153846154	0.5992647058823529	0.1619047619047619	0.6966966966966966
F1	0.15384615384615383	0.09836065573770493	0.2406015037593985	0.7587131367292226	0.3989501312335958	0.11764705882352942	0.178343949044586	0.5272331154684096	0.0	0.6331658291457286	0.2018348623853211	0.23958333333333337	0.1971830985915493	0.6429980276134123	0.20606060606060606	0.7083969465648856
Micro-F1	0.7392751479289941
Macro-F1	0.6673998576654516
