Metric	Gout	Venous Insufficiency	Gallstones	Hypertension	Obesity	Asthma	GERD	Hypercholesterolemia	Hypertriglyceridemia	CHF	OSA	OA	PVD	CAD	Depression	Diabetes
Precision	0.16363636363636364	0.0625	0.2708333333333333	0.7306733167082294	0.4292682926829268	0.23684210526315788	0.21428571428571427	0.5434782608695652	0.0	0.6350710900473934	0.25	0.22549019607843138	0.21212121212121213	0.6972111553784861	0.29508196721311475	0.6938775510204082
Recall	0.14754098360655737	0.06896551724137931	0.1625	0.8184357541899442	0.4583333333333333	0.1323529411764706	0.12903225806451613	0.5165289256198347	0.0	0.6536585365853659	0.24242424242424243	0.25274725274725274	0.2153846153846154	0.6433823529411765	0.17142857142857143	0.8168168168168168
F1	0.15517241379310345	0.06557377049180328	0.20312499999999997	0.772068511198946	0.4433249370277078	0.169811320754717	0.1610738255033557	0.5296610169491525	0.0	0.6442307692307693	0.24615384615384617	0.2383419689119171	0.21374045801526717	0.6692160611854685	0.21686746987951805	0.7503448275862069
Micro-F1	0.7416173570019724
Macro-F1	0.6778100328269807
