Metric	Gout	Venous Insufficiency	Gallstones	Hypertension	Obesity	Asthma	GERD	Hypercholesterolemia	Hypertriglyceridemia	CHF	OSA	OA	PVD	CAD	Depression	Diabetes
Precision	0.21621621621621623	0.09090909090909091	0.24675324675324675	0.7331606217616581	0.45544554455445546	0.28169014084507044	0.21428571428571427	0.5400696864111498	0.058823529411764705	0.5877192982456141	0.3	0.23577235772357724	0.17582417582417584	0.6736111111111112	0.3412698412698413	0.7126436781609196
Recall	0.26229508196721313	0.10344827586206896	0.2375	0.7905027932960894	0.4791666666666667	0.29411764705882354	0.22580645161290322	0.640495867768595	0.04	0.6536585365853659	0.2727272727272727	0.31868131868131866	0.24615384615384617	0.7132352941176471	0.4095238095238095	0.7447447447447447
F1	0.23703703703703705	0.0967741935483871	0.24203821656050953	0.7607526881720431	0.467005076142132	0.28776978417266186	0.2198952879581152	0.5860113421550095	0.04761904761904763	0.6189376443418015	0.28571428571428564	0.27102803738317754	0.20512820512820515	0.6928571428571428	0.3722943722943723	0.7283406754772394
Micro-F1	0.7275641025641025
Macro-F1	0.6728281305262374
