Metric	Gout	Venous Insufficiency	Gallstones	Hypertension	Obesity	Asthma	GERD	Hypercholesterolemia	Hypertriglyceridemia	CHF	OSA	OA	PVD	CAD	Depression	Diabetes
Precision	0.18421052631578946	0.0	0.2857142857142857	0.7350649350649351	0.45098039215686275	0.21052631578947367	0.2727272727272727	0.5655737704918032	0.18181818181818182	0.6724137931034483	0.32	0.2268041237113402	0.21739130434782608	0.6820083682008368	0.3157894736842105	0.7138364779874213
Recall	0.11475409836065574	0.0	0.175	0.7905027932960894	0.359375	0.11764705882352941	0.1935483870967742	0.5702479338842975	0.08	0.5707317073170731	0.24242424242424243	0.24175824175824176	0.15384615384615385	0.5992647058823529	0.17142857142857143	0.6816816816816816
F1	0.1414141414141414	0.0	0.21705426356589147	0.7617765814266487	0.4	0.1509433962264151	0.22641509433962262	0.5679012345679012	0.1111111111111111	0.6174142480211082	0.2758620689655172	0.23404255319148937	0.18018018018018017	0.6379647749510763	0.22222222222222224	0.6973886328725039
Micro-F1	0.7481508875739645
Macro-F1	0.6751735120530624
