Metric	Gout	Venous Insufficiency	Gallstones	Hypertension	Obesity	Asthma	GERD	Hypercholesterolemia	Hypertriglyceridemia	CHF	OSA	OA	PVD	CAD	Depression	Diabetes
Precision	0.22727272727272727	0.12	0.2857142857142857	0.7446236559139785	0.4418604651162791	0.18518518518518517	0.25	0.5528846153846154	0.21428571428571427	0.676923076923077	0.2698412698412698	0.275	0.23076923076923078	0.652014652014652	0.3050847457627119	0.7331189710610932
Recall	0.16393442622950818	0.10344827586206896	0.175	0.7737430167597765	0.4947916666666667	0.14705882352941177	0.17204301075268819	0.47520661157024796	0.12	0.6439024390243903	0.25757575757575757	0.24175824175824176	0.18461538461538463	0.6544117647058824	0.17142857142857143	0.6846846846846847
F1	0.1904761904761905	0.11111111111111112	0.21705426356589147	0.7589041095890411	0.46683046683046686	0.1639344262295082	0.20382165605095542	0.5111111111111111	0.15384615384615383	0.6600000000000001	0.26356589147286824	0.2573099415204678	0.20512820512820515	0.653211009174312	0.21951219512195122	0.7080745341614907
Micro-F1	0.7456854043392503
Macro-F1	0.6766144195708164
