Metric	Gout	Venous Insufficiency	Gallstones	Hypertension	Obesity	Asthma	GERD	Hypercholesterolemia	Hypertriglyceridemia	CHF	OSA	OA	PVD	CAD	Depression	Diabetes
Precision	0.1951219512195122	0.05	0.3181818181818182	0.7446236559139785	0.42483660130718953	0.16393442622950818	0.2698412698412698	0.5608695652173913	0.16666666666666666	0.6432160804020101	0.3148148148148148	0.22916666666666666	0.1568627450980392	0.6938775510204082	0.34328358208955223	0.7087912087912088
Recall	0.13114754098360656	0.034482758620689655	0.175	0.7737430167597765	0.3385416666666667	0.14705882352941177	0.1827956989247312	0.5330578512396694	0.08	0.624390243902439	0.25757575757575757	0.24175824175824176	0.12307692307692308	0.625	0.21904761904761905	0.7747747747747747
F1	0.15686274509803924	0.04081632653061224	0.22580645161290322	0.7589041095890411	0.37681159420289856	0.15503875968992248	0.21794871794871795	0.5466101694915254	0.10810810810810811	0.6336633663366337	0.2833333333333333	0.23529411764705882	0.13793103448275862	0.6576402321083172	0.26744186046511625	0.7403156384505022
Micro-F1	0.7461785009861934
Macro-F1	0.6769603832887411
