Metric	Gout	Venous Insufficiency	Gallstones	Hypertension	Obesity	Asthma	GERD	Hypercholesterolemia	Hypertriglyceridemia	CHF	OSA	OA	PVD	CAD	Depression	Diabetes
Precision	0.17857142857142858	0.15384615384615385	0.28169014084507044	0.7372448979591837	0.43023255813953487	0.22666666666666666	0.25	0.5658536585365853	0.0	0.6421568627450981	0.3111111111111111	0.23863636363636365	0.25862068965517243	0.6620689655172414	0.30985915492957744	0.7016393442622951
Recall	0.16393442622950818	0.06896551724137931	0.25	0.8072625698324022	0.3854166666666667	0.25	0.13978494623655913	0.4793388429752066	0.0	0.6390243902439025	0.21212121212121213	0.23076923076923078	0.23076923076923078	0.7058823529411765	0.20952380952380953	0.6426426426426426
F1	0.17094017094017094	0.09523809523809525	0.2649006622516556	0.7706666666666667	0.4065934065934066	0.23776223776223773	0.1793103448275862	0.5190156599552572	0.0	0.6405867970660147	0.25225225225225223	0.23463687150837992	0.24390243902439024	0.6832740213523132	0.25	0.670846394984326
Micro-F1	0.7423570019723866
Macro-F1	0.6736541134902214
