Metric	Gout	Venous Insufficiency	Gallstones	Hypertension	Obesity	Asthma	GERD	Hypercholesterolemia	Hypertriglyceridemia	CHF	OSA	OA	PVD	CAD	Depression	Diabetes
Precision	0.18604651162790697	0.1	0.1958762886597938	0.7237851662404092	0.43231441048034935	0.21052631578947367	0.20408163265306123	0.5748792270531401	0.16666666666666666	0.6325581395348837	0.265625	0.2054794520547945	0.15873015873015872	0.6726618705035972	0.30612244897959184	0.7053824362606232
Recall	0.13114754098360656	0.06896551724137931	0.2375	0.7905027932960894	0.515625	0.17647058823529413	0.21505376344086022	0.49173553719008267	0.12	0.6634146341463415	0.25757575757575757	0.32967032967032966	0.15384615384615385	0.6875	0.2857142857142857	0.7477477477477478
F1	0.15384615384615383	0.08163265306122448	0.21468926553672313	0.7556742323097463	0.47030878859857483	0.19199999999999998	0.2094240837696335	0.5300668151447662	0.13953488372093023	0.6476190476190476	0.26153846153846155	0.25316455696202533	0.15625	0.68	0.29556650246305416	0.7259475218658893
Micro-F1	0.7270710059171598
Macro-F1	0.6668035816971987
