Metric	Gout	Venous Insufficiency	Gallstones	Hypertension	Obesity	Asthma	GERD	Hypercholesterolemia	Hypertriglyceridemia	CHF	OSA	OA	PVD	CAD	Depression	Diabetes
Precision	0.2916666666666667	0.0	0.3409090909090909	0.7219512195121951	0.48322147651006714	0.25	0.21428571428571427	0.5396825396825397	0.2	0.6333333333333333	0.2549019607843137	0.24770642201834864	0.23076923076923078	0.6642857142857143	0.32051282051282054	0.7208480565371025
Recall	0.11475409836065574	0.0	0.1875	0.8268156424581006	0.375	0.11764705882352941	0.12903225806451613	0.5619834710743802	0.04	0.5560975609756098	0.19696969696969696	0.2967032967032967	0.13846153846153847	0.6838235294117647	0.23809523809523808	0.6126126126126126
F1	0.16470588235294117	0.0	0.24193548387096778	0.7708333333333333	0.4222873900293256	0.15999999999999998	0.1610738255033557	0.5506072874493927	0.06666666666666667	0.5922077922077923	0.2222222222222222	0.27	0.1730769230769231	0.6739130434782609	0.273224043715847	0.6623376623376623
Micro-F1	0.7486439842209073
Macro-F1	0.6768778735911462
