Metric	Gout	Venous Insufficiency	Gallstones	Hypertension	Obesity	Asthma	GERD	Hypercholesterolemia	Hypertriglyceridemia	CHF	OSA	OA	PVD	CAD	Depression	Diabetes
Precision	0.16666666666666666	0.06896551724137931	0.23076923076923078	0.728	0.46875	0.2127659574468085	0.2111111111111111	0.5608695652173913	0.2	0.6435643564356436	0.23076923076923078	0.2283464566929134	0.20833333333333334	0.6723549488054608	0.29411764705882354	0.7083333333333334
Recall	0.18032786885245902	0.06896551724137931	0.225	0.7625698324022346	0.390625	0.14705882352941177	0.20430107526881722	0.5330578512396694	0.12	0.6341463414634146	0.22727272727272727	0.31868131868131866	0.23076923076923078	0.7242647058823529	0.19047619047619047	0.7657657657657657
F1	0.1732283464566929	0.06896551724137931	0.22784810126582278	0.7448840381991815	0.42613636363636365	0.17391304347826086	0.20765027322404372	0.5466101694915254	0.15	0.6388206388206389	0.22900763358778628	0.26605504587155965	0.21897810218978103	0.6973451327433628	0.23121387283236997	0.735930735930736
Micro-F1	0.7337278106508875
Macro-F1	0.6706532553523696
