Metric	Gout	Venous Insufficiency	Gallstones	Hypertension	Obesity	Asthma	GERD	Hypercholesterolemia	Hypertriglyceridemia	CHF	OSA	OA	PVD	CAD	Depression	Diabetes
Precision	0.25806451612903225	0.0	0.3103448275862069	0.7318840579710145	0.43352601156069365	0.16216216216216217	0.25609756097560976	0.5581395348837209	0.2222222222222222	0.6476683937823834	0.37142857142857144	0.25609756097560976	0.24528301886792453	0.6655052264808362	0.3090909090909091	0.7228571428571429
Recall	0.13114754098360656	0.0	0.225	0.8463687150837989	0.390625	0.08823529411764706	0.22580645161290322	0.5950413223140496	0.08	0.6097560975609756	0.19696969696969696	0.23076923076923078	0.2	0.7022058823529411	0.1619047619047619	0.7597597597597597
F1	0.17391304347826086	0.0	0.2608695652173913	0.7849740932642486	0.410958904109589	0.1142857142857143	0.24	0.5760000000000001	0.11764705882352941	0.6281407035175879	0.2574257425742574	0.24277456647398843	0.22033898305084745	0.6833631484794275	0.21250000000000002	0.7408491947291361
Micro-F1	0.752465483234714
Macro-F1	0.68814746811422
