Metric	Gout	Venous Insufficiency	Gallstones	Hypertension	Obesity	Asthma	GERD	Hypercholesterolemia	Hypertriglyceridemia	CHF	OSA	OA	PVD	CAD	Depression	Diabetes
Precision	0.18085106382978725	0.0	0.3142857142857143	0.731829573934837	0.48226950354609927	0.2222222222222222	0.24324324324324326	0.5223880597014925	0.0	0.6255707762557078	0.2857142857142857	0.2692307692307692	0.2222222222222222	0.6253521126760564	0.38596491228070173	0.7065527065527065
Recall	0.2786885245901639	0.0	0.1375	0.8156424581005587	0.3541666666666667	0.11764705882352941	0.0967741935483871	0.7231404958677686	0.0	0.6682926829268293	0.24242424242424243	0.23076923076923078	0.27692307692307694	0.8161764705882353	0.20952380952380953	0.7447447447447447
F1	0.21935483870967745	0.0	0.19130434782608696	0.7714663143989433	0.4084084084084084	0.15384615384615383	0.13846153846153847	0.6065857885615252	0.0	0.6462264150943396	0.26229508196721313	0.2485207100591716	0.24657534246575344	0.7081339712918661	0.2716049382716049	0.7251461988304093
Micro-F1	0.7470414201183432
Macro-F1	0.6878684825965058
