Metric	Gout	Venous Insufficiency	Gallstones	Hypertension	Obesity	Asthma	GERD	Hypercholesterolemia	Hypertriglyceridemia	CHF	OSA	OA	PVD	CAD	Depression	Diabetes
Precision	0.14634146341463414	0.125	0.30612244897959184	0.7333333333333333	0.45	0.16326530612244897	0.2	0.5510204081632653	0.13333333333333333	0.6313131313131313	0.2765957446808511	0.25675675675675674	0.19148936170212766	0.6403785488958991	0.3018867924528302	0.7018970189701897
Recall	0.09836065573770492	0.10344827586206896	0.1875	0.8296089385474861	0.375	0.11764705882352941	0.11827956989247312	0.5578512396694215	0.08	0.6097560975609756	0.19696969696969696	0.2087912087912088	0.13846153846153847	0.7463235294117647	0.1523809523809524	0.7777777777777778
F1	0.1176470588235294	0.11320754716981132	0.23255813953488372	0.7785058977719528	0.4090909090909091	0.13675213675213674	0.14864864864864866	0.5544147843942505	0.1	0.620347394540943	0.23008849557522124	0.23030303030303031	0.16071428571428573	0.6893039049235993	0.20253164556962025	0.737891737891738
Micro-F1	0.7476577909270216
Macro-F1	0.6823144846049138
