Metric	Gout	Venous Insufficiency	Gallstones	Hypertension	Obesity	Asthma	GERD	Hypercholesterolemia	Hypertriglyceridemia	CHF	OSA	OA	PVD	CAD	Depression	Diabetes
Precision	0.2564102564102564	0.0625	0.3442622950819672	0.7389033942558747	0.4371584699453552	0.21951219512195122	0.25396825396825395	0.5632183908045977	0.2	0.6617647058823529	0.2926829268292683	0.2072072072072072	0.13333333333333333	0.6939655172413793	0.2898550724637681	0.6955445544554455
Recall	0.16393442622950818	0.034482758620689655	0.2625	0.7905027932960894	0.4166666666666667	0.1323529411764706	0.17204301075268819	0.6074380165289256	0.04	0.6585365853658537	0.18181818181818182	0.25274725274725274	0.09230769230769231	0.5919117647058824	0.19047619047619047	0.8438438438438438
F1	0.2	0.044444444444444446	0.2978723404255319	0.7638326585695008	0.42666666666666664	0.1651376146788991	0.20512820512820515	0.584493041749503	0.06666666666666667	0.6601466992665036	0.22429906542056074	0.22772277227722773	0.10909090909090909	0.6388888888888888	0.22988505747126436	0.762550881953867
Micro-F1	0.749630177514793
Macro-F1	0.6852401018107813
