Metric	Gout	Venous Insufficiency	Gallstones	Hypertension	Obesity	Asthma	GERD	Hypercholesterolemia	Hypertriglyceridemia	CHF	OSA	OA	PVD	CAD	Depression	Diabetes
Precision	0.21428571428571427	0.0625	0.32	0.7411167512690355	0.45180722891566266	0.15625	0.2549019607843137	0.5689655172413793	0.3333333333333333	0.6306306306306306	0.2631578947368421	0.23404255319148937	0.19230769230769232	0.6437908496732027	0.31868131868131866	0.6881720430107527
Recall	0.14754098360655737	0.034482758620689655	0.2	0.8156424581005587	0.390625	0.07352941176470588	0.13978494623655913	0.5454545454545454	0.08	0.6829268292682927	0.15151515151515152	0.24175824175824176	0.15384615384615385	0.7242647058823529	0.2761904761904762	0.7687687687687688
F1	0.1747572815533981	0.044444444444444446	0.24615384615384614	0.776595744680851	0.41899441340782123	0.1	0.18055555555555552	0.5569620253164557	0.12903225806451613	0.6557377049180328	0.19230769230769232	0.23783783783783782	0.17094017094017094	0.6816608996539792	0.29591836734693877	0.7262411347517731
Micro-F1	0.749630177514793
Macro-F1	0.6855044216620638
