Metric	Gout	Venous Insufficiency	Gallstones	Hypertension	Obesity	Asthma	GERD	Hypercholesterolemia	Hypertriglyceridemia	CHF	OSA	OA	PVD	CAD	Depression	Diabetes
Precision	0.17391304347826086	0.0	0.26785714285714285	0.7371007371007371	0.46308724832214765	0.2	0.2631578947368421	0.5362318840579711	0.1	0.6666666666666666	0.22413793103448276	0.2616822429906542	0.17391304347826086	0.6689655172413793	0.3466666666666667	0.7103825136612022
Recall	0.13114754098360656	0.0	0.1875	0.8379888268156425	0.359375	0.1323529411764706	0.16129032258064516	0.6115702479338843	0.04	0.5853658536585366	0.19696969696969696	0.3076923076923077	0.18461538461538463	0.7132352941176471	0.24761904761904763	0.7807807807807807
F1	0.14953271028037382	0.0	0.22058823529411767	0.7843137254901961	0.404692082111437	0.1592920353982301	0.19999999999999998	0.5714285714285715	0.05714285714285714	0.6233766233766234	0.20967741935483872	0.28282828282828276	0.17910447761194032	0.6903914590747331	0.28888888888888886	0.7439198855507868
Micro-F1	0.745931952662722
Macro-F1	0.6829730948798303
