Metric	Gout	Venous Insufficiency	Gallstones	Hypertension	Obesity	Asthma	GERD	Hypercholesterolemia	Hypertriglyceridemia	CHF	OSA	OA	PVD	CAD	Depression	Diabetes
Precision	0.20930232558139536	0.125	0.32	0.722488038277512	0.42452830188679247	0.15555555555555556	0.30612244897959184	0.547085201793722	0.0	0.5982532751091703	0.2807017543859649	0.26804123711340205	0.1896551724137931	0.6505190311418685	0.2830188679245283	0.7058823529411765
Recall	0.14754098360655737	0.06896551724137931	0.2	0.8435754189944135	0.46875	0.10294117647058823	0.16129032258064516	0.5041322314049587	0.0	0.6682926829268293	0.24242424242424243	0.2857142857142857	0.16923076923076924	0.6911764705882353	0.14285714285714285	0.8288288288288288
F1	0.17307692307692307	0.08888888888888889	0.24615384615384614	0.7783505154639175	0.44554455445544555	0.12389380530973451	0.21126760563380284	0.5247311827956989	0.0	0.6313364055299538	0.26016260162601623	0.276595744680851	0.17886178861788618	0.6702317290552585	0.18987341772151897	0.7624309392265193
Micro-F1	0.745931952662722
Macro-F1	0.6841807417076305
