Metric	Gout	Venous Insufficiency	Gallstones	Hypertension	Obesity	Asthma	GERD	Hypercholesterolemia	Hypertriglyceridemia	CHF	OSA	OA	PVD	CAD	Depression	Diabetes
Precision	0.19047619047619047	0.1	0.2268041237113402	0.7206703910614525	0.4463276836158192	0.20754716981132076	0.22413793103448276	0.5512820512820513	0.2222222222222222	0.6224066390041494	0.26666666666666666	0.19801980198019803	0.2111111111111111	0.6700680272108843	0.2857142857142857	0.6973684210526315
Recall	0.19672131147540983	0.06896551724137931	0.275	0.7206703910614525	0.4114583333333333	0.16176470588235295	0.13978494623655913	0.5330578512396694	0.08	0.7317073170731707	0.24242424242424243	0.21978021978021978	0.2923076923076923	0.7242647058823529	0.20952380952380953	0.7957957957957958
F1	0.1935483870967742	0.08163265306122448	0.24858757062146897	0.7206703910614526	0.4281842818428184	0.18181818181818182	0.17218543046357615	0.542016806722689	0.11764705882352941	0.6726457399103138	0.253968253968254	0.20833333333333334	0.24516129032258066	0.6961130742049471	0.24175824175824173	0.7433380084151473
Micro-F1	0.7333579881656804
Macro-F1	0.6717216172576492
