Metric	Gout	Venous Insufficiency	Gallstones	Hypertension	Obesity	Asthma	GERD	Hypercholesterolemia	Hypertriglyceridemia	CHF	OSA	OA	PVD	CAD	Depression	Diabetes
Precision	0.21212121212121213	0.09090909090909091	0.35294117647058826	0.7329974811083123	0.44171779141104295	0.21739130434782608	0.21153846153846154	0.5691056910569106	0.18181818181818182	0.6291079812206573	0.2391304347826087	0.24742268041237114	0.20754716981132076	0.6530612244897959	0.3064516129032258	0.717948717948718
Recall	0.11475409836065574	0.034482758620689655	0.225	0.8128491620111732	0.375	0.14705882352941177	0.11827956989247312	0.5785123966942148	0.08	0.6536585365853659	0.16666666666666666	0.26373626373626374	0.16923076923076924	0.7058823529411765	0.18095238095238095	0.7567567567567568
F1	0.14893617021276598	0.05	0.2748091603053435	0.7708609271523179	0.40563380281690137	0.1754385964912281	0.15172413793103448	0.5737704918032785	0.1111111111111111	0.6411483253588518	0.1964285714285714	0.25531914893617025	0.1864406779661017	0.6784452296819788	0.22754491017964074	0.736842105263158
Micro-F1	0.75086291913215
Macro-F1	0.6853722722813647
