Metric	Gout	Venous Insufficiency	Gallstones	Hypertension	Obesity	Asthma	GERD	Hypercholesterolemia	Hypertriglyceridemia	CHF	OSA	OA	PVD	CAD	Depression	Diabetes
Precision	0.21052631578947367	0.06666666666666667	0.37777777777777777	0.7417721518987341	0.4519774011299435	0.17142857142857143	0.21818181818181817	0.5774647887323944	0.0	0.6094420600858369	0.275	0.2826086956521739	0.21666666666666667	0.6944444444444444	0.2608695652173913	0.7033898305084746
Recall	0.13114754098360656	0.06896551724137931	0.2125	0.8184357541899442	0.4166666666666667	0.08823529411764706	0.12903225806451613	0.5082644628099173	0.0	0.6926829268292682	0.16666666666666666	0.2857142857142857	0.2	0.6433823529411765	0.11428571428571428	0.7477477477477478
F1	0.1616161616161616	0.06779661016949153	0.27199999999999996	0.7782204515272244	0.4336043360433604	0.11650485436893204	0.16216216216216217	0.5406593406593407	0.0	0.6484018264840181	0.2075471698113208	0.2841530054644808	0.208	0.66793893129771	0.15894039735099338	0.7248908296943231
Micro-F1	0.7509861932938856
Macro-F1	0.68312517157517
