Metric	Gout	Venous Insufficiency	Gallstones	Hypertension	Obesity	Asthma	GERD	Hypercholesterolemia	Hypertriglyceridemia	CHF	OSA	OA	PVD	CAD	Depression	Diabetes
Precision	0.1836734693877551	0.041666666666666664	0.3269230769230769	0.7279411764705882	0.4129032258064516	0.21568627450980393	0.3148148148148148	0.5303030303030303	0.14285714285714285	0.625	0.27906976744186046	0.2804878048780488	0.1794871794871795	0.669260700389105	0.32	0.7222222222222222
Recall	0.14754098360655737	0.034482758620689655	0.2125	0.8296089385474861	0.3333333333333333	0.16176470588235295	0.1827956989247312	0.5785123966942148	0.04	0.6585365853658537	0.18181818181818182	0.25274725274725274	0.1076923076923077	0.6323529411764706	0.22857142857142856	0.7807807807807807
F1	0.16363636363636364	0.03773584905660377	0.2575757575757576	0.7754569190600523	0.3688760806916427	0.18487394957983194	0.23129251700680273	0.5533596837944664	0.0625	0.6413301662707839	0.2201834862385321	0.26589595375722547	0.13461538461538464	0.6502835538752363	0.26666666666666666	0.7503607503607503
Micro-F1	0.7483974358974359
Macro-F1	0.6827088018502038
