Metric	Gout	Venous Insufficiency	Gallstones	Hypertension	Obesity	Asthma	GERD	Hypercholesterolemia	Hypertriglyceridemia	CHF	OSA	OA	PVD	CAD	Depression	Diabetes
Precision	0.18	0.1	0.32653061224489793	0.7430025445292621	0.47651006711409394	0.14285714285714285	0.26865671641791045	0.575107296137339	0.1	0.631336405529954	0.3	0.25	0.1780821917808219	0.6644067796610169	0.29310344827586204	0.6971428571428572
Recall	0.14754098360655737	0.06896551724137931	0.2	0.8156424581005587	0.3697916666666667	0.08823529411764706	0.1935483870967742	0.5537190082644629	0.04	0.6682926829268293	0.18181818181818182	0.25274725274725274	0.2	0.7205882352941176	0.1619047619047619	0.7327327327327328
F1	0.16216216216216217	0.08163265306122448	0.24806201550387594	0.7776298268974701	0.4164222873900294	0.10909090909090909	0.225	0.5642105263157894	0.05714285714285714	0.6492890995260664	0.22641509433962265	0.25136612021857924	0.18840579710144928	0.6913580246913581	0.2085889570552147	0.7144948755490483
Micro-F1	0.7483974358974359
Macro-F1	0.6827985258513884
