Metric	Gout	Venous Insufficiency	Gallstones	Hypertension	Obesity	Asthma	GERD	Hypercholesterolemia	Hypertriglyceridemia	CHF	OSA	OA	PVD	CAD	Depression	Diabetes
Precision	0.2	0.11538461538461539	0.24675324675324675	0.7265625	0.48412698412698413	0.2	0.23529411764705882	0.551440329218107	0.08695652173913043	0.6292134831460674	0.2619047619047619	0.1958041958041958	0.1891891891891892	0.6735395189003437	0.31313131313131315	0.7225806451612903
Recall	0.2459016393442623	0.20689655172413793	0.2375	0.7793296089385475	0.3177083333333333	0.20588235294117646	0.12903225806451613	0.5537190082644629	0.08	0.5463414634146342	0.16666666666666666	0.3076923076923077	0.3230769230769231	0.7205882352941176	0.29523809523809524	0.6726726726726727
F1	0.22058823529411764	0.14814814814814817	0.24203821656050953	0.7520215633423181	0.38364779874213834	0.20289855072463767	0.16666666666666666	0.5525773195876289	0.08333333333333333	0.5848563968668408	0.20370370370370366	0.23931623931623933	0.23863636363636365	0.6962699822380107	0.30392156862745096	0.6967340590979783
Micro-F1	0.7250986193293887
Macro-F1	0.6598891776767021
