Metric	Gout	Venous Insufficiency	Gallstones	Hypertension	Obesity	Asthma	GERD	Hypercholesterolemia	Hypertriglyceridemia	CHF	OSA	OA	PVD	CAD	Depression	Diabetes
Precision	0.2	0.043478260869565216	0.2708333333333333	0.7390180878552972	0.4319526627218935	0.16666666666666666	0.3125	0.5497835497835498	0.0	0.6328502415458938	0.26666666666666666	0.2857142857142857	0.17391304347826086	0.656934306569343	0.3387096774193548	0.7211267605633803
Recall	0.14754098360655737	0.034482758620689655	0.1625	0.7988826815642458	0.3802083333333333	0.10294117647058823	0.16129032258064516	0.5247933884297521	0.0	0.6390243902439025	0.18181818181818182	0.26373626373626374	0.12307692307692308	0.6617647058823529	0.2	0.7687687687687688
F1	0.16981132075471697	0.038461538461538464	0.20312499999999997	0.7677852348993289	0.40443213296398894	0.12727272727272726	0.2127659574468085	0.5369978858350951	0.0	0.6359223300970874	0.21621621621621623	0.27428571428571424	0.14414414414414414	0.6593406593406593	0.25149700598802394	0.744186046511628
Micro-F1	0.7491370808678502
Macro-F1	0.6809110694183574
