Metric	Gout	Venous Insufficiency	Gallstones	Hypertension	Obesity	Asthma	GERD	Hypercholesterolemia	Hypertriglyceridemia	CHF	OSA	OA	PVD	CAD	Depression	Diabetes
Precision	0.2127659574468085	0.0684931506849315	0.2391304347826087	0.739612188365651	0.49214659685863876	0.2682926829268293	0.2558139534883721	0.5474452554744526	0.15151515151515152	0.6090534979423868	0.2647058823529412	0.20754716981132076	0.15517241379310345	0.6909722222222222	0.36	0.7176470588235294
Recall	0.16393442622950818	0.1724137931034483	0.275	0.7458100558659218	0.4895833333333333	0.3235294117647059	0.23655913978494625	0.6198347107438017	0.2	0.7219512195121951	0.2727272727272727	0.3626373626373626	0.27692307692307694	0.7316176470588235	0.2571428571428571	0.7327327327327328
F1	0.18518518518518517	0.09803921568627451	0.2558139534883721	0.7426981919332406	0.49086161879895557	0.2933333333333334	0.2458100558659218	0.5813953488372093	0.17241379310344826	0.6607142857142857	0.26865671641791045	0.264	0.1988950276243094	0.7107142857142856	0.3	0.7251114413075781
Micro-F1	0.7232495069033531
Macro-F1	0.6684074837990899
