Metric	Gout	Venous Insufficiency	Gallstones	Hypertension	Obesity	Asthma	GERD	Hypercholesterolemia	Hypertriglyceridemia	CHF	OSA	OA	PVD	CAD	Depression	Diabetes
Precision	0.19047619047619047	0.08571428571428572	0.21686746987951808	0.7374005305039788	0.4365482233502538	0.22093023255813954	0.2028985507246377	0.5774058577405857	0.125	0.6442307692307693	0.2976190476190476	0.208955223880597	0.14285714285714285	0.6600660066006601	0.3373493975903614	0.7209302325581395
Recall	0.19672131147540983	0.10344827586206896	0.225	0.776536312849162	0.4479166666666667	0.27941176470588236	0.15053763440860216	0.5702479338842975	0.12	0.6536585365853659	0.3787878787878788	0.3076923076923077	0.15384615384615385	0.7352941176470589	0.26666666666666666	0.7447447447447447
F1	0.1935483870967742	0.09375	0.22085889570552147	0.7564625850340136	0.44215938303341895	0.24675324675324672	0.17283950617283952	0.5738045738045737	0.12244897959183673	0.6489104116222761	0.33333333333333337	0.2488888888888889	0.14814814814814817	0.6956521739130435	0.29787234042553196	0.7326440177252583
Micro-F1	0.7292899408284025
Macro-F1	0.6704376564195084
