Metric	Gout	Venous Insufficiency	Gallstones	Hypertension	Obesity	Asthma	GERD	Hypercholesterolemia	Hypertriglyceridemia	CHF	OSA	OA	PVD	CAD	Depression	Diabetes
Precision	0.23809523809523808	0.09090909090909091	0.38596491228070173	0.7436548223350253	0.4444444444444444	0.13333333333333333	0.13793103448275862	0.5482233502538071	0.14285714285714285	0.6795580110497238	0.23076923076923078	0.21428571428571427	0.22950819672131148	0.660958904109589	0.30434782608695654	0.709375
Recall	0.16393442622950818	0.06896551724137931	0.275	0.8184357541899442	0.3333333333333333	0.058823529411764705	0.08602150537634409	0.4462809917355372	0.04	0.6	0.18181818181818182	0.1978021978021978	0.2153846153846154	0.7095588235294118	0.2	0.6816816816816816
F1	0.19417475728155337	0.0784313725490196	0.32116788321167883	0.7792553191489362	0.380952380952381	0.0816326530612245	0.10596026490066227	0.4920273348519362	0.0625	0.6373056994818652	0.2033898305084746	0.20571428571428568	0.2222222222222222	0.6843971631205673	0.24137931034482762	0.6952526799387443
Micro-F1	0.7466715976331361
Macro-F1	0.6746337053800371
