Metric	Gout	Venous Insufficiency	Gallstones	Hypertension	Obesity	Asthma	GERD	Hypercholesterolemia	Hypertriglyceridemia	CHF	OSA	OA	PVD	CAD	Depression	Diabetes
Precision	0.17647058823529413	0.1111111111111111	0.2421875	0.7542662116040956	0.45023696682464454	0.19791666666666666	0.2702702702702703	0.5622641509433962	0.11764705882352941	0.6167400881057269	0.25510204081632654	0.20437956204379562	0.13333333333333333	0.6782006920415224	0.29365079365079366	0.7459677419354839
Recall	0.29508196721311475	0.1724137931034483	0.3875	0.61731843575419	0.4947916666666667	0.27941176470588236	0.3225806451612903	0.6157024793388429	0.24	0.6829268292682927	0.3787878787878788	0.3076923076923077	0.15384615384615385	0.7205882352941176	0.3523809523809524	0.5555555555555556
F1	0.22085889570552147	0.13513513513513511	0.29807692307692313	0.6789554531490016	0.47146401985111663	0.23170731707317074	0.2941176470588235	0.5877712031558185	0.15789473684210525	0.6481481481481481	0.3048780487804878	0.24561403508771934	0.14285714285714288	0.6987522281639929	0.3203463203463204	0.6368330464716008
Micro-F1	0.7045118343195266
Macro-F1	0.6448429602783572
