Metric	Gout	Venous Insufficiency	Gallstones	Hypertension	Obesity	Asthma	GERD	Hypercholesterolemia	Hypertriglyceridemia	CHF	OSA	OA	PVD	CAD	Depression	Diabetes
Precision	0.19672131147540983	0.10714285714285714	0.24285714285714285	0.7303664921465969	0.4369369369369369	0.22093023255813954	0.22330097087378642	0.5748792270531401	0.07142857142857142	0.6214953271028038	0.23529411764705882	0.22764227642276422	0.20454545454545456	0.6715328467153284	0.2753623188405797	0.7146892655367232
Recall	0.19672131147540983	0.10344827586206896	0.2125	0.7793296089385475	0.5052083333333334	0.27941176470588236	0.24731182795698925	0.49173553719008267	0.04	0.6487804878048781	0.24242424242424243	0.3076923076923077	0.13846153846153847	0.6764705882352942	0.18095238095238095	0.7597597597597597
F1	0.1967213114754098	0.10526315789473684	0.22666666666666668	0.754054054054054	0.46859903381642515	0.24675324675324672	0.23469387755102042	0.5300668151447662	0.05128205128205128	0.6348448687350835	0.23880597014925375	0.2616822429906542	0.16513761467889912	0.673992673992674	0.21839080459770113	0.7365356622998543
Micro-F1	0.7312623274161736
Macro-F1	0.669445561817831
