Metric	Gout	Venous Insufficiency	Gallstones	Hypertension	Obesity	Asthma	GERD	Hypercholesterolemia	Hypertriglyceridemia	CHF	OSA	OA	PVD	CAD	Depression	Diabetes
Precision	0.16981132075471697	0.11538461538461539	0.21951219512195122	0.734375	0.4221105527638191	0.20588235294117646	0.24193548387096775	0.5657894736842105	0.1	0.6237623762376238	0.27906976744186046	0.2716049382716049	0.2	0.6549295774647887	0.3238095238095238	0.7031630170316302
Recall	0.14754098360655737	0.10344827586206896	0.225	0.7877094972067039	0.4375	0.20588235294117646	0.16129032258064516	0.5330578512396694	0.04	0.6146341463414634	0.18181818181818182	0.24175824175824176	0.23076923076923078	0.6838235294117647	0.3238095238095238	0.8678678678678678
F1	0.15789473684210525	0.10909090909090909	0.22222222222222224	0.7601078167115903	0.42966751918158563	0.20588235294117646	0.1935483870967742	0.5489361702127659	0.05714285714285714	0.6191646191646192	0.2201834862385321	0.2558139534883721	0.21428571428571427	0.6690647482014389	0.3238095238095238	0.7768817204301075
Micro-F1	0.7386587771203156
Macro-F1	0.678290032083748
