Metric	Gout	Venous Insufficiency	Gallstones	Hypertension	Obesity	Asthma	GERD	Hypercholesterolemia	Hypertriglyceridemia	CHF	OSA	OA	PVD	CAD	Depression	Diabetes
Precision	0.16666666666666666	0.0	0.3050847457627119	0.732824427480916	0.4315068493150685	0.1388888888888889	0.2727272727272727	0.5286885245901639	0.16666666666666666	0.6376811594202898	0.16666666666666666	0.22727272727272727	0.2235294117647059	0.6666666666666666	0.2037037037037037	0.703601108033241
Recall	0.06557377049180328	0.0	0.225	0.8044692737430168	0.328125	0.07352941176470588	0.1935483870967742	0.5330578512396694	0.08	0.6439024390243903	0.10606060606060606	0.27472527472527475	0.2923076923076923	0.6838235294117647	0.10476190476190476	0.7627627627627628
F1	0.09411764705882354	0.0	0.2589928057553957	0.766977363515313	0.3727810650887574	0.09615384615384615	0.22641509433962262	0.5308641975308641	0.10810810810810811	0.6407766990291263	0.12962962962962962	0.24875621890547261	0.2533333333333333	0.6751361161524501	0.13836477987421386	0.7319884726224785
Micro-F1	0.7407544378698225
Macro-F1	0.6732551595150982
