Metric	Gout	Venous Insufficiency	Gallstones	Hypertension	Obesity	Asthma	GERD	Hypercholesterolemia	Hypertriglyceridemia	CHF	OSA	OA	PVD	CAD	Depression	Diabetes
Precision	0.21212121212121213	0.04	0.3018867924528302	0.7336956521739131	0.4171779141104294	0.25806451612903225	0.2727272727272727	0.5514018691588785	0.0	0.6464646464646465	0.28205128205128205	0.19298245614035087	0.16129032258064516	0.6666666666666666	0.3103448275862069	0.7082066869300911
Recall	0.11475409836065574	0.034482758620689655	0.2	0.7541899441340782	0.3541666666666667	0.11764705882352941	0.16129032258064516	0.48760330578512395	0.0	0.624390243902439	0.16666666666666666	0.24175824175824176	0.15384615384615385	0.6323529411764706	0.17142857142857143	0.6996996996996997
F1	0.14893617021276598	0.03703703703703704	0.2406015037593985	0.7438016528925621	0.38309859154929576	0.1616161616161616	0.20270270270270271	0.5175438596491229	0.0	0.6352357320099257	0.20952380952380953	0.21463414634146344	0.15748031496062995	0.6490566037735849	0.22085889570552147	0.7039274924471298
Micro-F1	0.7412475345167654
Macro-F1	0.6675681347576189
