Metric	Gout	Venous Insufficiency	Gallstones	Hypertension	Obesity	Asthma	GERD	Hypercholesterolemia	Hypertriglyceridemia	CHF	OSA	OA	PVD	CAD	Depression	Diabetes
Precision	0.17647058823529413	0.043478260869565216	0.3541666666666667	0.7306733167082294	0.43670886075949367	0.16666666666666666	0.2222222222222222	0.5616438356164384	0.25	0.6763005780346821	0.22388059701492538	0.1981981981981982	0.17857142857142858	0.6811023622047244	0.31343283582089554	0.7151515151515152
Recall	0.09836065573770492	0.034482758620689655	0.2125	0.8184357541899442	0.359375	0.08823529411764706	0.08602150537634409	0.5082644628099173	0.08	0.5707317073170731	0.22727272727272727	0.24175824175824176	0.15384615384615385	0.6360294117647058	0.2	0.7087087087087087
F1	0.1263157894736842	0.038461538461538464	0.265625	0.772068511198946	0.39428571428571424	0.11538461538461539	0.12403100775193797	0.5336225596529284	0.12121212121212122	0.6190476190476191	0.22556390977443608	0.21782178217821782	0.1652892561983471	0.6577946768060836	0.24418604651162795	0.7119155354449472
Micro-F1	0.745069033530572
Macro-F1	0.6731104254985316
