Metric	Gout	Venous Insufficiency	Gallstones	Hypertension	Obesity	Asthma	GERD	Hypercholesterolemia	Hypertriglyceridemia	CHF	OSA	OA	PVD	CAD	Depression	Diabetes
Precision	0.1956521739130435	0.043478260869565216	0.34615384615384615	0.7320441988950276	0.41397849462365593	0.2037037037037037	0.22727272727272727	0.5309090909090909	0.1111111111111111	0.5813953488372093	0.24	0.2169811320754717	0.21739130434782608	0.6541095890410958	0.35	0.7050938337801609
Recall	0.14754098360655737	0.034482758620689655	0.225	0.7402234636871509	0.4010416666666667	0.16176470588235295	0.10752688172043011	0.6033057851239669	0.04	0.6097560975609756	0.18181818181818182	0.25274725274725274	0.23076923076923078	0.7022058823529411	0.2	0.7897897897897898
F1	0.16822429906542055	0.038461538461538464	0.27272727272727276	0.7361111111111112	0.4074074074074074	0.18032786885245902	0.14598540145985403	0.5647969052224372	0.058823529411764705	0.5952380952380952	0.20689655172413793	0.233502538071066	0.22388059701492535	0.677304964539007	0.2545454545454545	0.7450424929178471
Micro-F1	0.7380424063116371
Macro-F1	0.6733075495577834
