Metric	Gout	Venous Insufficiency	Gallstones	Hypertension	Obesity	Asthma	GERD	Hypercholesterolemia	Hypertriglyceridemia	CHF	OSA	OA	PVD	CAD	Depression	Diabetes
Precision	0.19696969696969696	0.0967741935483871	0.25	0.7237569060773481	0.4387755102040816	0.24561403508771928	0.3018867924528302	0.5822222222222222	0.09090909090909091	0.6770186335403726	0.23529411764705882	0.22413793103448276	0.24242424242424243	0.69921875	0.3150684931506849	0.7108433734939759
Recall	0.21311475409836064	0.10344827586206896	0.2125	0.7318435754189944	0.4479166666666667	0.20588235294117646	0.17204301075268819	0.5413223140495868	0.04	0.5317073170731708	0.24242424242424243	0.2857142857142857	0.24615384615384617	0.6580882352941176	0.21904761904761905	0.7087087087087087
F1	0.20472440944881892	0.09999999999999999	0.22972972972972971	0.7277777777777777	0.44329896907216493	0.224	0.21917808219178084	0.5610278372591005	0.05555555555555555	0.5956284153005466	0.23880597014925375	0.251207729468599	0.24427480916030536	0.678030303030303	0.2584269662921348	0.7097744360902255
Micro-F1	0.7374260355029586
Macro-F1	0.6691068749005611
