Metric	Gout	Venous Insufficiency	Gallstones	Hypertension	Obesity	Asthma	GERD	Hypercholesterolemia	Hypertriglyceridemia	CHF	OSA	OA	PVD	CAD	Depression	Diabetes
Precision	0.18421052631578946	0.1	0.3157894736842105	0.729381443298969	0.4585987261146497	0.2	0.35	0.5344827586206896	0.08333333333333333	0.6417910447761194	0.24561403508771928	0.27631578947368424	0.1875	0.6594982078853047	0.2923076923076923	0.7245901639344262
Recall	0.11475409836065574	0.10344827586206896	0.15	0.7905027932960894	0.375	0.1323529411764706	0.15053763440860216	0.512396694214876	0.04	0.6292682926829268	0.21212121212121213	0.23076923076923078	0.18461538461538463	0.6764705882352942	0.18095238095238095	0.6636636636636637
F1	0.1414141414141414	0.10169491525423728	0.20338983050847456	0.7587131367292226	0.4126074498567336	0.1592920353982301	0.2105263157894737	0.5232067510548523	0.05405405405405406	0.6354679802955665	0.2276422764227642	0.25149700598802394	0.18604651162790697	0.6678765880217786	0.2235294117647059	0.6927899686520377
Micro-F1	0.7458086785009862
Macro-F1	0.6743484377083149
