Metric	Gout	Venous Insufficiency	Gallstones	Hypertension	Obesity	Asthma	GERD	Hypercholesterolemia	Hypertriglyceridemia	CHF	OSA	OA	PVD	CAD	Depression	Diabetes
Precision	0.2608695652173913	0.15789473684210525	0.29508196721311475	0.7281553398058253	0.4583333333333333	0.16666666666666666	0.3	0.5800865800865801	0.14285714285714285	0.6494252873563219	0.26666666666666666	0.26595744680851063	0.19117647058823528	0.6911196911196911	0.3010752688172043	0.7094972067039106
Recall	0.19672131147540983	0.10344827586206896	0.225	0.8379888268156425	0.4010416666666667	0.10294117647058823	0.16129032258064516	0.5537190082644629	0.04	0.551219512195122	0.18181818181818182	0.27472527472527475	0.2	0.6580882352941176	0.26666666666666666	0.7627627627627628
F1	0.22429906542056074	0.125	0.25531914893617025	0.7792207792207791	0.4277777777777778	0.12727272727272726	0.2097902097902098	0.5665961945031712	0.0625	0.5963060686015832	0.21621621621621623	0.2702702702702703	0.1954887218045113	0.6741996233521658	0.2828282828282828	0.7351664254703328
Micro-F1	0.7497534516765286
Macro-F1	0.6840160397450661
