Metric	Gout	Venous Insufficiency	Gallstones	Hypertension	Obesity	Asthma	GERD	Hypercholesterolemia	Hypertriglyceridemia	CHF	OSA	OA	PVD	CAD	Depression	Diabetes
Precision	0.21212121212121213	0.06451612903225806	0.3	0.7294429708222812	0.4294117647058823	0.18333333333333332	0.3275862068965517	0.570281124497992	0.21428571428571427	0.6270270270270271	0.2	0.23157894736842105	0.24615384615384617	0.6852589641434262	0.2631578947368421	0.6904109589041096
Recall	0.11475409836065574	0.06896551724137931	0.225	0.7681564245810056	0.3802083333333333	0.16176470588235295	0.20430107526881722	0.5867768595041323	0.12	0.5658536585365853	0.18181818181818182	0.24175824175824176	0.24615384615384617	0.6323529411764706	0.14285714285714285	0.7567567567567568
F1	0.14893617021276598	0.06666666666666667	0.2571428571428572	0.7482993197278913	0.4033149171270718	0.171875	0.2516556291390728	0.5784114052953157	0.15384615384615383	0.5948717948717949	0.1904761904761905	0.23655913978494625	0.24615384615384617	0.6577437858508605	0.18518518518518517	0.7220630372492837
Micro-F1	0.740507889546351
Macro-F1	0.6724812169384984
