Metric	Gout	Venous Insufficiency	Gallstones	Hypertension	Obesity	Asthma	GERD	Hypercholesterolemia	Hypertriglyceridemia	CHF	OSA	OA	PVD	CAD	Depression	Diabetes
Precision	0.18604651162790697	0.09090909090909091	0.2962962962962963	0.7328042328042328	0.44025157232704404	0.20454545454545456	0.2708333333333333	0.5707070707070707	0.2	0.6612903225806451	0.1875	0.2441860465116279	0.2	0.6602564102564102	0.3275862068965517	0.7222222222222222
Recall	0.13114754098360656	0.06896551724137931	0.2	0.7737430167597765	0.3645833333333333	0.1323529411764706	0.13978494623655913	0.4669421487603306	0.04	0.6	0.13636363636363635	0.23076923076923078	0.2	0.7573529411764706	0.18095238095238095	0.7417417417417418
F1	0.15384615384615383	0.0784313725490196	0.23880597014925375	0.7527173913043478	0.3988603988603988	0.1607142857142857	0.18439716312056736	0.5136363636363638	0.06666666666666667	0.629156010230179	0.15789473684210525	0.23728813559322035	0.20000000000000004	0.7054794520547946	0.23312883435582818	0.7318518518518519
Micro-F1	0.7486439842209073
Macro-F1	0.6789755581038108
