Metric	Gout	Venous Insufficiency	Gallstones	Hypertension	Obesity	Asthma	GERD	Hypercholesterolemia	Hypertriglyceridemia	CHF	OSA	OA	PVD	CAD	Depression	Diabetes
Precision	0.22727272727272727	0.058823529411764705	0.3170731707317073	0.7309523809523809	0.453416149068323	0.23076923076923078	0.25925925925925924	0.5357142857142857	0.18181818181818182	0.638095238095238	0.25	0.25	0.19148936170212766	0.6454849498327759	0.3018867924528302	0.7048192771084337
Recall	0.08196721311475409	0.034482758620689655	0.1625	0.8575418994413407	0.3802083333333333	0.1323529411764706	0.15053763440860216	0.5578512396694215	0.08	0.6536585365853659	0.18181818181818182	0.23076923076923078	0.13846153846153847	0.7095588235294118	0.1523809523809524	0.7027027027027027
F1	0.12048192771084337	0.043478260869565216	0.21487603305785125	0.7892030848329049	0.4135977337110482	0.16822429906542055	0.19047619047619047	0.5465587044534413	0.1111111111111111	0.6457831325301204	0.2105263157894737	0.24000000000000002	0.16071428571428573	0.6760070052539404	0.20253164556962025	0.7037593984962406
Micro-F1	0.7511094674556213
Macro-F1	0.684060079813848
