Metric	Gout	Venous Insufficiency	Gallstones	Hypertension	Obesity	Asthma	GERD	Hypercholesterolemia	Hypertriglyceridemia	CHF	OSA	OA	PVD	CAD	Depression	Diabetes
Precision	0.225	0.1	0.32608695652173914	0.7295285359801489	0.4117647058823529	0.14285714285714285	0.22077922077922077	0.5433962264150943	0.0	0.6606060606060606	0.30952380952380953	0.2391304347826087	0.1935483870967742	0.6806083650190115	0.31746031746031744	0.7088948787061995
Recall	0.14754098360655737	0.06896551724137931	0.1875	0.8212290502793296	0.4010416666666667	0.058823529411764705	0.1827956989247312	0.5950413223140496	0.0	0.5317073170731708	0.19696969696969696	0.24175824175824176	0.18461538461538463	0.6580882352941176	0.19047619047619047	0.7897897897897898
F1	0.1782178217821782	0.08163265306122448	0.2380952380952381	0.7726675427069646	0.40633245382585753	0.08333333333333333	0.19999999999999998	0.5680473372781065	0.0	0.5891891891891893	0.24074074074074073	0.24043715846994537	0.1889763779527559	0.6691588785046729	0.23809523809523808	0.7471590909090909
Micro-F1	0.7464250493096647
Macro-F1	0.6800403071672754
