Metric	Gout	Venous Insufficiency	Gallstones	Hypertension	Obesity	Asthma	GERD	Hypercholesterolemia	Hypertriglyceridemia	CHF	OSA	OA	PVD	CAD	Depression	Diabetes
Precision	0.21052631578947367	0.0	0.2711864406779661	0.7338709677419355	0.43661971830985913	0.14285714285714285	0.17391304347826086	0.6103896103896104	0.15384615384615385	0.7166666666666667	0.16666666666666666	0.24719101123595505	0.1388888888888889	0.6937269372693727	0.3013698630136986	0.7377049180327869
Recall	0.13114754098360656	0.0	0.2	0.7625698324022346	0.3229166666666667	0.058823529411764705	0.08602150537634409	0.3884297520661157	0.08	0.4195121951219512	0.13636363636363635	0.24175824175824176	0.15384615384615385	0.6911764705882353	0.20952380952380953	0.6756756756756757
F1	0.1616161616161616	0.0	0.2302158273381295	0.747945205479452	0.37125748502994016	0.08333333333333333	0.11510791366906474	0.47474747474747475	0.10526315789473685	0.5292307692307692	0.15	0.24444444444444446	0.145985401459854	0.6924493554327809	0.24719101123595502	0.7053291536050157
Micro-F1	0.7430966469428008
Macro-F1	0.66218671046417
