Metric	Gout	Venous Insufficiency	Gallstones	Hypertension	Obesity	Asthma	GERD	Hypercholesterolemia	Hypertriglyceridemia	CHF	OSA	OA	PVD	CAD	Depression	Diabetes
Precision	0.18840579710144928	0.11864406779661017	0.18274111675126903	0.7404371584699454	0.4533333333333333	0.21774193548387097	0.20812182741116753	0.5661016949152542	0.11764705882352941	0.6329787234042553	0.2112676056338028	0.17525773195876287	0.1794871794871795	0.6907216494845361	0.2620320855614973	0.7490774907749077
Recall	0.4262295081967213	0.2413793103448276	0.45	0.7569832402234636	0.53125	0.39705882352941174	0.44086021505376344	0.6900826446280992	0.24	0.5804878048780487	0.45454545454545453	0.37362637362637363	0.3230769230769231	0.7389705882352942	0.4666666666666667	0.6096096096096096
F1	0.26130653266331655	0.15909090909090912	0.259927797833935	0.7486187845303868	0.48920863309352514	0.28125	0.2827586206896552	0.6219739292364991	0.15789473684210525	0.6055979643765903	0.28846153846153844	0.23859649122807017	0.23076923076923078	0.7140319715808171	0.33561643835616434	0.6721854304635762
Micro-F1	0.6736932938856016
Macro-F1	0.6300932676448392
