Metric	Gout	Venous Insufficiency	Gallstones	Hypertension	Obesity	Asthma	GERD	Hypercholesterolemia	Hypertriglyceridemia	CHF	OSA	OA	PVD	CAD	Depression	Diabetes
Precision	0.20689655172413793	0.11538461538461539	0.23076923076923078	0.7554347826086957	0.46107784431137727	0.2345679012345679	0.26136363636363635	0.5814977973568282	0.1111111111111111	0.6291079812206573	0.3	0.2348993288590604	0.15384615384615385	0.6577181208053692	0.3364485981308411	0.7218543046357616
Recall	0.19672131147540983	0.10344827586206896	0.375	0.776536312849162	0.4010416666666667	0.27941176470588236	0.24731182795698925	0.5454545454545454	0.08	0.6536585365853659	0.2727272727272727	0.38461538461538464	0.2153846153846154	0.7205882352941176	0.34285714285714286	0.6546546546546547
F1	0.20168067226890757	0.10909090909090909	0.2857142857142857	0.765840220385675	0.42896935933147634	0.25503355704697983	0.2541436464088398	0.5628997867803838	0.09302325581395349	0.6411483253588518	0.28571428571428564	0.2916666666666667	0.1794871794871795	0.6877192982456141	0.339622641509434	0.6866141732283465
Micro-F1	0.7270710059171598
Macro-F1	0.6670590779136536
