Metric	alt.atheism	talk.religion.misc	comp.graphics	sci.space
Precision	0.5420743639921722	0.5693430656934306	0.8488372093023255	0.7796976241900648
Recall	0.8683385579937304	0.6215139442231076	0.9383033419023136	0.916243654822335
F1	0.6674698795180722	0.5942857142857143	0.8913308913308913	0.8424737456242708
Micro-F1	0.8682557280118256
Macro-F1	0.8366358696565619
