Metric	alt.atheism	talk.religion.misc	comp.graphics	sci.space
Precision	0.5116696588868941	0.41605839416058393	0.9473684210526315	0.6035313001605136
Recall	0.8934169278996865	0.9083665338645418	0.8791773778920309	0.9543147208121827
F1	0.6506849315068494	0.5707133917396746	0.912	0.7394296951819075
Micro-F1	0.8189209164818921
Macro-F1	0.7912632310230248
