Metric	alt.atheism	talk.religion.misc	comp.graphics	sci.space
Precision	0.492776886035313	0.4017094017094017	0.878345498783455	0.8481927710843373
Recall	0.9623824451410659	0.9362549800796812	0.9280205655526992	0.8934010152284264
F1	0.6518046709129511	0.562200956937799	0.9025	0.8702101359703338
Micro-F1	0.8379526977087953
Macro-F1	0.8115724491991959
