Metric	alt.atheism	talk.religion.misc	comp.graphics	sci.space
Precision	0.5226039783001808	0.5544217687074829	0.8310185185185185	0.8481927710843373
Recall	0.9059561128526645	0.649402390438247	0.922879177377892	0.8934010152284264
F1	0.6628440366972477	0.5981651376146789	0.8745432399512789	0.8702101359703338
Micro-F1	0.8667775314116778
Macro-F1	0.8353322696890627
