Metric	alt.atheism	talk.religion.misc	comp.graphics	sci.space
Precision	0.4867549668874172	0.48484848484848486	0.921832884097035	0.8066825775656324
Recall	0.9216300940438872	0.7649402390438247	0.8791773778920309	0.8578680203045685
F1	0.6370530877573131	0.5935085007727975	0.9	0.8314883148831488
Micro-F1	0.8501478196600146
Macro-F1	0.8181905320005901
