Metric	alt.atheism	talk.religion.misc	comp.graphics	sci.space
Precision	0.5910224438902744	0.423728813559322	0.8035320088300221	0.8146453089244852
Recall	0.7429467084639498	0.896414342629482	0.9357326478149101	0.9035532994923858
F1	0.6583333333333334	0.5754475703324808	0.8646080760095013	0.8567990373044525
Micro-F1	0.8501478196600146
Macro-F1	0.8192699987544045
