Metric	alt.atheism	talk.religion.misc	comp.graphics	sci.space
Precision	0.486088379705401	0.3888888888888889	0.9455587392550143	0.7868480725623582
Recall	0.9310344827586207	0.9203187250996016	0.8483290488431876	0.8807106598984772
F1	0.6387096774193548	0.5467455621301776	0.8943089430894308	0.8311377245508982
Micro-F1	0.8266814486326681
Macro-F1	0.7971822855838804
