Metric	alt.atheism	talk.religion.misc	comp.graphics	sci.space
Precision	0.5103578154425612	0.4975	0.9115281501340483	0.7959183673469388
Recall	0.8495297805642633	0.7928286852589641	0.8740359897172236	0.8908629441624365
F1	0.6376470588235295	0.6113671274961597	0.8923884514435696	0.8407185628742515
Micro-F1	0.8566149297856613
Macro-F1	0.8245378720866903
