Metric	alt.atheism	talk.religion.misc	comp.graphics	sci.space
Precision	0.48792270531400966	0.3986371379897785	0.7931034482758621	0.9047619047619048
Recall	0.9498432601880877	0.9322709163346613	0.9460154241645244	0.868020304568528
F1	0.6446808510638298	0.558472553699284	0.8628370457209847	0.8860103626943004
Micro-F1	0.832039911308204
Macro-F1	0.805196260043543
