Metric	alt.atheism	talk.religion.misc	comp.graphics	sci.space
Precision	0.5787037037037037	0.5049751243781094	0.8888888888888888	0.755741127348643
Recall	0.7836990595611285	0.8087649402390438	0.9048843187660668	0.9187817258883249
F1	0.6657789613848203	0.6217457886676876	0.8968152866242036	0.829324169530355
Micro-F1	0.8654841093865484
Macro-F1	0.8342283186052198
