Metric	alt.atheism	talk.religion.misc	comp.graphics	sci.space
Precision	0.4911717495987159	0.47435897435897434	0.8997429305912596	0.8333333333333334
Recall	0.9592476489028213	0.7370517928286853	0.8997429305912596	0.8883248730964467
F1	0.6496815286624203	0.577223088923557	0.8997429305912596	0.85995085995086
Micro-F1	0.8534737620103473
Macro-F1	0.8232812688190418
