Metric	alt.atheism	talk.religion.misc	comp.graphics	sci.space
Precision	0.5478615071283096	0.5469255663430421	0.7665289256198347	0.7969094922737306
Recall	0.8432601880877743	0.6733067729083665	0.9537275064267352	0.916243654822335
F1	0.6641975308641975	0.6035714285714286	0.849942726231386	0.8524203069657614
Micro-F1	0.8614190687361419
Macro-F1	0.8301535773196653
