Metric	alt.atheism	talk.religion.misc	comp.graphics	sci.space
Precision	0.49516129032258066	0.3890728476821192	0.9505813953488372	0.7168674698795181
Recall	0.9623824451410659	0.9362549800796812	0.8406169665809768	0.9060913705583756
F1	0.6538871139510117	0.5497076023391813	0.8922237380627558	0.8004484304932736
Micro-F1	0.8213229859571323
Macro-F1	0.7932906609389204
