Metric	alt.atheism	talk.religion.misc	comp.graphics	sci.space
Precision	0.5522727272727272	0.43280632411067194	0.9002557544757033	0.7814569536423841
Recall	0.7617554858934169	0.8725099601593626	0.9048843187660668	0.8984771573604061
F1	0.6403162055335967	0.5785997357992074	0.9025641025641025	0.8358913813459267
Micro-F1	0.8508869179600886
Macro-F1	0.8190872494753096
