Metric	alt.atheism	talk.religion.misc	comp.graphics	sci.space
Precision	0.4151436031331593	0.3213828425096031	0.8275058275058275	0.9770114942528736
Recall	0.9968652037617555	1.0	0.9125964010282777	0.6472081218274112
F1	0.5861751152073733	0.4864341085271318	0.8679706601466992	0.7786259541984732
Micro-F1	0.7723577235772358
Macro-F1	0.7432588141883385
