Metric	alt.atheism	talk.religion.misc	comp.graphics	sci.space
Precision	0.5841121495327103	0.5137844611528822	0.8825	0.7833698030634574
Recall	0.7836990595611285	0.8167330677290837	0.9074550128534704	0.9086294416243654
F1	0.6693440428380187	0.6307692307692309	0.8948035487959443	0.8413631022326674
Micro-F1	0.8697339246119734
Macro-F1	0.8386637574110054
