Metric	alt.atheism	talk.religion.misc	comp.graphics	sci.space
Precision	0.4917218543046358	0.4349593495934959	0.8865979381443299	0.8406862745098039
Recall	0.9310344827586207	0.852589641434263	0.884318766066838	0.8705583756345178
F1	0.6435536294691224	0.576043068640646	0.8854568854568854	0.855361596009975
Micro-F1	0.8431263858093127
Macro-F1	0.8131733313057266
