Metric	alt.atheism	talk.religion.misc	comp.graphics	sci.space
Precision	0.5428015564202334	0.5409356725146199	0.9337016574585635	0.6618962432915921
Recall	0.8746081504702194	0.7370517928286853	0.8688946015424165	0.9390862944162437
F1	0.6698679471788714	0.6239460370994941	0.9001331557922769	0.776495278069255
Micro-F1	0.8547671840354767
Macro-F1	0.8233621318964779
