Metric	alt.atheism	talk.religion.misc	comp.graphics	sci.space
Precision	0.4428969359331476	0.34444444444444444	0.8560975609756097	0.9623287671232876
Recall	0.9968652037617555	0.9880478087649402	0.9023136246786633	0.7131979695431472
F1	0.6133076181292189	0.5108135942327496	0.8785982478097623	0.8192419825072885
Micro-F1	0.7973022912047303
Macro-F1	0.7681523969270654
