Metric	alt.atheism	talk.religion.misc	comp.graphics	sci.space
Precision	0.503731343283582	0.4585987261146497	0.8637469586374696	0.8470873786407767
Recall	0.8463949843260188	0.8605577689243028	0.9125964010282777	0.8857868020304569
F1	0.631578947368421	0.5983379501385042	0.8875000000000001	0.8660049627791563
Micro-F1	0.8516260162601628
Macro-F1	0.8213156589513316
