Metric	alt.atheism	talk.religion.misc	comp.graphics	sci.space
Precision	0.40488431876606684	0.3041871921182266	0.9253246753246753	0.8963414634146342
Recall	0.987460815047022	0.9840637450199203	0.7326478149100257	0.7461928934010152
F1	0.5742935278030994	0.4647224835371589	0.8177905308464849	0.8144044321329641
Micro-F1	0.7603473762010348
Macro-F1	0.7292941283319941
