Metric	alt.atheism	talk.religion.misc	comp.graphics	sci.space
Precision	0.5466101694915254	0.5091863517060368	0.8520286396181385	0.789010989010989
Recall	0.8087774294670846	0.7729083665338645	0.9177377892030848	0.9111675126903553
F1	0.652338811630847	0.6139240506329114	0.8836633663366337	0.8457008244994111
Micro-F1	0.8625277161862528
Macro-F1	0.8311835891381346
