Metric	alt.atheism	talk.religion.misc	comp.graphics	sci.space
Precision	0.6038251366120219	0.42829827915869984	0.7873684210526316	0.8309178743961353
Recall	0.6927899686520376	0.8924302788844621	0.961439588688946	0.8730964467005076
F1	0.6452554744525547	0.578811369509044	0.8657407407407407	0.8514851485148514
Micro-F1	0.8512564671101256
Macro-F1	0.8191265309277707
