Metric	alt.atheism	talk.religion.misc	comp.graphics	sci.space
Precision	0.5017064846416383	0.5371428571428571	0.8314087759815243	0.8098591549295775
Recall	0.9216300940438872	0.749003984063745	0.9254498714652957	0.8756345177664975
F1	0.6497237569060773	0.6256239600665557	0.8759124087591241	0.8414634146341464
Micro-F1	0.8569844789356985
Macro-F1	0.8266479192559126
