Metric	alt.atheism	talk.religion.misc	comp.graphics	sci.space
Precision	0.4272237196765499	0.3157894736842105	0.9488054607508533	0.6715481171548117
Recall	0.9937304075235109	0.9800796812749004	0.7146529562982005	0.8147208121827412
F1	0.5975494816211122	0.4776699029126213	0.81524926686217	0.7362385321100918
Micro-F1	0.7559127864005912
Macro-F1	0.7267884094956886
