Metric	alt.atheism	talk.religion.misc	comp.graphics	sci.space
Precision	0.5	0.39195979899497485	0.7105263157894737	0.944954128440367
Recall	0.9341692789968652	0.9322709163346613	0.9717223650385605	0.7842639593908629
F1	0.6513661202185792	0.5518867924528301	0.8208469055374593	0.8571428571428572
Micro-F1	0.8213229859571323
Macro-F1	0.7928324287028247
