Metric	alt.atheism	talk.religion.misc	comp.graphics	sci.space
Precision	0.5342465753424658	0.5373563218390804	0.8664987405541562	0.7942477876106194
Recall	0.8557993730407524	0.7450199203187251	0.884318766066838	0.9111675126903553
F1	0.6578313253012048	0.6243739565943238	0.8753180661577609	0.8486997635933807
Micro-F1	0.8641906873614191
Macro-F1	0.8326012497904791
