Metric	alt.atheism	talk.religion.misc	comp.graphics	sci.space
Precision	0.5217391304347826	0.42385321100917434	0.938375350140056	0.6873857404021938
Recall	0.8652037617554859	0.9203187250996016	0.8611825192802056	0.9543147208121827
F1	0.6509433962264151	0.5804020100502513	0.8981233243967828	0.7991498405951115
Micro-F1	0.8346267553584626
Macro-F1	0.8059335515910117
