Metric	alt.atheism	talk.religion.misc	comp.graphics	sci.space
Precision	0.5759036144578313	0.4344422700587084	0.85	0.7935034802784223
Recall	0.7492163009404389	0.8844621513944223	0.9177377892030848	0.868020304568528
F1	0.6512261580381471	0.5826771653543307	0.8825710754017305	0.8290909090909091
Micro-F1	0.8503325942350333
Macro-F1	0.8179686092062941
