Metric	alt.atheism	talk.religion.misc	comp.graphics	sci.space
Precision	0.518850987432675	0.37799043062200954	0.8122270742358079	0.8702290076335878
Recall	0.9059561128526645	0.9442231075697212	0.9562982005141388	0.868020304568528
F1	0.6598173515981735	0.5398633257403189	0.8783943329397875	0.869123252858958
Micro-F1	0.8322246858832226
Macro-F1	0.8049433084398119
