Metric	alt.atheism	talk.religion.misc	comp.graphics	sci.space
Precision	0.5448430493273543	0.42038216560509556	0.6974169741697417	0.6880733944954128
Recall	0.7617554858934169	0.7888446215139442	0.9717223650385605	0.9517766497461929
F1	0.6352941176470588	0.5484764542936287	0.8120300751879699	0.7987220447284346
Micro-F1	0.8209534368070953
Macro-F1	0.790789213378903
