Metric	alt.atheism	talk.religion.misc	comp.graphics	sci.space
Precision	0.5819477434679335	0.40943396226415096	0.7991360691144709	0.893048128342246
Recall	0.768025078369906	0.8645418326693227	0.9511568123393316	0.8477157360406091
F1	0.6621621621621623	0.5556978233034571	0.8685446009389672	0.8697916666666667
Micro-F1	0.8505173688100517
Macro-F1	0.8185706519597404
