Metric	alt.atheism	talk.religion.misc	comp.graphics	sci.space
Precision	0.5195035460992907	0.4094903339191564	0.8796068796068796	0.7365269461077845
Recall	0.9184952978056427	0.9282868525896414	0.9203084832904884	0.9365482233502538
F1	0.6636466591166478	0.5682926829268293	0.8994974874371858	0.8245810055865922
Micro-F1	0.835920177383592
Macro-F1	0.8094231685874289
