Metric	alt.atheism	talk.religion.misc	comp.graphics	sci.space
Precision	0.5096322241681261	0.38351822503961963	0.7690721649484537	0.8975741239892183
Recall	0.9122257053291536	0.9641434262948207	0.9588688946015425	0.8451776649746193
F1	0.6539325842696629	0.5487528344671202	0.8535469107551489	0.8705882352941177
Micro-F1	0.8276053215077606
Macro-F1	0.8003065996518275
