Metric	alt.atheism	talk.religion.misc	comp.graphics	sci.space
Precision	0.5246913580246914	0.4896551724137931	0.744	0.8553615960099751
Recall	0.799373040752351	0.848605577689243	0.9562982005141388	0.8705583756345178
F1	0.6335403726708074	0.6209912536443148	0.8368953880764906	0.8628930817610063
Micro-F1	0.8505173688100517
Macro-F1	0.8197156954282532
