Metric	alt.atheism	talk.religion.misc	comp.graphics	sci.space
Precision	0.5164835164835165	0.41035120147874304	0.9054054054054054	0.6752293577981652
Recall	0.8840125391849529	0.8844621513944223	0.8611825192802056	0.934010152284264
F1	0.6520231213872832	0.5606060606060606	0.8827404479578391	0.7838125665601704
Micro-F1	0.8261271249076128
Macro-F1	0.7967678426018803
