Metric	alt.atheism	talk.religion.misc	comp.graphics	sci.space
Precision	0.5612903225806452	0.4582441113490364	0.890818858560794	0.7484787018255578
Recall	0.8181818181818182	0.852589641434263	0.922879177377892	0.9365482233502538
F1	0.6658163265306124	0.596100278551532	0.9065656565656566	0.8320180383314543
Micro-F1	0.85679970436068
Macro-F1	0.8274829744167818
