Metric	alt.atheism	talk.religion.misc	comp.graphics	sci.space
Precision	0.32028112449799195	0.24925224327018944	0.8214285714285714	0.45084745762711864
Recall	1.0	0.9960159362549801	0.532133676092545	0.33756345177664976
F1	0.48517110266159696	0.3987240829346093	0.6458658346333853	0.38606676342525403
Micro-F1	0.6154841093865484
Macro-F1	0.5828839941371619
