Metric	alt.atheism	talk.religion.misc	comp.graphics	sci.space
Precision	0.5465116279069767	0.3979591836734694	0.8886075949367088	0.6875
Recall	0.8840125391849529	0.9322709163346613	0.9023136246786633	0.9213197969543148
F1	0.675449101796407	0.5578069129916567	0.8954081632653061	0.7874186550976139
Micro-F1	0.8300073909830007
Macro-F1	0.802110591429816
