Metric	alt.atheism	talk.religion.misc	comp.graphics	sci.space
Precision	0.5623678646934461	0.46709129511677283	0.8839506172839506	0.7412731006160165
Recall	0.8338557993730408	0.8764940239043825	0.9203084832904884	0.916243654822335
F1	0.6717171717171717	0.6094182825484764	0.9017632241813602	0.8195232690124857
Micro-F1	0.8560606060606061
Macro-F1	0.826846336344051
