Metric	alt.atheism	talk.religion.misc	comp.graphics	sci.space
Precision	0.46776611694152925	0.41100917431192663	0.8774509803921569	0.8111888111888111
Recall	0.9780564263322884	0.8924302788844621	0.9203084832904884	0.883248730964467
F1	0.6328600405679513	0.5628140703517588	0.8983688833124216	0.8456865127582017
Micro-F1	0.8303769401330376
Macro-F1	0.8032361961222108
