Metric	alt.atheism	talk.religion.misc	comp.graphics	sci.space
Precision	0.5255474452554745	0.5329341317365269	0.9051282051282051	0.7680851063829788
Recall	0.9028213166144201	0.7091633466135459	0.9074550128534704	0.916243654822335
F1	0.6643598615916956	0.6085470085470086	0.9062901155327343	0.8356481481481483
Micro-F1	0.8641906873614191
Macro-F1	0.8337119018212047
