Metric	alt.atheism	talk.religion.misc	comp.graphics	sci.space
Precision	0.5328330206378987	0.6225490196078431	0.7681159420289855	0.8571428571428571
Recall	0.890282131661442	0.5059760956175299	0.9537275064267352	0.868020304568528
F1	0.6666666666666666	0.5582417582417583	0.8509174311926605	0.8625472887767971
Micro-F1	0.8662232076866222
Macro-F1	0.8320935969541498
