Metric	alt.atheism	talk.religion.misc	comp.graphics	sci.space
Precision	0.5096660808435852	0.3959731543624161	0.9475138121546961	0.6981132075471698
Recall	0.9090909090909091	0.9402390438247012	0.8817480719794345	0.9390862944162437
F1	0.6531531531531531	0.5572609208972845	0.9134487350199734	0.800865800865801
Micro-F1	0.827790096082779
Macro-F1	0.8004890486176979
