Metric	alt.atheism	talk.religion.misc	comp.graphics	sci.space
Precision	0.5425742574257426	0.5192307692307693	0.7782426778242678	0.8809523809523809
Recall	0.8589341692789969	0.7529880478087649	0.9562982005141388	0.8451776649746193
F1	0.6650485436893204	0.6146341463414634	0.8581314878892734	0.8626943005181347
Micro-F1	0.8628972653362897
Macro-F1	0.831571498387648
