Metric	alt.atheism	talk.religion.misc	comp.graphics	sci.space
Precision	0.5945945945945946	0.41983122362869196	0.8533653846153846	0.813953488372093
Recall	0.7586206896551724	0.7928286852589641	0.9125964010282777	0.8883248730964467
F1	0.6666666666666667	0.5489655172413792	0.8819875776397514	0.8495145631067961
Micro-F1	0.8543976348854397
Macro-F1	0.8211998229043684
