Metric	alt.atheism	talk.religion.misc	comp.graphics	sci.space
Precision	0.5727069351230425	0.4376321353065539	0.8944723618090452	0.7536534446764092
Recall	0.8025078369905956	0.8247011952191236	0.9151670951156813	0.916243654822335
F1	0.6684073107049608	0.5718232044198895	0.9047013977128335	0.8270332187857962
Micro-F1	0.8540280857354028
Macro-F1	0.8231306700423198
