Metric	alt.atheism	talk.religion.misc	comp.graphics	sci.space
Precision	0.5161290322580645	0.5053475935828877	0.8505747126436781	0.9246376811594202
Recall	0.8526645768025078	0.7529880478087649	0.9511568123393316	0.8096446700507615
F1	0.6430260047281324	0.6048	0.8980582524271844	0.8633288227334236
Micro-F1	0.8643754619364376
Macro-F1	0.831925892516393
