Metric	alt.atheism	talk.religion.misc	comp.graphics	sci.space
Precision	0.43705799151343705	0.3601190476190476	0.627906976744186	0.9903381642512077
Recall	0.9686520376175548	0.9641434262948207	0.9717223650385605	0.5203045685279187
F1	0.6023391812865496	0.5243770314192849	0.7628657921291624	0.682196339434276
Micro-F1	0.7647819660014782
Macro-F1	0.7328532132350629
