Metric	alt.atheism	talk.religion.misc	comp.graphics	sci.space
Precision	0.5870069605568445	0.49411764705882355	0.8959390862944162	0.6865942028985508
Recall	0.7931034482758621	0.8366533864541833	0.9074550128534704	0.9619289340101523
F1	0.6746666666666667	0.621301775147929	0.9016602809706257	0.8012684989429176
Micro-F1	0.8586474501108646
Macro-F1	0.8288877422202586
