Metric	alt.atheism	talk.religion.misc	comp.graphics	sci.space
Precision	0.5008291873963516	0.3829787234042553	0.9164490861618799	0.6897880539499036
Recall	0.9467084639498433	0.9322709163346613	0.9023136246786633	0.9086294416243654
F1	0.6550976138828634	0.54292343387471	0.9093264248704663	0.7842278203723986
Micro-F1	0.8191056910569106
Macro-F1	0.7923396876951709
