Metric	alt.atheism	talk.religion.misc	comp.graphics	sci.space
Precision	0.5845771144278606	0.42638623326959846	0.8026315789473685	0.7063197026022305
Recall	0.7366771159874608	0.8884462151394422	0.9408740359897172	0.9644670050761421
F1	0.6518723994452149	0.5762273901808787	0.8662721893491124	0.8154506437768241
Micro-F1	0.8403547671840355
Macro-F1	0.8107672703161908
