Metric	alt.atheism	talk.religion.misc	comp.graphics	sci.space
Precision	0.5740740740740741	0.5077720207253886	0.8360655737704918	0.7414829659318637
Recall	0.7774294670846394	0.7808764940239044	0.9177377892030848	0.9390862944162437
F1	0.6604527296937416	0.6153846153846154	0.875	0.8286674132138858
Micro-F1	0.8604951958610495
Macro-F1	0.8292531808440929
