Metric	alt.atheism	talk.religion.misc	comp.graphics	sci.space
Precision	0.5354477611940298	0.5054347826086957	0.6979742173112339	0.8205128205128205
Recall	0.8996865203761756	0.7410358565737052	0.974293059125964	0.8934010152284264
F1	0.671345029239766	0.6009693053311794	0.8133047210300429	0.8554070473876063
Micro-F1	0.84830007390983
Macro-F1	0.81882214159003
