Metric	alt.atheism	talk.religion.misc	comp.graphics	sci.space
Precision	0.5636792452830188	0.4539614561027837	0.8786407766990292	0.8133640552995391
Recall	0.7492163009404389	0.8446215139442231	0.9305912596401028	0.8959390862944162
F1	0.6433378196500672	0.5905292479108635	0.9038701622971287	0.8526570048309178
Micro-F1	0.8599408721359941
Macro-F1	0.8283418821444084
