Metric	alt.atheism	talk.religion.misc	comp.graphics	sci.space
Precision	0.5654885654885655	0.551948051948052	0.8256880733944955	0.756198347107438
Recall	0.8526645768025078	0.6772908366533864	0.9254498714652957	0.9289340101522843
F1	0.68	0.6082289803220037	0.8727272727272727	0.8337129840546696
Micro-F1	0.8658536585365854
Macro-F1	0.8346837353123484
