Metric	alt.atheism	talk.religion.misc	comp.graphics	sci.space
Precision	0.5	0.39152542372881355	0.7880085653104925	0.8891820580474934
Recall	0.9216300940438872	0.9203187250996016	0.9460154241645244	0.8553299492385786
F1	0.6482910694597575	0.5493460166468489	0.8598130841121495	0.8719275549805952
Micro-F1	0.8305617147080562
Macro-F1	0.8026601884588114
