Metric	alt.atheism	talk.religion.misc	comp.graphics	sci.space
Precision	0.5628865979381443	0.5821596244131455	0.8645320197044335	0.6678635547576302
Recall	0.8557993730407524	0.4940239043824701	0.9023136246786633	0.9441624365482234
F1	0.6791044776119403	0.5344827586206897	0.8830188679245283	0.7823343848580442
Micro-F1	0.8569844789356985
Macro-F1	0.8220473471218819
