Metric	alt.atheism	talk.religion.misc	comp.graphics	sci.space
Precision	0.5707964601769911	0.5082417582417582	0.8872180451127819	0.7261904761904762
Recall	0.8087774294670846	0.7370517928286853	0.910025706940874	0.9289340101522843
F1	0.669260700389105	0.6016260162601625	0.8984771573604061	0.8151447661469932
Micro-F1	0.8621581670362158
Macro-F1	0.8304641140995872
