Metric	alt.atheism	talk.religion.misc	comp.graphics	sci.space
Precision	0.5255474452554745	0.5290322580645161	0.87409200968523	0.7338709677419355
Recall	0.9028213166144201	0.6533864541832669	0.9280205655526992	0.9238578680203046
F1	0.6643598615916956	0.5846702317290552	0.9002493765586035	0.8179775280898878
Micro-F1	0.8584626755358463
Macro-F1	0.8275291556833612
