Metric	alt.atheism	talk.religion.misc	comp.graphics	sci.space
Precision	0.639344262295082	0.4874141876430206	0.9162303664921466	0.6696428571428571
Recall	0.6112852664576802	0.848605577689243	0.8997429305912596	0.9517766497461929
F1	0.625	0.6191860465116279	0.9079118028534371	0.7861635220125787
Micro-F1	0.8575388026607539
Macro-F1	0.8235599389558654
