Metric	alt.atheism	talk.religion.misc	comp.graphics	sci.space
Precision	0.5651260504201681	0.49742268041237114	0.8967254408060453	0.7365269461077845
Recall	0.8432601880877743	0.7689243027888446	0.9151670951156813	0.9365482233502538
F1	0.6767295597484276	0.6040688575899843	0.905852417302799	0.8245810055865922
Micro-F1	0.8630820399113082
Macro-F1	0.832998681785085
