Metric	alt.atheism	talk.religion.misc	comp.graphics	sci.space
Precision	0.5166051660516605	0.4495798319327731	0.8588516746411483	0.8480392156862745
Recall	0.877742946708464	0.852589641434263	0.922879177377892	0.8781725888324873
F1	0.6504065040650406	0.5887207702888583	0.8897149938042133	0.8628428927680798
Micro-F1	0.8523651145602367
Macro-F1	0.8226593954711787
