Metric	alt.atheism	talk.religion.misc	comp.graphics	sci.space
Precision	0.49592169657422513	0.3777429467084639	0.8187919463087249	0.8883116883116883
Recall	0.9529780564263323	0.9601593625498008	0.9408740359897172	0.868020304568528
F1	0.6523605150214593	0.5421822272215973	0.8755980861244018	0.8780487804878049
Micro-F1	0.8281596452328159
Macro-F1	0.8017283163144714
