Metric	alt.atheism	talk.religion.misc	comp.graphics	sci.space
Precision	0.5090252707581228	0.5213414634146342	0.9138888888888889	0.7574468085106383
Recall	0.8840125391849529	0.6812749003984063	0.8457583547557841	0.9035532994923858
F1	0.6460481099656357	0.5906735751295337	0.8785046728971962	0.8240740740740742
Micro-F1	0.8542128603104213
Macro-F1	0.8204445629313915
