Metric	alt.atheism	talk.religion.misc	comp.graphics	sci.space
Precision	0.49673202614379086	0.4470338983050847	0.921832884097035	0.8008948545861297
Recall	0.9529780564263323	0.8406374501992032	0.8791773778920309	0.9086294416243654
F1	0.6530612244897959	0.5836791147994467	0.9	0.8513674197384067
Micro-F1	0.8475609756097561
Macro-F1	0.8187732766383373
