Metric	alt.atheism	talk.religion.misc	comp.graphics	sci.space
Precision	0.549800796812749	0.47575057736720555	0.8511627906976744	0.8282352941176471
Recall	0.8652037617554859	0.8207171314741036	0.9408740359897172	0.8934010152284264
F1	0.6723507917174177	0.6023391812865497	0.8937728937728937	0.8595848595848598
Micro-F1	0.8627124907612712
Macro-F1	0.8334347290708242
