Metric	alt.atheism	talk.religion.misc	comp.graphics	sci.space
Precision	0.5389221556886228	0.5598705501618123	0.8157303370786517	0.8085585585585585
Recall	0.8463949843260188	0.6892430278884463	0.9331619537275064	0.9111675126903553
F1	0.6585365853658537	0.6178571428571429	0.8705035971223022	0.8568019093078758
Micro-F1	0.8665927568366593
Macro-F1	0.8352681164161566
