Metric	alt.atheism	talk.religion.misc	comp.graphics	sci.space
Precision	0.5215686274509804	0.414	0.7525354969574036	0.6393162393162393
Recall	0.8338557993730408	0.8247011952191236	0.9537275064267352	0.949238578680203
F1	0.6417370325693608	0.5512649800266312	0.8412698412698413	0.7640449438202246
Micro-F1	0.8143015521064302
Macro-F1	0.7859051065851343
