Metric	alt.atheism	talk.religion.misc	comp.graphics	sci.space
Precision	0.4162303664921466	0.35912408759124087	0.9056603773584906	0.8423645320197044
Recall	0.9968652037617555	0.9800796812749004	0.8637532133676092	0.868020304568528
F1	0.5872576177285318	0.5256410256410257	0.8842105263157896	0.855
Micro-F1	0.7976718403547673
Macro-F1	0.7714549502879982
