Metric	alt.atheism	talk.religion.misc	comp.graphics	sci.space
Precision	0.48264984227129337	0.3761755485893417	0.7901498929336188	0.9005524861878453
Recall	0.9592476489028213	0.9561752988047809	0.9485861182519281	0.8274111675126904
F1	0.6421825813221407	0.5399325084364455	0.8621495327102803	0.8624338624338624
Micro-F1	0.8203991130820399
Macro-F1	0.7933505604577
