Metric	alt.atheism	talk.religion.misc	comp.graphics	sci.space
Precision	0.4726443768996961	0.3992740471869328	0.8605200945626478	0.9043715846994536
Recall	0.9749216300940439	0.8764940239043825	0.9357326478149101	0.8401015228426396
F1	0.6366427840327533	0.5486284289276808	0.896551724137931	0.8710526315789474
Micro-F1	0.8338876570583887
Macro-F1	0.8057110641580354
