Metric	alt.atheism	talk.religion.misc	comp.graphics	sci.space
Precision	0.5165794066317626	0.3949579831932773	0.8387850467289719	0.7982261640798226
Recall	0.9278996865203761	0.9362549800796812	0.922879177377892	0.9137055837563451
F1	0.663677130044843	0.5555555555555555	0.8788249694002449	0.8520710059171597
Micro-F1	0.8337028824833703
Macro-F1	0.8070328346855984
