Metric	alt.atheism	talk.religion.misc	comp.graphics	sci.space
Precision	0.5644820295983086	0.5037406483790524	0.8141592920353983	0.8622448979591837
Recall	0.8369905956112853	0.8047808764940239	0.9460154241645244	0.8578680203045685
F1	0.6742424242424243	0.6196319018404908	0.8751486325802617	0.8600508905852418
Micro-F1	0.8667775314116778
Macro-F1	0.836113397433617
