Metric	alt.atheism	talk.religion.misc	comp.graphics	sci.space
Precision	0.5193370165745856	0.4083044982698962	0.7810526315789473	0.8177676537585421
Recall	0.8840125391849529	0.9402390438247012	0.9537275064267352	0.9111675126903553
F1	0.654292343387471	0.5693606755126658	0.8587962962962963	0.8619447779111644
Micro-F1	0.8351810790835181
Macro-F1	0.8083804307580531
