Metric	alt.atheism	talk.religion.misc	comp.graphics	sci.space
Precision	0.4772727272727273	0.3609467455621302	0.9528023598820059	0.7814569536423841
Recall	0.987460815047022	0.9721115537848606	0.8303341902313625	0.8984771573604061
F1	0.6435137895812053	0.5264293419633225	0.8873626373626373	0.8358913813459267
Micro-F1	0.8135624538063563
Macro-F1	0.7863654930641752
