Metric	alt.atheism	talk.religion.misc	comp.graphics	sci.space
Precision	0.5465587044534413	0.5353846153846153	0.811529933481153	0.8529411764705882
Recall	0.8463949843260188	0.6932270916334662	0.9408740359897172	0.883248730964467
F1	0.6642066420664208	0.6041666666666666	0.8714285714285714	0.8678304239401496
Micro-F1	0.8678861788617886
Macro-F1	0.8361776252516714
