Metric	alt.atheism	talk.religion.misc	comp.graphics	sci.space
Precision	0.5302713987473904	0.43636363636363634	0.8390804597701149	0.6649122807017543
Recall	0.7962382445141066	0.8605577689243028	0.9383033419023136	0.9619289340101523
F1	0.6365914786967418	0.5790884718498659	0.8859223300970874	0.7863070539419087
Micro-F1	0.8329637841832964
Macro-F1	0.8040147185409134
