Metric	alt.atheism	talk.religion.misc	comp.graphics	sci.space
Precision	1.0	0.0	0.9596977329974811	0.4045881126173097
Recall	0.003134796238244514	0.0	0.9794344473007712	0.9847715736040609
F1	0.00625	0.0	0.9694656488549619	0.573540280857354
Micro-F1	0.7838137472283815
Macro-F1	0.7120352322576713
