Metric	alt.atheism	talk.religion.misc	comp.graphics	sci.space
Precision	0.5356521739130434	0.4191304347826087	0.9762532981530343	0.949874686716792
Recall	0.9655172413793104	0.9601593625498008	0.9511568123393316	0.9619289340101523
F1	0.6890380313199105	0.5835351089588379	0.9635416666666665	0.9558638083228247
Micro-F1	0.8734294161123429
Macro-F1	0.850204757177411
