Metric	alt.atheism	talk.religion.misc	comp.graphics	sci.space
Precision	0.5309278350515464	0.42160278745644597	0.9865591397849462	0.9427860696517413
Recall	0.9686520376175548	0.9641434262948207	0.9434447300771208	0.9619289340101523
F1	0.6859045504994451	0.5866666666666667	0.9645203679369251	0.9522613065326634
Micro-F1	0.872690317812269
Macro-F1	0.8493818925421122
