Metric	alt.atheism	talk.religion.misc	comp.graphics	sci.space
Precision	0.5392857142857143	0.4283154121863799	0.9738903394255874	0.8941176470588236
Recall	0.9467084639498433	0.952191235059761	0.9588688946015425	0.9644670050761421
F1	0.6871444823663253	0.5908529048207664	0.9663212435233159	0.9279609279609281
Micro-F1	0.8723207686622321
Macro-F1	0.8488405947359454
