Metric	alt.atheism	talk.religion.misc	comp.graphics	sci.space
Precision	0.5377855887521968	0.4235500878734622	0.9429280397022333	0.952755905511811
Recall	0.9592476489028213	0.9601593625498008	0.9768637532133676	0.9213197969543148
F1	0.6891891891891891	0.5878048780487806	0.9595959595959597	0.9367741935483872
Micro-F1	0.8715816703621582
Macro-F1	0.8478605426733636
