Metric	alt.atheism	talk.religion.misc	comp.graphics	sci.space
Precision	0.5262237762237763	0.41083916083916083	0.9944598337950139	0.8981042654028436
Recall	0.9435736677115988	0.9362549800796812	0.922879177377892	0.9619289340101523
F1	0.6756453423120091	0.5710814094775212	0.9573333333333335	0.928921568627451
Micro-F1	0.8647450110864745
Macro-F1	0.8398992576882292
