Metric	alt.atheism	talk.religion.misc	comp.graphics	sci.space
Precision	0.5394265232974911	0.4283154121863799	0.8962264150943396	0.956989247311828
Recall	0.9435736677115988	0.952191235059761	0.9768637532133676	0.9035532994923858
F1	0.6864310148232611	0.5908529048207664	0.9348093480934809	0.9295039164490861
Micro-F1	0.8682557280118256
Macro-F1	0.8436493155325122
