Metric	alt.atheism	talk.religion.misc	comp.graphics	sci.space
Precision	0.5346020761245674	0.4186851211072664	0.9712793733681462	0.9540816326530612
Recall	0.9686520376175548	0.9641434262948207	0.9562982005141388	0.949238578680203
F1	0.688963210702341	0.5838359469240049	0.9637305699481865	0.9516539440203563
Micro-F1	0.8725055432372505
Macro-F1	0.8491892206243923
