Metric	alt.atheism	talk.religion.misc	comp.graphics	sci.space
Precision	0.5407801418439716	0.425531914893617	0.951530612244898	0.945
Recall	0.9561128526645768	0.9561752988047809	0.9588688946015425	0.9593908629441624
F1	0.6908267270668176	0.588957055214724	0.9551856594110116	0.9521410579345088
Micro-F1	0.8741685144124168
Macro-F1	0.8508736376325678
