Metric	alt.atheism	talk.religion.misc	comp.graphics	sci.space
Precision	0.5334507042253521	0.4278169014084507	0.9423558897243107	0.9484536082474226
Recall	0.9498432601880877	0.9681274900398407	0.9665809768637532	0.934010152284264
F1	0.6832018038331453	0.5934065934065934	0.9543147208121827	0.9411764705882354
Micro-F1	0.8713968957871396
Macro-F1	0.8476679653150242
