Metric	alt.atheism	talk.religion.misc	comp.graphics	sci.space
Precision	0.5521023765996343	0.43148148148148147	0.9741602067183462	0.9164677804295943
Recall	0.9467084639498433	0.9282868525896414	0.9691516709511568	0.9746192893401016
F1	0.697459584295612	0.5891276864728192	0.9716494845360825	0.9446494464944649
Micro-F1	0.8791574279379157
Macro-F1	0.8561094012290661
