Metric	alt.atheism	talk.religion.misc	comp.graphics	sci.space
Precision	0.5400696864111498	0.4253075571177504	0.9692307692307692	0.9568527918781726
Recall	0.9717868338557993	0.9641434262948207	0.9717223650385605	0.9568527918781726
F1	0.6942889137737961	0.5902439024390244	0.9704749679075738	0.9568527918781726
Micro-F1	0.876940133037694
Macro-F1	0.8543345705196184
