Metric	alt.atheism	talk.religion.misc	comp.graphics	sci.space
Precision	0.5355871886120996	0.4306049822064057	0.9560723514211886	0.9308641975308642
Recall	0.9435736677115988	0.9641434262948207	0.9511568123393316	0.9568527918781726
F1	0.6833144154370033	0.5953259532595326	0.9536082474226804	0.9436795994993743
Micro-F1	0.872690317812269
Macro-F1	0.8490171494489578
