Metric	alt.atheism	talk.religion.misc	comp.graphics	sci.space
Precision	0.5250836120401338	0.4131534569983137	0.9670050761421319	0.978021978021978
Recall	0.9843260188087775	0.9760956175298805	0.9794344473007712	0.9035532994923858
F1	0.6848418756815703	0.580568720379147	0.9731800766283525	0.9393139841688655
Micro-F1	0.868810051736881
Macro-F1	0.8452945053886753
