Metric	alt.atheism	talk.religion.misc	comp.graphics	sci.space
Precision	0.5424954792043399	0.43399638336347196	0.952020202020202	0.9381188118811881
Recall	0.9404388714733543	0.9561752988047809	0.9691516709511568	0.9619289340101523
F1	0.6880733944954128	0.5970149253731344	0.9605095541401274	0.9498746867167919
Micro-F1	0.8767553584626756
Macro-F1	0.8535833961857012
