Metric	alt.atheism	talk.religion.misc	comp.graphics	sci.space
Precision	0.5476190476190477	0.4340659340659341	0.9504950495049505	0.9310344827586207
Recall	0.9373040752351097	0.9442231075697212	0.987146529562982	0.9593908629441624
F1	0.6913294797687862	0.5947302383939774	0.9684741488020177	0.945
Micro-F1	0.8782335550628233
Macro-F1	0.8552382900662598
