Metric	alt.atheism	talk.religion.misc	comp.graphics	sci.space
Precision	0.537521815008726	0.4220665499124343	0.9767441860465116	0.9516539440203562
Recall	0.9655172413793104	0.9601593625498008	0.9717223650385605	0.949238578680203
F1	0.6905829596412557	0.5863746958637469	0.9742268041237113	0.9504447268106734
Micro-F1	0.8752771618625277
Macro-F1	0.8522897036773196
