Metric	alt.atheism	talk.religion.misc	comp.graphics	sci.space
Precision	0.5440140845070423	0.4265486725663717	0.9669211195928753	0.9541984732824428
Recall	0.9686520376175548	0.9601593625498008	0.9768637532133676	0.9517766497461929
F1	0.6967305524239008	0.5906862745098039	0.9718670076726343	0.9529860228716646
Micro-F1	0.8776792313377679
Macro-F1	0.8550091816543037
