Metric	alt.atheism	talk.religion.misc	comp.graphics	sci.space
Precision	0.5245346869712352	0.4135593220338983	0.9530026109660574	0.9434447300771208
Recall	0.9717868338557993	0.9721115537848606	0.9383033419023136	0.9314720812182741
F1	0.6813186813186813	0.5802615933412604	0.9455958549222798	0.937420178799489
Micro-F1	0.8643754619364376
Macro-F1	0.840173541153983
