Metric	alt.atheism	talk.religion.misc	comp.graphics	sci.space
Precision	0.5414462081128748	0.42151675485008816	0.9097387173396675	0.9726027397260274
Recall	0.9623824451410659	0.952191235059761	0.9845758354755784	0.9010152284263959
F1	0.6930022573363431	0.5843520782396088	0.9456790123456791	0.9354413702239789
Micro-F1	0.8697339246119734
Macro-F1	0.8456180830116891
