Metric	alt.atheism	talk.religion.misc	comp.graphics	sci.space
Precision	0.5446584938704028	0.42579505300353354	0.9528535980148883	0.9585492227979274
Recall	0.9749216300940439	0.9601593625498008	0.987146529562982	0.9390862944162437
F1	0.6988764044943819	0.5899632802937577	0.9696969696969696	0.9487179487179487
Micro-F1	0.8767553584626756
Macro-F1	0.8540907043254351
