Metric	alt.atheism	talk.religion.misc	comp.graphics	sci.space
Precision	0.541970802919708	0.42883211678832117	0.9408866995073891	0.9323308270676691
Recall	0.9310344827586207	0.9362549800796812	0.9820051413881749	0.9441624365482234
F1	0.6851211072664359	0.588235294117647	0.9610062893081761	0.9382093316519546
Micro-F1	0.8739837398373984
Macro-F1	0.8501596652915342
