Metric	alt.atheism	talk.religion.misc	comp.graphics	sci.space
Precision	0.5394265232974911	0.4283154121863799	0.9568527918781726	0.9301745635910225
Recall	0.9435736677115988	0.952191235059761	0.9691516709511568	0.9467005076142132
F1	0.6864310148232611	0.5908529048207664	0.962962962962963	0.938364779874214
Micro-F1	0.8736141906873615
Macro-F1	0.849982492997199
