Metric	alt.atheism	talk.religion.misc	comp.graphics	sci.space
Precision	0.5528756957328386	0.43289224952741023	0.9477611940298507	0.9130434782608695
Recall	0.9341692789968652	0.9123505976095617	0.9794344473007712	0.9593908629441624
F1	0.6946386946386947	0.5871794871794872	0.9633375474083439	0.9356435643564356
Micro-F1	0.8771249076127124
Macro-F1	0.8534564696722223
