Metric	alt.atheism	talk.religion.misc	comp.graphics	sci.space
Precision	0.5300171526586621	0.41680960548885077	0.9712041884816754	0.9537275064267352
Recall	0.9686520376175548	0.9681274900398407	0.9537275064267352	0.9416243654822335
F1	0.6851441241685143	0.5827338129496403	0.9623865110246433	0.9476372924648786
Micro-F1	0.8702882483370288
Macro-F1	0.8467242724572616
