Metric	alt.atheism	talk.religion.misc	comp.graphics	sci.space
Precision	0.5380530973451327	0.4247787610619469	0.8875878220140515	0.96398891966759
Recall	0.9529780564263323	0.9561752988047809	0.974293059125964	0.883248730964467
F1	0.6877828054298644	0.5882352941176471	0.928921568627451	0.9218543046357616
Micro-F1	0.86529933481153
Macro-F1	0.8403072177644635
