Metric	alt.atheism	talk.religion.misc	comp.graphics	sci.space
Precision	0.5342706502636204	0.4242957746478873	0.9502487562189055	0.95822454308094
Recall	0.9529780564263323	0.9601593625498008	0.9820051413881749	0.9314720812182741
F1	0.6846846846846847	0.5885225885225885	0.9658659924146649	0.9446589446589447
Micro-F1	0.873059866962306
Macro-F1	0.8496117882253248
