Metric	alt.atheism	talk.religion.misc	comp.graphics	sci.space
Precision	0.5555555555555556	0.4329501915708812	0.9812834224598931	0.8358531317494601
Recall	0.9090909090909091	0.900398406374502	0.9434447300771208	0.9822335025380711
F1	0.6896551724137931	0.5847347994825355	0.9619921363040629	0.9031505250875147
Micro-F1	0.8717664449371767
Macro-F1	0.8469844854938022
