Metric	PAST SMOKER	CURRENT SMOKER	NON-SMOKER	UNKNOWN
Precision	0.26666666666666666	0.0	0.2647058823529412	0.803921568627451
Recall	0.36363636363636365	0.0	0.5625	0.6507936507936508
F1	0.30769230769230765	0.0	0.36000000000000004	0.7192982456140351
Micro-F1	0.7572115384615384
Macro-F1	0.6773138156934727
