Metric	PAST SMOKER	CURRENT SMOKER	NON-SMOKER	UNKNOWN
Precision	0.2	0.0	0.2894736842105263	0.8035714285714286
Recall	0.2727272727272727	0.0	0.6875	0.7142857142857143
F1	0.23076923076923075	0.0	0.4074074074074074	0.7563025210084034
Micro-F1	0.7740384615384616
Macro-F1	0.7024954351795496
