Metric	PAST SMOKER	CURRENT SMOKER	NON-SMOKER	UNKNOWN
Precision	0.26666666666666666	0.0	0.2857142857142857	0.8
Recall	0.36363636363636365	0.0	0.75	0.7619047619047619
F1	0.30769230769230765	0.0	0.4137931034482759	0.7804878048780488
Micro-F1	0.7692307692307693
Macro-F1	0.7067669172932332
