Metric	PAST SMOKER	CURRENT SMOKER	NON-SMOKER	UNKNOWN
Precision	0.2857142857142857	0.0	0.4	0.7758620689655172
Recall	0.36363636363636365	0.0	0.625	0.7142857142857143
F1	0.32	0.0	0.48780487804878053	0.7438016528925621
Micro-F1	0.7836538461538463
Macro-F1	0.7115384615384615
