Metric	PAST SMOKER	CURRENT SMOKER	NON-SMOKER	UNKNOWN
Precision	0.1875	0.0	0.3333333333333333	0.8245614035087719
Recall	0.2727272727272727	0.0	0.6875	0.746031746031746
F1	0.2222222222222222	0.0	0.4489795918367347	0.7833333333333334
Micro-F1	0.7860576923076923
Macro-F1	0.7174409109294747
