Metric	PAST SMOKER	CURRENT SMOKER	NON-SMOKER	UNKNOWN
Precision	0.16666666666666666	0.15384615384615385	0.24242424242424243	0.8148148148148148
Recall	0.45454545454545453	0.18181818181818182	0.5	0.6984126984126984
F1	0.2439024390243902	0.16666666666666669	0.326530612244898	0.7521367521367521
Micro-F1	0.7283653846153846
Macro-F1	0.6614012720501905
