Metric	PAST SMOKER	CURRENT SMOKER	NON-SMOKER	UNKNOWN
Precision	0.2727272727272727	0.0	0.34615384615384615	0.7931034482758621
Recall	0.2727272727272727	0.0	0.5625	0.7301587301587301
F1	0.2727272727272727	0.0	0.4285714285714286	0.7603305785123967
Micro-F1	0.7908653846153846
Macro-F1	0.7165568930274813
