Metric	PAST SMOKER	CURRENT SMOKER	NON-SMOKER	UNKNOWN
Precision	0.25	0.0	0.39285714285714285	0.7796610169491526
Recall	0.45454545454545453	0.0	0.6875	0.7301587301587301
F1	0.3225806451612903	0.0	0.5	0.7540983606557377
Micro-F1	0.7836538461538463
Macro-F1	0.7169040921876417
