Metric	PAST SMOKER	CURRENT SMOKER	NON-SMOKER	UNKNOWN
Precision	0.23076923076923078	0.0	0.3125	0.8103448275862069
Recall	0.2727272727272727	0.0	0.625	0.746031746031746
F1	0.24999999999999994	0.0	0.4166666666666667	0.7768595041322314
Micro-F1	0.78125
Macro-F1	0.7110912684784516
