Metric	PAST SMOKER	CURRENT SMOKER	NON-SMOKER	UNKNOWN
Precision	0.2857142857142857	0.0	0.2727272727272727	0.7966101694915254
Recall	0.36363636363636365	0.0	0.375	0.746031746031746
F1	0.32	0.0	0.3157894736842105	0.7704918032786885
Micro-F1	0.7836538461538463
Macro-F1	0.7077557137504683
