Metric	PAST SMOKER	CURRENT SMOKER	NON-SMOKER	UNKNOWN
Precision	0.2222222222222222	0.0	0.30434782608695654	0.7777777777777778
Recall	0.36363636363636365	0.0	0.4375	0.7777777777777778
F1	0.27586206896551724	0.0	0.358974358974359	0.7777777777777778
Micro-F1	0.7836538461538463
Macro-F1	0.7133670188332568
