Metric	PAST SMOKER	CURRENT SMOKER	NON-SMOKER	UNKNOWN
Precision	0.2222222222222222	0.0	0.3235294117647059	0.8490566037735849
Recall	0.36363636363636365	0.0	0.6875	0.7142857142857143
F1	0.27586206896551724	0.0	0.44000000000000006	0.7758620689655172
Micro-F1	0.7764423076923077
Macro-F1	0.706568977678673
