Metric	PAST SMOKER	CURRENT SMOKER	NON-SMOKER	UNKNOWN
Precision	0.18181818181818182	0.0	0.2857142857142857	0.8070175438596491
Recall	0.18181818181818182	0.0	0.5	0.7301587301587301
F1	0.18181818181818182	0.0	0.36363636363636365	0.7666666666666667
Micro-F1	0.7740384615384616
Macro-F1	0.696764787989702
