Metric	PAST SMOKER	CURRENT SMOKER	NON-SMOKER	UNKNOWN
Precision	0.2222222222222222	0.0	0.3793103448275862	0.8032786885245902
Recall	0.36363636363636365	0.0	0.6875	0.7777777777777778
F1	0.27586206896551724	0.0	0.4888888888888889	0.7903225806451613
Micro-F1	0.7932692307692307
Macro-F1	0.7294861325348576
