Metric	PAST SMOKER	CURRENT SMOKER	NON-SMOKER	UNKNOWN
Precision	0.21428571428571427	0.0	0.36363636363636365	0.7704918032786885
Recall	0.2727272727272727	0.0	0.5	0.746031746031746
F1	0.23999999999999996	0.0	0.4210526315789474	0.7580645161290323
Micro-F1	0.7860576923076923
Macro-F1	0.7119539425059322
