Metric	PAST SMOKER	CURRENT SMOKER	NON-SMOKER	UNKNOWN
Precision	0.17391304347826086	0.125	0.28205128205128205	0.8409090909090909
Recall	0.36363636363636365	0.2727272727272727	0.6875	0.5873015873015873
F1	0.2352941176470588	0.17142857142857143	0.4	0.6915887850467289
Micro-F1	0.7091346153846154
Macro-F1	0.637429680690912
