Metric	PAST SMOKER	CURRENT SMOKER	NON-SMOKER	UNKNOWN
Precision	0.15384615384615385	0.0	0.3333333333333333	0.746031746031746
Recall	0.18181818181818182	0.0	0.625	0.746031746031746
F1	0.16666666666666669	0.0	0.43478260869565216	0.746031746031746
Micro-F1	0.7740384615384616
Macro-F1	0.7024954351795496
