Metric	PAST SMOKER	CURRENT SMOKER	NON-SMOKER	UNKNOWN
Precision	0.16279069767441862	0.14705882352941177	0.24615384615384617	0.8857142857142857
Recall	0.6363636363636364	0.9090909090909091	1.0	0.49206349206349204
F1	0.2592592592592593	0.25316455696202533	0.39506172839506176	0.6326530612244897
Micro-F1	0.5576923076923077
Macro-F1	0.5282051282051281
