Metric	PAST SMOKER	CURRENT SMOKER	NON-SMOKER	UNKNOWN
Precision	0.18181818181818182	0.0	0.275	0.8695652173913043
Recall	0.36363636363636365	0.0	0.6875	0.6349206349206349
F1	0.24242424242424246	0.0	0.3928571428571429	0.7339449541284404
Micro-F1	0.7403846153846154
Macro-F1	0.664345695245495
