Metric	PAST SMOKER	CURRENT SMOKER	NON-SMOKER	UNKNOWN
Precision	0.25	0.16666666666666666	0.3333333333333333	0.8035714285714286
Recall	0.36363636363636365	0.09090909090909091	0.625	0.7142857142857143
F1	0.2962962962962963	0.11764705882352942	0.43478260869565216	0.7563025210084034
Micro-F1	0.7860576923076923
Macro-F1	0.7156527682843472
