Metric	PAST SMOKER	CURRENT SMOKER	NON-SMOKER	UNKNOWN
Precision	0.2222222222222222	0.0	0.3548387096774194	0.8
Recall	0.36363636363636365	0.0	0.6875	0.7619047619047619
F1	0.27586206896551724	0.0	0.4680851063829787	0.7804878048780488
Micro-F1	0.7884615384615384
Macro-F1	0.7231951123612498
