Metric	PAST SMOKER	CURRENT SMOKER	NON-SMOKER	UNKNOWN
Precision	0.18181818181818182	0.0	0.2962962962962963	0.7894736842105263
Recall	0.18181818181818182	0.0	0.5	0.7142857142857143
F1	0.18181818181818182	0.0	0.37209302325581395	0.7500000000000001
Micro-F1	0.7764423076923077
Macro-F1	0.6970090925466179
