Metric	PAST SMOKER	CURRENT SMOKER	NON-SMOKER	UNKNOWN
Precision	0.2222222222222222	0.0	0.3870967741935484	0.7580645161290323
Recall	0.18181818181818182	0.0	0.75	0.746031746031746
F1	0.19999999999999998	0.0	0.5106382978723403	0.752
Micro-F1	0.7884615384615384
Macro-F1	0.7197366406369621
