Metric	PAST SMOKER	CURRENT SMOKER	NON-SMOKER	UNKNOWN
Precision	0.25	0.125	0.2692307692307692	0.82
Recall	0.36363636363636365	0.18181818181818182	0.4375	0.6507936507936508
F1	0.2962962962962963	0.14814814814814814	0.33333333333333337	0.7256637168141592
Micro-F1	0.7572115384615384
Macro-F1	0.6773138156934727
