Metric	PAST SMOKER	CURRENT SMOKER	NON-SMOKER	UNKNOWN
Precision	0.2	0.2727272727272727	0.36363636363636365	0.7575757575757576
Recall	0.18181818181818182	0.2727272727272727	0.5	0.7936507936507936
F1	0.1904761904761905	0.2727272727272727	0.4210526315789474	0.7751937984496123
Micro-F1	0.7980769230769231
Macro-F1	0.7324758842443729
