Metric	PAST SMOKER	CURRENT SMOKER	NON-SMOKER	UNKNOWN
Precision	0.26666666666666666	0.2222222222222222	0.4	0.7619047619047619
Recall	0.36363636363636365	0.18181818181818182	0.5	0.7619047619047619
F1	0.30769230769230765	0.19999999999999998	0.4444444444444445	0.7619047619047619
Micro-F1	0.7980769230769231
Macro-F1	0.7307692307692307
