Metric	PAST SMOKER	CURRENT SMOKER	NON-SMOKER	UNKNOWN
Precision	0.21052631578947367	0.0	0.3333333333333333	0.8070175438596491
Recall	0.36363636363636365	0.0	0.6875	0.7301587301587301
F1	0.26666666666666666	0.0	0.4489795918367347	0.7666666666666667
Micro-F1	0.7740384615384616
Macro-F1	0.7061087061087061
