Metric	PAST SMOKER	CURRENT SMOKER	NON-SMOKER	UNKNOWN
Precision	0.25	0.2222222222222222	0.375	0.7843137254901961
Recall	0.2727272727272727	0.18181818181818182	0.75	0.6349206349206349
F1	0.2608695652173913	0.19999999999999998	0.5	0.7017543859649124
Micro-F1	0.78125
Macro-F1	0.705480997393706
