Metric	PAST SMOKER	CURRENT SMOKER	NON-SMOKER	UNKNOWN
Precision	0.13513513513513514	0.13953488372093023	0.29545454545454547	0.8974358974358975
Recall	0.45454545454545453	0.5454545454545454	0.8125	0.5555555555555556
F1	0.20833333333333334	0.22222222222222218	0.4333333333333334	0.6862745098039216
Micro-F1	0.6490384615384616
Macro-F1	0.5949637217242851
