Metric	PAST SMOKER	CURRENT SMOKER	NON-SMOKER	UNKNOWN
Precision	0.14285714285714285	0.0	0.38235294117647056	0.7538461538461538
Recall	0.09090909090909091	0.0	0.8125	0.7777777777777778
F1	0.1111111111111111	0.0	0.52	0.7656250000000001
Micro-F1	0.795673076923077
Macro-F1	0.7301401958315208
