Metric	PAST SMOKER	CURRENT SMOKER	NON-SMOKER	UNKNOWN
Precision	0.3333333333333333	0.25	0.37037037037037035	0.7692307692307693
Recall	0.2727272727272727	0.18181818181818182	0.625	0.7936507936507936
F1	0.3	0.2105263157894737	0.4651162790697674	0.7812500000000001
Micro-F1	0.8076923076923077
Macro-F1	0.7452151278517838
