Metric	PAST SMOKER	CURRENT SMOKER	NON-SMOKER	UNKNOWN
Precision	0.19047619047619047	0.15	0.2702702702702703	0.8541666666666666
Recall	0.36363636363636365	0.2727272727272727	0.625	0.6507936507936508
F1	0.25	0.19354838709677416	0.3773584905660377	0.7387387387387387
Micro-F1	0.7331730769230769
Macro-F1	0.6637710707394326
