Metric	PAST SMOKER	CURRENT SMOKER	NON-SMOKER	UNKNOWN
Precision	0.16216216216216217	0.13636363636363635	0.3	0.8863636363636364
Recall	0.5454545454545454	0.5454545454545454	0.9375	0.6190476190476191
F1	0.25	0.21818181818181817	0.45454545454545453	0.7289719626168225
Micro-F1	0.6538461538461539
Macro-F1	0.609634031904911
