Metric	PAST SMOKER	CURRENT SMOKER	NON-SMOKER	UNKNOWN
Precision	0.17647058823529413	0.0	0.3055555555555556	0.8214285714285714
Recall	0.2727272727272727	0.0	0.6875	0.7301587301587301
F1	0.21428571428571427	0.0	0.42307692307692313	0.773109243697479
Micro-F1	0.7572115384615384
Macro-F1	0.6888418215076537
