Metric	PAST SMOKER	CURRENT SMOKER	NON-SMOKER	UNKNOWN
Precision	0.2727272727272727	0.0	0.3333333333333333	0.78125
Recall	0.2727272727272727	0.0	0.6875	0.7936507936507936
F1	0.2727272727272727	0.0	0.4489795918367347	0.7874015748031497
Micro-F1	0.795673076923077
Macro-F1	0.7318103559428732
