Metric	PAST SMOKER	CURRENT SMOKER	NON-SMOKER	UNKNOWN
Precision	0.2	0.2	0.3333333333333333	0.851063829787234
Recall	0.36363636363636365	0.36363636363636365	0.5625	0.6349206349206349
F1	0.25806451612903225	0.25806451612903225	0.4186046511627907	0.7272727272727273
Micro-F1	0.7572115384615384
Macro-F1	0.6832686291508048
