Metric	PAST SMOKER	CURRENT SMOKER	NON-SMOKER	UNKNOWN
Precision	0.2727272727272727	0.06666666666666667	0.32	0.7543859649122807
Recall	0.2727272727272727	0.09090909090909091	0.5	0.6825396825396826
F1	0.2727272727272727	0.07692307692307691	0.39024390243902435	0.7166666666666668
Micro-F1	0.7620192307692307
Macro-F1	0.6837036411252851
