Metric	PAST SMOKER	CURRENT SMOKER	NON-SMOKER	UNKNOWN
Precision	0.16	0.0625	0.26	0.8571428571428571
Recall	0.36363636363636365	0.09090909090909091	0.8125	0.5714285714285714
F1	0.2222222222222222	0.07407407407407407	0.3939393939393939	0.6857142857142857
Micro-F1	0.6971153846153846
Macro-F1	0.6254180602006689
