Metric	PAST SMOKER	CURRENT SMOKER	NON-SMOKER	UNKNOWN
Precision	0.26666666666666666	0.16666666666666666	0.3684210526315789	0.7384615384615385
Recall	0.36363636363636365	0.09090909090909091	0.4375	0.7619047619047619
F1	0.30769230769230765	0.11764705882352942	0.39999999999999997	0.75
Micro-F1	0.7932692307692307
Macro-F1	0.7225720400756848
