Metric	PAST SMOKER	CURRENT SMOKER	NON-SMOKER	UNKNOWN
Precision	0.3076923076923077	0.14285714285714285	0.3333333333333333	0.7777777777777778
Recall	0.36363636363636365	0.09090909090909091	0.5625	0.7777777777777778
F1	0.33333333333333337	0.1111111111111111	0.4186046511627907	0.7777777777777778
Micro-F1	0.795673076923077
Macro-F1	0.7301401958315208
