Metric	PAST SMOKER	CURRENT SMOKER	NON-SMOKER	UNKNOWN
Precision	0.23529411764705882	0.0	0.4	0.765625
Recall	0.36363636363636365	0.0	0.625	0.7777777777777778
F1	0.2857142857142857	0.0	0.48780487804878053	0.7716535433070867
Micro-F1	0.7836538461538463
Macro-F1	0.7186147186147185
