Metric	PAST SMOKER	CURRENT SMOKER	NON-SMOKER	UNKNOWN
Precision	0.2	0.1111111111111111	0.21428571428571427	0.7758620689655172
Recall	0.36363636363636365	0.09090909090909091	0.375	0.7142857142857143
F1	0.25806451612903225	0.09999999999999999	0.2727272727272727	0.7438016528925621
Micro-F1	0.75
Macro-F1	0.6748436748436748
