Metric	PAST SMOKER	CURRENT SMOKER	NON-SMOKER	UNKNOWN
Precision	0.125	0.15873015873015872	0.3125	0.90625
Recall	0.5454545454545454	0.9090909090909091	0.9375	0.4603174603174603
F1	0.20338983050847456	0.2702702702702703	0.46875	0.6105263157894737
Micro-F1	0.5865384615384616
Macro-F1	0.5462201927955352
