Metric	PAST SMOKER	CURRENT SMOKER	NON-SMOKER	UNKNOWN
Precision	0.15151515151515152	0.20588235294117646	0.2857142857142857	0.8666666666666667
Recall	0.45454545454545453	0.6363636363636364	0.75	0.6190476190476191
F1	0.22727272727272727	0.3111111111111111	0.4137931034482759	0.7222222222222222
Micro-F1	0.6899038461538461
Macro-F1	0.6352737282087879
