Metric	PAST SMOKER	CURRENT SMOKER	NON-SMOKER	UNKNOWN
Precision	0.21428571428571427	0.0	0.375	0.7538461538461538
Recall	0.2727272727272727	0.0	0.5625	0.7777777777777778
F1	0.23999999999999996	0.0	0.45	0.7656250000000001
Micro-F1	0.7836538461538463
Macro-F1	0.7151552038953135
