Metric	PAST SMOKER	CURRENT SMOKER	NON-SMOKER	UNKNOWN
Precision	0.15384615384615385	0.0	0.34615384615384615	0.765625
Recall	0.18181818181818182	0.0	0.5625	0.7777777777777778
F1	0.16666666666666669	0.0	0.4285714285714286	0.7716535433070867
Micro-F1	0.7884615384615384
Macro-F1	0.7179487179487178
