Metric	PAST SMOKER	CURRENT SMOKER	NON-SMOKER	UNKNOWN
Precision	0.21052631578947367	0.0	0.28	0.7857142857142857
Recall	0.36363636363636365	0.0	0.4375	0.6984126984126984
F1	0.26666666666666666	0.0	0.34146341463414637	0.7394957983193275
Micro-F1	0.7644230769230768
Macro-F1	0.6858974358974359
