Metric	PAST SMOKER	CURRENT SMOKER	NON-SMOKER	UNKNOWN
Precision	0.2222222222222222	0.0	0.3448275862068966	0.746031746031746
Recall	0.18181818181818182	0.0	0.625	0.746031746031746
F1	0.19999999999999998	0.0	0.4444444444444445	0.746031746031746
Micro-F1	0.7860576923076923
Macro-F1	0.713824154589372
