Metric	PAST SMOKER	CURRENT SMOKER	NON-SMOKER	UNKNOWN
Precision	0.2727272727272727	0.25	0.35294117647058826	0.7931034482758621
Recall	0.2727272727272727	0.18181818181818182	0.75	0.7301587301587301
F1	0.2727272727272727	0.2105263157894737	0.48	0.7603305785123967
Micro-F1	0.7932692307692307
Macro-F1	0.7278149726110773
