Metric	PAST SMOKER	CURRENT SMOKER	NON-SMOKER	UNKNOWN
Precision	0.15	0.1282051282051282	0.32608695652173914	0.8125
Recall	0.5454545454545454	0.45454545454545453	0.9375	0.8253968253968254
F1	0.2352941176470588	0.19999999999999996	0.48387096774193544	0.8188976377952756
Micro-F1	0.6778846153846154
Macro-F1	0.6453492810790177
