Metric	PAST SMOKER	CURRENT SMOKER	NON-SMOKER	UNKNOWN
Precision	0.21428571428571427	0.0	0.34375	0.7857142857142857
Recall	0.2727272727272727	0.0	0.6875	0.6984126984126984
F1	0.23999999999999996	0.0	0.4583333333333333	0.7394957983193275
Micro-F1	0.7740384615384616
Macro-F1	0.7006277752258461
