Metric	PAST SMOKER	CURRENT SMOKER	NON-SMOKER	UNKNOWN
Precision	0.19148936170212766	0.11475409836065574	0.2830188679245283	0.8679245283018868
Recall	0.8181818181818182	0.6363636363636364	0.9375	0.7301587301587301
F1	0.31034482758620685	0.19444444444444445	0.4347826086956522	0.7931034482758621
Micro-F1	0.6129807692307693
Macro-F1	0.5887384483129164
