Metric	PAST SMOKER	CURRENT SMOKER	NON-SMOKER	UNKNOWN
Precision	0.3333333333333333	0.0	0.3333333333333333	0.7966101694915254
Recall	0.36363636363636365	0.0	0.6875	0.746031746031746
F1	0.34782608695652173	0.0	0.4489795918367347	0.7704918032786885
Micro-F1	0.795673076923077
Macro-F1	0.7284324191479721
