Metric	PAST SMOKER	CURRENT SMOKER	NON-SMOKER	UNKNOWN
Precision	0.3076923076923077	0.25	0.2619047619047619	0.8163265306122449
Recall	0.36363636363636365	0.36363636363636365	0.6875	0.6349206349206349
F1	0.33333333333333337	0.2962962962962963	0.37931034482758624	0.7142857142857143
Micro-F1	0.7524038461538461
Macro-F1	0.6826802734186964
