Metric	PAST SMOKER	CURRENT SMOKER	NON-SMOKER	UNKNOWN
Precision	0.3076923076923077	0.2	0.37037037037037035	0.8103448275862069
Recall	0.36363636363636365	0.09090909090909091	0.625	0.746031746031746
F1	0.33333333333333337	0.12500000000000003	0.4651162790697674	0.7768595041322314
Micro-F1	0.8076923076923077
Macro-F1	0.7402273011115275
