Metric	PAST SMOKER	CURRENT SMOKER	NON-SMOKER	UNKNOWN
Precision	0.125	0.1	0.4	0.7246376811594203
Recall	0.09090909090909091	0.09090909090909091	0.375	0.7936507936507936
F1	0.10526315789473685	0.09523809523809525	0.38709677419354843	0.7575757575757576
Micro-F1	0.7908653846153846
Macro-F1	0.7165568930274813
