Metric	PAST SMOKER	CURRENT SMOKER	NON-SMOKER	UNKNOWN
Precision	0.25	0.23076923076923078	0.3548387096774194	0.8444444444444444
Recall	0.36363636363636365	0.2727272727272727	0.6875	0.6031746031746031
F1	0.2962962962962963	0.24999999999999994	0.4680851063829787	0.7037037037037037
Micro-F1	0.7740384615384616
Macro-F1	0.696764787989702
