Metric	PAST SMOKER	CURRENT SMOKER	NON-SMOKER	UNKNOWN
Precision	0.14285714285714285	0.20588235294117646	0.28	0.8888888888888888
Recall	0.45454545454545453	0.6363636363636364	0.875	0.6349206349206349
F1	0.21739130434782608	0.3111111111111111	0.42424242424242425	0.7407407407407407
Micro-F1	0.6802884615384616
Macro-F1	0.6317726531563009
