Metric	PAST SMOKER	CURRENT SMOKER	NON-SMOKER	UNKNOWN
Precision	0.14285714285714285	0.0	0.3888888888888889	0.7575757575757576
Recall	0.09090909090909091	0.0	0.4375	0.7936507936507936
F1	0.1111111111111111	0.0	0.411764705882353	0.7751937984496123
Micro-F1	0.8028846153846153
Macro-F1	0.7282605232132044
