Metric	PAST SMOKER	CURRENT SMOKER	NON-SMOKER	UNKNOWN
Precision	0.21052631578947367	0.0	0.3870967741935484	0.8076923076923077
Recall	0.36363636363636365	0.0	0.75	0.6666666666666666
F1	0.26666666666666666	0.0	0.5106382978723403	0.7304347826086955
Micro-F1	0.7740384615384616
Macro-F1	0.7006277752258461
