Metric	PAST SMOKER	CURRENT SMOKER	NON-SMOKER	UNKNOWN
Precision	0.3333333333333333	0.0	0.3333333333333333	0.765625
Recall	0.2727272727272727	0.0	0.625	0.7777777777777778
F1	0.3	0.0	0.43478260869565216	0.7716535433070867
Micro-F1	0.7932692307692307
Macro-F1	0.7261062624406676
