Metric	PAST SMOKER	CURRENT SMOKER	NON-SMOKER	UNKNOWN
Precision	0.13333333333333333	0.11764705882352941	0.28	0.8214285714285714
Recall	0.18181818181818182	0.18181818181818182	0.4375	0.7301587301587301
F1	0.15384615384615383	0.14285714285714285	0.34146341463414637	0.773109243697479
Micro-F1	0.7596153846153846
Macro-F1	0.685448991319602
