Metric	PAST SMOKER	CURRENT SMOKER	NON-SMOKER	UNKNOWN
Precision	0.23529411764705882	0.0	0.3333333333333333	0.8269230769230769
Recall	0.36363636363636365	0.0	0.75	0.6825396825396826
F1	0.2857142857142857	0.0	0.46153846153846156	0.7478260869565218
Micro-F1	0.7740384615384616
Macro-F1	0.7024954351795496
