Metric	PAST SMOKER	CURRENT SMOKER	NON-SMOKER	UNKNOWN
Precision	0.11904761904761904	0.18181818181818182	0.2857142857142857	0.8478260869565217
Recall	0.45454545454545453	0.5454545454545454	0.75	0.6190476190476191
F1	0.18867924528301885	0.2727272727272727	0.4137931034482759	0.7155963302752294
Micro-F1	0.6634615384615384
Macro-F1	0.6116090482287666
