Metric	PAST SMOKER	CURRENT SMOKER	NON-SMOKER	UNKNOWN
Precision	0.36363636363636365	0.1	0.3333333333333333	0.8125
Recall	0.36363636363636365	0.09090909090909091	0.4375	0.6190476190476191
F1	0.36363636363636365	0.09523809523809525	0.37837837837837834	0.7027027027027026
Micro-F1	0.7860576923076923
Macro-F1	0.6975929298952063
