Metric	PAST SMOKER	CURRENT SMOKER	NON-SMOKER	UNKNOWN
Precision	0.09523809523809523	0.058823529411764705	0.28125	0.82
Recall	0.18181818181818182	0.09090909090909091	0.5625	0.6507936507936508
F1	0.125	0.07142857142857142	0.375	0.7256637168141592
Micro-F1	0.7235576923076923
Macro-F1	0.6457109848849523
