Metric	PAST SMOKER	CURRENT SMOKER	NON-SMOKER	UNKNOWN
Precision	0.38461538461538464	0.09090909090909091	0.3448275862068966	0.8269230769230769
Recall	0.45454545454545453	0.09090909090909091	0.625	0.6825396825396826
F1	0.41666666666666663	0.09090909090909091	0.4444444444444445	0.7478260869565218
Micro-F1	0.7884615384615384
Macro-F1	0.716120227054189
