Metric	PAST SMOKER	CURRENT SMOKER	NON-SMOKER	UNKNOWN
Precision	0.25	0.14285714285714285	0.375	0.746268656716418
Recall	0.2727272727272727	0.09090909090909091	0.375	0.7936507936507936
F1	0.2608695652173913	0.1111111111111111	0.375	0.7692307692307693
Micro-F1	0.8004807692307693
Macro-F1	0.7295887600147235
