Metric	PAST SMOKER	CURRENT SMOKER	NON-SMOKER	UNKNOWN
Precision	0.16666666666666666	0.0	0.3235294117647059	0.7962962962962963
Recall	0.2727272727272727	0.0	0.6875	0.6825396825396826
F1	0.20689655172413793	0.0	0.44000000000000006	0.735042735042735
Micro-F1	0.7692307692307693
Macro-F1	0.6942581534221406
