Metric	PAST SMOKER	CURRENT SMOKER	NON-SMOKER	UNKNOWN
Precision	0.1875	0.2	0.32	0.7627118644067796
Recall	0.2727272727272727	0.18181818181818182	0.5	0.7142857142857143
F1	0.2222222222222222	0.1904761904761905	0.39024390243902435	0.7377049180327869
Micro-F1	0.7716346153846154
Macro-F1	0.6983919835764055
