Metric	PAST SMOKER	CURRENT SMOKER	NON-SMOKER	UNKNOWN
Precision	0.2222222222222222	0.0	0.38461538461538464	0.7931034482758621
Recall	0.18181818181818182	0.0	0.625	0.7301587301587301
F1	0.19999999999999998	0.0	0.4761904761904762	0.7603305785123967
Micro-F1	0.8028846153846153
Macro-F1	0.7282605232132044
