Metric	PAST SMOKER	CURRENT SMOKER	NON-SMOKER	UNKNOWN
Precision	0.15	0.08333333333333333	0.2962962962962963	0.7450980392156863
Recall	0.2727272727272727	0.09090909090909091	0.5	0.6031746031746031
F1	0.19354838709677416	0.08695652173913043	0.37209302325581395	0.6666666666666666
Micro-F1	0.7331730769230769
Macro-F1	0.6475948439682213
