Metric	PAST SMOKER	CURRENT SMOKER	NON-SMOKER	UNKNOWN
Precision	0.18181818181818182	0.0	0.36	0.7352941176470589
Recall	0.18181818181818182	0.0	0.5625	0.7936507936507936
F1	0.18181818181818182	0.0	0.43902439024390244	0.7633587786259542
Micro-F1	0.7908653846153846
Macro-F1	0.7220425937161596
