Metric	PAST SMOKER	CURRENT SMOKER	NON-SMOKER	UNKNOWN
Precision	0.1111111111111111	0.1	0.36363636363636365	0.7903225806451613
Recall	0.09090909090909091	0.09090909090909091	0.5	0.7777777777777778
F1	0.09999999999999999	0.09523809523809525	0.4210526315789474	0.7839999999999999
Micro-F1	0.7932692307692307
Macro-F1	0.720744348694892
