Metric	PAST SMOKER	CURRENT SMOKER	NON-SMOKER	UNKNOWN
Precision	0.22727272727272727	0.0	0.3076923076923077	0.8363636363636363
Recall	0.45454545454545453	0.0	0.75	0.7301587301587301
F1	0.30303030303030304	0.0	0.4363636363636364	0.7796610169491525
Micro-F1	0.7716346153846154
Macro-F1	0.7073264657745257
