Metric	PAST SMOKER	CURRENT SMOKER	NON-SMOKER	UNKNOWN
Precision	0.2727272727272727	0.0	0.2916666666666667	0.7397260273972602
Recall	0.2727272727272727	0.0	0.4375	0.8571428571428571
F1	0.2727272727272727	0.0	0.35000000000000003	0.7941176470588235
Micro-F1	0.795673076923077
Macro-F1	0.7318103559428732
