Metric	PAST SMOKER	CURRENT SMOKER	NON-SMOKER	UNKNOWN
Precision	0.2857142857142857	0.2	0.375	0.8113207547169812
Recall	0.36363636363636365	0.18181818181818182	0.5625	0.6825396825396826
F1	0.32	0.1904761904761905	0.45	0.7413793103448275
Micro-F1	0.7932692307692307
Macro-F1	0.7188747446173189
