Metric	PAST SMOKER	CURRENT SMOKER	NON-SMOKER	UNKNOWN
Precision	0.2857142857142857	0.2222222222222222	0.4117647058823529	0.75
Recall	0.36363636363636365	0.18181818181818182	0.4375	0.7619047619047619
F1	0.32	0.19999999999999998	0.42424242424242425	0.7559055118110236
Micro-F1	0.8004807692307693
Macro-F1	0.731372777842611
