Metric	PAST SMOKER	CURRENT SMOKER	NON-SMOKER	UNKNOWN
Precision	0.26666666666666666	0.0	0.28125	0.8148148148148148
Recall	0.36363636363636365	0.0	0.5625	0.6984126984126984
F1	0.30769230769230765	0.0	0.375	0.7521367521367521
Micro-F1	0.7740384615384616
Macro-F1	0.6987179487179487
