Metric	PAST SMOKER	CURRENT SMOKER	NON-SMOKER	UNKNOWN
Precision	0.15384615384615385	0.0	0.27586206896551724	0.7727272727272727
Recall	0.18181818181818182	0.0	0.5	0.8095238095238095
F1	0.16666666666666669	0.0	0.35555555555555557	0.7906976744186046
Micro-F1	0.7716346153846154
Macro-F1	0.7038702184256865
