Metric	PAST SMOKER	CURRENT SMOKER	NON-SMOKER	UNKNOWN
Precision	0.17857142857142858	0.16666666666666666	0.21951219512195122	0.8571428571428571
Recall	0.45454545454545453	0.2727272727272727	0.5625	0.6666666666666666
F1	0.25641025641025644	0.20689655172413793	0.3157894736842105	0.75
Micro-F1	0.7139423076923077
Macro-F1	0.6489451476793249
