Metric	PAST SMOKER	CURRENT SMOKER	NON-SMOKER	UNKNOWN
Precision	0.21052631578947367	0.16666666666666666	0.38461538461538464	0.796875
Recall	0.36363636363636365	0.09090909090909091	0.625	0.8095238095238095
F1	0.26666666666666666	0.11764705882352942	0.4761904761904762	0.8031496062992126
Micro-F1	0.7980769230769231
Macro-F1	0.7373737373737375
