Metric	PAST SMOKER	CURRENT SMOKER	NON-SMOKER	UNKNOWN
Precision	0.18181818181818182	0.0	0.3225806451612903	0.7719298245614035
Recall	0.18181818181818182	0.0	0.625	0.6984126984126984
F1	0.18181818181818182	0.0	0.425531914893617	0.7333333333333333
Micro-F1	0.7716346153846154
Macro-F1	0.6945314009661836
