Metric	PAST SMOKER	CURRENT SMOKER	NON-SMOKER	UNKNOWN
Precision	0.3125	0.125	0.3333333333333333	0.8064516129032258
Recall	0.45454545454545453	0.09090909090909091	0.4375	0.7936507936507936
F1	0.3703703703703703	0.10526315789473685	0.37837837837837834	0.7999999999999999
Micro-F1	0.8028846153846153
Macro-F1	0.7371794871794872
