Metric	PAST SMOKER	CURRENT SMOKER	NON-SMOKER	UNKNOWN
Precision	0.2	0.0	0.32432432432432434	0.7833333333333333
Recall	0.18181818181818182	0.0	0.75	0.746031746031746
F1	0.1904761904761905	0.0	0.4528301886792453	0.7642276422764228
Micro-F1	0.7884615384615384
Macro-F1	0.7197366406369621
