Metric	PAST SMOKER	CURRENT SMOKER	NON-SMOKER	UNKNOWN
Precision	0.16666666666666666	0.17391304347826086	0.2857142857142857	0.851063829787234
Recall	0.45454545454545453	0.36363636363636365	0.75	0.6349206349206349
F1	0.2439024390243902	0.2352941176470588	0.4137931034482759	0.7272727272727273
Micro-F1	0.7091346153846154
Macro-F1	0.6483123379935302
