Metric	PAST SMOKER	CURRENT SMOKER	NON-SMOKER	UNKNOWN
Precision	0.2	0.0	0.37142857142857144	0.7833333333333333
Recall	0.2727272727272727	0.0	0.8125	0.746031746031746
F1	0.23076923076923075	0.0	0.5098039215686275	0.7642276422764228
Micro-F1	0.7884615384615384
Macro-F1	0.7231951123612498
