Metric	PAST SMOKER	CURRENT SMOKER	NON-SMOKER	UNKNOWN
Precision	0.21052631578947367	0.0	0.3333333333333333	0.8301886792452831
Recall	0.36363636363636365	0.0	0.625	0.6984126984126984
F1	0.26666666666666666	0.0	0.43478260869565216	0.7586206896551724
Micro-F1	0.7788461538461539
Macro-F1	0.7051282051282051
