Metric	PAST SMOKER	CURRENT SMOKER	NON-SMOKER	UNKNOWN
Precision	0.2857142857142857	0.0	0.4074074074074074	0.7538461538461538
Recall	0.18181818181818182	0.0	0.6875	0.7777777777777778
F1	0.2222222222222222	0.0	0.5116279069767441	0.7656250000000001
Micro-F1	0.8004807692307693
Macro-F1	0.7331169082125604
