Metric	PAST SMOKER	CURRENT SMOKER	NON-SMOKER	UNKNOWN
Precision	0.2	0.0	0.3	0.7735849056603774
Recall	0.18181818181818182	0.0	0.5625	0.6507936507936508
F1	0.1904761904761905	0.0	0.3913043478260869	0.706896551724138
Micro-F1	0.7692307692307693
Macro-F1	0.6840506329113925
