Metric	PAST SMOKER	CURRENT SMOKER	NON-SMOKER	UNKNOWN
Precision	0.09090909090909091	0.0	0.34375	0.7777777777777778
Recall	0.18181818181818182	0.0	0.6875	0.6666666666666666
F1	0.12121212121212123	0.0	0.4583333333333333	0.717948717948718
Micro-F1	0.7427884615384616
Macro-F1	0.6664643512794575
