Metric	PAST SMOKER	CURRENT SMOKER	NON-SMOKER	UNKNOWN
Precision	0.14893617021276595	0.09230769230769231	0.27450980392156865	0.8333333333333334
Recall	0.6363636363636364	0.5454545454545454	0.875	0.6349206349206349
F1	0.24137931034482757	0.15789473684210525	0.4179104477611941	0.7207207207207206
Micro-F1	0.5721153846153846
Macro-F1	0.5435897435897437
