Metric	PAST SMOKER	CURRENT SMOKER	NON-SMOKER	UNKNOWN
Precision	0.38461538461538464	0.0	0.4	0.7692307692307693
Recall	0.45454545454545453	0.0	0.625	0.7936507936507936
F1	0.41666666666666663	0.0	0.48780487804878053	0.7812500000000001
Micro-F1	0.8100961538461537
Macro-F1	0.7476018954434094
