Metric	PAST SMOKER	CURRENT SMOKER	NON-SMOKER	UNKNOWN
Precision	0.16666666666666666	0.0	0.3333333333333333	0.7833333333333333
Recall	0.2727272727272727	0.0	0.6875	0.746031746031746
F1	0.20689655172413793	0.0	0.4489795918367347	0.7642276422764228
Micro-F1	0.7716346153846154
Macro-F1	0.7038702184256865
