Metric	PAST SMOKER	CURRENT SMOKER	NON-SMOKER	UNKNOWN
Precision	0.21052631578947367	0.14285714285714285	0.35	0.7719298245614035
Recall	0.36363636363636365	0.09090909090909091	0.4375	0.6984126984126984
F1	0.26666666666666666	0.1111111111111111	0.38888888888888884	0.7333333333333333
Micro-F1	0.7788461538461539
Macro-F1	0.7012613962782566
