Metric	PAST SMOKER	CURRENT SMOKER	NON-SMOKER	UNKNOWN
Precision	0.23076923076923078	0.0	0.28888888888888886	0.8
Recall	0.2727272727272727	0.0	0.8125	0.6984126984126984
F1	0.24999999999999994	0.0	0.4262295081967213	0.7457627118644068
Micro-F1	0.7620192307692307
Macro-F1	0.6932221949093834
