Metric	PAST SMOKER	CURRENT SMOKER	NON-SMOKER	UNKNOWN
Precision	0.16666666666666666	0.12	0.25396825396825395	0.875
Recall	0.6363636363636364	0.5454545454545454	1.0	0.5555555555555556
F1	0.2641509433962264	0.19672131147540983	0.4050632911392405	0.6796116504854369
Micro-F1	0.5961538461538461
Macro-F1	0.5594997983057685
