Metric	PAST SMOKER	CURRENT SMOKER	NON-SMOKER	UNKNOWN
Precision	0.11764705882352941	0.1	0.36363636363636365	0.8
Recall	0.18181818181818182	0.09090909090909091	0.5	0.6984126984126984
F1	0.14285714285714285	0.09523809523809525	0.4210526315789474	0.7457627118644068
Micro-F1	0.7716346153846154
Macro-F1	0.6925351071692536
