Metric	PAST SMOKER	CURRENT SMOKER	NON-SMOKER	UNKNOWN
Precision	0.26666666666666666	0.0	0.30434782608695654	0.7966101694915254
Recall	0.36363636363636365	0.0	0.4375	0.746031746031746
F1	0.30769230769230765	0.0	0.358974358974359	0.7704918032786885
Micro-F1	0.7836538461538463
Macro-F1	0.7096684140326934
