Metric	PAST SMOKER	CURRENT SMOKER	NON-SMOKER	UNKNOWN
Precision	0.375	0.0	0.3125	0.8653846153846154
Recall	0.2727272727272727	0.0	0.625	0.7142857142857143
F1	0.3157894736842105	0.0	0.4166666666666667	0.7826086956521738
Micro-F1	0.7980769230769231
Macro-F1	0.7235443037974684
