Metric	PAST SMOKER	CURRENT SMOKER	NON-SMOKER	UNKNOWN
Precision	0.15254237288135594	0.109375	0.24242424242424243	0.8648648648648649
Recall	0.8181818181818182	0.6363636363636364	1.0	0.5079365079365079
F1	0.2571428571428571	0.18666666666666665	0.3902439024390244	0.64
Micro-F1	0.5216346153846154
Macro-F1	0.4986889514639537
