Metric	PAST SMOKER	CURRENT SMOKER	NON-SMOKER	UNKNOWN
Precision	0.23809523809523808	0.0	0.34375	0.7931034482758621
Recall	0.45454545454545453	0.0	0.6875	0.7301587301587301
F1	0.31249999999999994	0.0	0.4583333333333333	0.7603305785123967
Micro-F1	0.7788461538461539
Macro-F1	0.7123617123617124
