Metric	PAST SMOKER	CURRENT SMOKER	NON-SMOKER	UNKNOWN
Precision	0.21052631578947367	0.21428571428571427	0.2857142857142857	0.851063829787234
Recall	0.36363636363636365	0.2727272727272727	0.625	0.6349206349206349
F1	0.26666666666666666	0.23999999999999996	0.392156862745098	0.7272727272727273
Micro-F1	0.7548076923076922
Macro-F1	0.6810966810966811
