Metric	PAST SMOKER	CURRENT SMOKER	NON-SMOKER	UNKNOWN
Precision	0.15384615384615385	0.0	0.3448275862068966	0.7741935483870968
Recall	0.18181818181818182	0.0	0.625	0.7619047619047619
F1	0.16666666666666669	0.0	0.4444444444444445	0.768
Micro-F1	0.7836538461538463
Macro-F1	0.7133670188332568
