Metric	PAST SMOKER	CURRENT SMOKER	NON-SMOKER	UNKNOWN
Precision	0.29411764705882354	0.15	0.28	0.8269230769230769
Recall	0.45454545454545453	0.2727272727272727	0.4375	0.6825396825396826
F1	0.35714285714285715	0.19354838709677416	0.34146341463414637	0.7478260869565218
Micro-F1	0.7620192307692307
Macro-F1	0.6895405374844521
