Metric	PAST SMOKER	CURRENT SMOKER	NON-SMOKER	UNKNOWN
Precision	0.17391304347826086	0.21428571428571427	0.23076923076923078	0.8478260869565217
Recall	0.36363636363636365	0.5454545454545454	0.5625	0.6190476190476191
F1	0.2352941176470588	0.30769230769230765	0.32727272727272727	0.7155963302752294
Micro-F1	0.7091346153846154
Macro-F1	0.6430450661277168
