Metric	PAST SMOKER	CURRENT SMOKER	NON-SMOKER	UNKNOWN
Precision	0.17647058823529413	0.0	0.32432432432432434	0.8
Recall	0.2727272727272727	0.0	0.75	0.5714285714285714
F1	0.21428571428571427	0.0	0.4528301886792453	0.6666666666666666
Micro-F1	0.7331730769230769
Macro-F1	0.6497758765842226
