Metric	PAST SMOKER	CURRENT SMOKER	NON-SMOKER	UNKNOWN
Precision	0.2857142857142857	0.0	0.34615384615384615	0.82
Recall	0.36363636363636365	0.0	0.5625	0.6507936507936508
F1	0.32	0.0	0.4285714285714286	0.7256637168141592
Micro-F1	0.7788461538461539
Macro-F1	0.6972151898734178
