Metric	PAST SMOKER	CURRENT SMOKER	NON-SMOKER	UNKNOWN
Precision	0.23529411764705882	0.13333333333333333	0.25	0.8035714285714286
Recall	0.36363636363636365	0.18181818181818182	0.625	0.7142857142857143
F1	0.2857142857142857	0.15384615384615383	0.35714285714285715	0.7563025210084034
Micro-F1	0.7427884615384616
Macro-F1	0.6776524944419098
