Metric	PAST SMOKER	CURRENT SMOKER	NON-SMOKER	UNKNOWN
Precision	0.25	0.06666666666666667	0.3125	0.7692307692307693
Recall	0.36363636363636365	0.09090909090909091	0.3125	0.6349206349206349
F1	0.2962962962962963	0.07692307692307691	0.3125	0.6956521739130435
Micro-F1	0.7596153846153846
Macro-F1	0.6708860759493671
