Metric	PAST SMOKER	CURRENT SMOKER	NON-SMOKER	UNKNOWN
Precision	0.14285714285714285	0.125	0.3111111111111111	0.8064516129032258
Recall	0.45454545454545453	0.45454545454545453	0.875	0.7936507936507936
F1	0.21739130434782608	0.196078431372549	0.459016393442623	0.7999999999999999
Micro-F1	0.6754807692307693
Macro-F1	0.6385332792677981
