Metric	PAST SMOKER	CURRENT SMOKER	NON-SMOKER	UNKNOWN
Precision	0.1836734693877551	0.11290322580645161	0.2542372881355932	0.8809523809523809
Recall	0.8181818181818182	0.6363636363636364	0.9375	0.5873015873015873
F1	0.3	0.1917808219178082	0.39999999999999997	0.7047619047619047
Micro-F1	0.5745192307692307
Macro-F1	0.5467321649522614
