Metric	PAST SMOKER	CURRENT SMOKER	NON-SMOKER	UNKNOWN
Precision	0.1	0.0	0.27586206896551724	0.7611940298507462
Recall	0.09090909090909091	0.0	0.5	0.8095238095238095
F1	0.09523809523809525	0.0	0.35555555555555557	0.7846153846153846
Micro-F1	0.7788461538461539
Macro-F1	0.7088253195374316
