Metric	PAST SMOKER	CURRENT SMOKER	NON-SMOKER	UNKNOWN
Precision	0.2222222222222222	0.0	0.3333333333333333	0.7833333333333333
Recall	0.18181818181818182	0.0	0.625	0.746031746031746
F1	0.19999999999999998	0.0	0.43478260869565216	0.7642276422764228
Micro-F1	0.7908653846153846
Macro-F1	0.7184268876181585
