Metric	PAST SMOKER	CURRENT SMOKER	NON-SMOKER	UNKNOWN
Precision	0.42857142857142855	0.0	0.3548387096774194	0.765625
Recall	0.2727272727272727	0.0	0.6875	0.7777777777777778
F1	0.33333333333333326	0.0	0.4680851063829787	0.7716535433070867
Micro-F1	0.8004807692307693
Macro-F1	0.7348222445797845
