Metric	PAST SMOKER	CURRENT SMOKER	NON-SMOKER	UNKNOWN
Precision	0.2222222222222222	0.125	0.38095238095238093	0.7213114754098361
Recall	0.18181818181818182	0.09090909090909091	0.5	0.6984126984126984
F1	0.19999999999999998	0.10526315789473685	0.4324324324324324	0.7096774193548387
Micro-F1	0.7836538461538463
Macro-F1	0.7037974683544304
