Metric	PAST SMOKER	CURRENT SMOKER	NON-SMOKER	UNKNOWN
Precision	0.19047619047619047	0.16666666666666666	0.2777777777777778	0.875
Recall	0.36363636363636365	0.2727272727272727	0.625	0.6666666666666666
F1	0.25	0.20689655172413793	0.3846153846153846	0.7567567567567567
Micro-F1	0.7451923076923076
Macro-F1	0.6762218045112782
