Metric	PAST SMOKER	CURRENT SMOKER	NON-SMOKER	UNKNOWN
Precision	0.18181818181818182	0.1111111111111111	0.3103448275862069	0.8363636363636363
Recall	0.36363636363636365	0.09090909090909091	0.5625	0.7301587301587301
F1	0.24242424242424246	0.09999999999999999	0.4	0.7796610169491525
Micro-F1	0.7692307692307693
Macro-F1	0.6998556998556998
