Metric	PAST SMOKER	CURRENT SMOKER	NON-SMOKER	UNKNOWN
Precision	0.16666666666666666	0.1111111111111111	0.39285714285714285	0.7924528301886793
Recall	0.2727272727272727	0.09090909090909091	0.6875	0.6666666666666666
F1	0.20689655172413793	0.09999999999999999	0.5	0.7241379310344827
Micro-F1	0.7716346153846154
Macro-F1	0.6964832919889099
