Metric	PAST SMOKER	CURRENT SMOKER	NON-SMOKER	UNKNOWN
Precision	0.23076923076923078	0.3	0.38095238095238093	0.7205882352941176
Recall	0.2727272727272727	0.2727272727272727	0.5	0.7777777777777778
F1	0.24999999999999994	0.28571428571428564	0.4324324324324324	0.7480916030534351
Micro-F1	0.7908653846153846
Macro-F1	0.7255000113768231
