Metric	PAST SMOKER	CURRENT SMOKER	NON-SMOKER	UNKNOWN
Precision	0.2	0.0	0.4	0.8076923076923077
Recall	0.36363636363636365	0.0	0.625	0.6666666666666666
F1	0.25806451612903225	0.0	0.48780487804878053	0.7304347826086955
Micro-F1	0.7740384615384616
Macro-F1	0.696764787989702
