Metric	PAST SMOKER	CURRENT SMOKER	NON-SMOKER	UNKNOWN
Precision	0.15	0.0	0.27906976744186046	0.8333333333333334
Recall	0.2727272727272727	0.0	0.75	0.5555555555555556
F1	0.19354838709677416	0.0	0.4067796610169491	0.6666666666666667
Micro-F1	0.7235576923076923
Macro-F1	0.6393652708152726
