Metric	PAST SMOKER	CURRENT SMOKER	NON-SMOKER	UNKNOWN
Precision	0.16666666666666666	0.0	0.47058823529411764	0.7432432432432432
Recall	0.09090909090909091	0.0	0.5	0.873015873015873
F1	0.11764705882352942	0.0	0.48484848484848486	0.8029197080291971
Micro-F1	0.8125
Macro-F1	0.7483792921616674
