Metric	PAST SMOKER	CURRENT SMOKER	NON-SMOKER	UNKNOWN
Precision	0.14814814814814814	0.1388888888888889	0.2619047619047619	0.8363636363636363
Recall	0.36363636363636365	0.45454545454545453	0.6875	0.7301587301587301
F1	0.21052631578947367	0.21276595744680854	0.37931034482758624	0.7796610169491525
Micro-F1	0.6899038461538461
Macro-F1	0.6399138434285485
