Metric	PAST SMOKER	CURRENT SMOKER	NON-SMOKER	UNKNOWN
Precision	0.1111111111111111	0.1111111111111111	0.3	0.7894736842105263
Recall	0.2727272727272727	0.09090909090909091	0.375	0.7142857142857143
F1	0.15789473684210525	0.09999999999999999	0.33333333333333326	0.7500000000000001
Micro-F1	0.75
Macro-F1	0.6728669509723861
