Metric	PAST SMOKER	CURRENT SMOKER	NON-SMOKER	UNKNOWN
Precision	0.19444444444444445	0.15384615384615385	0.2682926829268293	0.8936170212765957
Recall	0.6363636363636364	0.5454545454545454	0.6875	0.6666666666666666
F1	0.29787234042553196	0.24000000000000002	0.38596491228070173	0.7636363636363636
Micro-F1	0.6826923076923077
Macro-F1	0.6338028169014085
