Metric	PAST SMOKER	CURRENT SMOKER	NON-SMOKER	UNKNOWN
Precision	0.1724137931034483	0.2	0.2826086956521739	0.8695652173913043
Recall	0.45454545454545453	0.45454545454545453	0.8125	0.6349206349206349
F1	0.25000000000000006	0.2777777777777778	0.41935483870967744	0.7339449541284404
Micro-F1	0.7091346153846154
Macro-F1	0.6516419253261359
