Metric	PAST SMOKER	CURRENT SMOKER	NON-SMOKER	UNKNOWN
Precision	0.18181818181818182	0.0	0.30952380952380953	0.803921568627451
Recall	0.18181818181818182	0.0	0.8125	0.6507936507936508
F1	0.18181818181818182	0.0	0.4482758620689655	0.7192982456140351
Micro-F1	0.7644230769230768
Macro-F1	0.6878885316184351
