Metric	PAST SMOKER	CURRENT SMOKER	NON-SMOKER	UNKNOWN
Precision	0.2	0.0	0.2962962962962963	0.7758620689655172
Recall	0.2727272727272727	0.0	0.5	0.7142857142857143
F1	0.23076923076923075	0.0	0.37209302325581395	0.7438016528925621
Micro-F1	0.7692307692307693
Macro-F1	0.6923076923076923
