Metric	PAST SMOKER	CURRENT SMOKER	NON-SMOKER	UNKNOWN
Precision	0.25	0.0	0.3333333333333333	0.7121212121212122
Recall	0.36363636363636365	0.0	0.375	0.746031746031746
F1	0.2962962962962963	0.0	0.35294117647058826	0.7286821705426357
Micro-F1	0.7692307692307693
Macro-F1	0.6942581534221406
