Metric	PAST SMOKER	CURRENT SMOKER	NON-SMOKER	UNKNOWN
Precision	0.3	0.0	0.3125	0.819672131147541
Recall	0.2727272727272727	0.0	0.625	0.7936507936507936
F1	0.28571428571428564	0.0	0.4166666666666667	0.8064516129032259
Micro-F1	0.7980769230769231
Macro-F1	0.7324758842443729
