Metric	PAST SMOKER	CURRENT SMOKER	NON-SMOKER	UNKNOWN
Precision	0.3076923076923077	0.25	0.4	0.7894736842105263
Recall	0.36363636363636365	0.18181818181818182	0.5	0.7142857142857143
F1	0.33333333333333337	0.2105263157894737	0.4444444444444445	0.7500000000000001
Micro-F1	0.8052884615384616
Macro-F1	0.732501369406273
