Metric	PAST SMOKER	CURRENT SMOKER	NON-SMOKER	UNKNOWN
Precision	0.2	0.0	0.36363636363636365	0.7931034482758621
Recall	0.18181818181818182	0.0	0.5	0.7301587301587301
F1	0.1904761904761905	0.0	0.4210526315789474	0.7603305785123967
Micro-F1	0.795673076923077
Macro-F1	0.7173348255325952
