Metric	PAST SMOKER	CURRENT SMOKER	NON-SMOKER	UNKNOWN
Precision	0.2222222222222222	0.2	0.24390243902439024	0.8809523809523809
Recall	0.36363636363636365	0.18181818181818182	0.625	0.5873015873015873
F1	0.27586206896551724	0.1904761904761905	0.3508771929824561	0.7047619047619047
Micro-F1	0.7451923076923076
Macro-F1	0.6645161290322581
