Metric	PAST SMOKER	CURRENT SMOKER	NON-SMOKER	UNKNOWN
Precision	0.21428571428571427	0.11764705882352941	0.36363636363636365	0.7636363636363637
Recall	0.2727272727272727	0.18181818181818182	0.5	0.6666666666666666
F1	0.23999999999999996	0.14285714285714285	0.4210526315789474	0.711864406779661
Micro-F1	0.7620192307692307
Macro-F1	0.6837036411252851
