Metric	PAST SMOKER	CURRENT SMOKER	NON-SMOKER	UNKNOWN
Precision	0.25	0.0	0.3225806451612903	0.8333333333333334
Recall	0.36363636363636365	0.0	0.625	0.7142857142857143
F1	0.2962962962962963	0.0	0.425531914893617	0.7692307692307692
Micro-F1	0.7740384615384616
Macro-F1	0.7024954351795496
