Metric	PAST SMOKER	CURRENT SMOKER	NON-SMOKER	UNKNOWN
Precision	0.25	0.125	0.4444444444444444	0.7142857142857143
Recall	0.2727272727272727	0.09090909090909091	0.5	0.7936507936507936
F1	0.2608695652173913	0.10526315789473685	0.47058823529411764	0.7518796992481204
Micro-F1	0.795673076923077
Macro-F1	0.7284324191479721
