Metric	PAST SMOKER	CURRENT SMOKER	NON-SMOKER	UNKNOWN
Precision	0.23076923076923078	0.1111111111111111	0.2916666666666667	0.7931034482758621
Recall	0.2727272727272727	0.09090909090909091	0.4375	0.7301587301587301
F1	0.24999999999999994	0.09999999999999999	0.35000000000000003	0.7603305785123967
Micro-F1	0.78125
Macro-F1	0.705480997393706
