Metric	PAST SMOKER	CURRENT SMOKER	NON-SMOKER	UNKNOWN
Precision	0.13636363636363635	0.14285714285714285	0.3181818181818182	0.82
Recall	0.2727272727272727	0.18181818181818182	0.4375	0.6507936507936508
F1	0.1818181818181818	0.16	0.3684210526315789	0.7256637168141592
Micro-F1	0.7524038461538461
Macro-F1	0.6709239902616604
