Metric	PAST SMOKER	CURRENT SMOKER	NON-SMOKER	UNKNOWN
Precision	0.18181818181818182	0.0	0.36	0.7580645161290323
Recall	0.18181818181818182	0.0	0.5625	0.746031746031746
F1	0.18181818181818182	0.0	0.43902439024390244	0.752
Micro-F1	0.78125
Macro-F1	0.7073932367149758
