Metric	PAST SMOKER	CURRENT SMOKER	NON-SMOKER	UNKNOWN
Precision	0.21428571428571427	0.1875	0.1	0.7540983606557377
Recall	0.2727272727272727	0.2727272727272727	0.0625	0.7301587301587301
F1	0.23999999999999996	0.2222222222222222	0.07692307692307693	0.7419354838709677
Micro-F1	0.7692307692307693
Macro-F1	0.6861857614332862
