Metric	PAST SMOKER	CURRENT SMOKER	NON-SMOKER	UNKNOWN
Precision	0.1590909090909091	0.15254237288135594	0.26666666666666666	0.8717948717948718
Recall	0.6363636363636364	0.8181818181818182	1.0	0.5396825396825397
F1	0.2545454545454546	0.2571428571428571	0.4210526315789474	0.6666666666666666
Micro-F1	0.5889423076923077
Macro-F1	0.5561960732935298
