Metric	PAST SMOKER	CURRENT SMOKER	NON-SMOKER	UNKNOWN
Precision	0.18181818181818182	0.0	0.3225806451612903	0.7894736842105263
Recall	0.18181818181818182	0.0	0.625	0.7142857142857143
F1	0.18181818181818182	0.0	0.425531914893617	0.7500000000000001
Micro-F1	0.7740384615384616
Macro-F1	0.6987179487179487
