Metric	PAST SMOKER	CURRENT SMOKER	NON-SMOKER	UNKNOWN
Precision	0.23076923076923078	0.0	0.3448275862068966	0.8
Recall	0.2727272727272727	0.0	0.625	0.7619047619047619
F1	0.24999999999999994	0.0	0.4444444444444445	0.7804878048780488
Micro-F1	0.8004807692307693
Macro-F1	0.731372777842611
