Metric	PAST SMOKER	CURRENT SMOKER	NON-SMOKER	UNKNOWN
Precision	0.2	0.15789473684210525	0.29545454545454547	0.8421052631578947
Recall	0.45454545454545453	0.2727272727272727	0.8125	0.7619047619047619
F1	0.2777777777777778	0.19999999999999998	0.4333333333333334	0.8
Micro-F1	0.7403846153846154
Macro-F1	0.6883376342295846
