Metric	PAST SMOKER	CURRENT SMOKER	NON-SMOKER	UNKNOWN
Precision	0.1111111111111111	0.08333333333333333	0.3448275862068966	0.7586206896551724
Recall	0.09090909090909091	0.09090909090909091	0.625	0.6984126984126984
F1	0.09999999999999999	0.08695652173913043	0.4444444444444445	0.7272727272727273
Micro-F1	0.7668269230769231
Macro-F1	0.6900934665570975
