Metric	PAST SMOKER	CURRENT SMOKER	NON-SMOKER	UNKNOWN
Precision	0.18518518518518517	0.1	0.3333333333333333	0.7931034482758621
Recall	0.45454545454545453	0.09090909090909091	0.3125	0.7301587301587301
F1	0.2631578947368421	0.09523809523809525	0.3225806451612903	0.7603305785123967
Micro-F1	0.7668269230769231
Macro-F1	0.6920423411253825
