Metric	PAST SMOKER	CURRENT SMOKER	NON-SMOKER	UNKNOWN
Precision	0.16666666666666666	0.13333333333333333	0.32	0.8717948717948718
Recall	0.36363636363636365	0.36363636363636365	0.5	0.5396825396825397
F1	0.2285714285714286	0.1951219512195122	0.39024390243902435	0.6666666666666666
Micro-F1	0.7139423076923077
Macro-F1	0.631246880749663
