Metric	PAST SMOKER	CURRENT SMOKER	NON-SMOKER	UNKNOWN
Precision	0.18181818181818182	0.12	0.2807017543859649	0.8913043478260869
Recall	0.7272727272727273	0.5454545454545454	1.0	0.6507936507936508
F1	0.2909090909090909	0.19672131147540983	0.4383561643835616	0.7522935779816514
Micro-F1	0.625
Macro-F1	0.5921876178267099
