Metric	PAST SMOKER	CURRENT SMOKER	NON-SMOKER	UNKNOWN
Precision	0.16666666666666666	0.0	0.2692307692307692	0.7619047619047619
Recall	0.18181818181818182	0.0	0.4375	0.7619047619047619
F1	0.17391304347826086	0.0	0.33333333333333337	0.7619047619047619
Micro-F1	0.7836538461538463
Macro-F1	0.7077557137504683
