Metric	PAST SMOKER	CURRENT SMOKER	NON-SMOKER	UNKNOWN
Precision	0.15384615384615385	0.0	0.34782608695652173	0.7213114754098361
Recall	0.18181818181818182	0.0	0.5	0.6984126984126984
F1	0.16666666666666669	0.0	0.41025641025641024	0.7096774193548387
Micro-F1	0.7668269230769231
Macro-F1	0.6860621620570273
