Metric	PAST SMOKER	CURRENT SMOKER	NON-SMOKER	UNKNOWN
Precision	0.21052631578947367	0.0	0.3170731707317073	0.8297872340425532
Recall	0.36363636363636365	0.0	0.8125	0.6190476190476191
F1	0.26666666666666666	0.0	0.45614035087719296	0.7090909090909091
Micro-F1	0.75
Macro-F1	0.6748436748436748
