Metric	PAST SMOKER	CURRENT SMOKER	NON-SMOKER	UNKNOWN
Precision	0.3333333333333333	0.0	0.30303030303030304	0.8
Recall	0.36363636363636365	0.0	0.625	0.6349206349206349
F1	0.34782608695652173	0.0	0.40816326530612246	0.7079646017699115
Micro-F1	0.7668269230769231
Macro-F1	0.6860621620570273
