Metric	PAST SMOKER	CURRENT SMOKER	NON-SMOKER	UNKNOWN
Precision	0.3333333333333333	0.16666666666666666	0.3076923076923077	0.8679245283018868
Recall	0.36363636363636365	0.09090909090909091	0.75	0.7301587301587301
F1	0.34782608695652173	0.11764705882352942	0.4363636363636364	0.7931034482758621
Micro-F1	0.795673076923077
Macro-F1	0.7301401958315208
