Metric	PAST SMOKER	CURRENT SMOKER	NON-SMOKER	UNKNOWN
Precision	0.15384615384615385	0.0	0.3333333333333333	0.7384615384615385
Recall	0.18181818181818182	0.0	0.5625	0.7619047619047619
F1	0.16666666666666669	0.0	0.4186046511627907	0.75
Micro-F1	0.7716346153846154
Macro-F1	0.700258633112623
