Metric	PAST SMOKER	CURRENT SMOKER	NON-SMOKER	UNKNOWN
Precision	0.13953488372093023	0.1320754716981132	0.27450980392156865	0.84
Recall	0.5454545454545454	0.6363636363636364	0.875	0.6666666666666666
F1	0.22222222222222218	0.21875	0.4179104477611941	0.743362831858407
Micro-F1	0.6153846153846154
Macro-F1	0.5817308900786768
