Metric	PAST SMOKER	CURRENT SMOKER	NON-SMOKER	UNKNOWN
Precision	0.35714285714285715	0.16666666666666666	0.3181818181818182	0.7719298245614035
Recall	0.45454545454545453	0.18181818181818182	0.4375	0.6984126984126984
F1	0.4	0.17391304347826086	0.3684210526315789	0.7333333333333333
Micro-F1	0.7836538461538463
Macro-F1	0.7096684140326934
