Metric	PAST SMOKER	CURRENT SMOKER	NON-SMOKER	UNKNOWN
Precision	0.2222222222222222	0.14285714285714285	0.3333333333333333	0.8392857142857143
Recall	0.18181818181818182	0.09090909090909091	0.625	0.746031746031746
F1	0.19999999999999998	0.1111111111111111	0.43478260869565216	0.7899159663865546
Micro-F1	0.8004807692307693
Macro-F1	0.7295887600147235
