Metric	PAST SMOKER	CURRENT SMOKER	NON-SMOKER	UNKNOWN
Precision	0.19047619047619047	0.0	0.34615384615384615	0.8076923076923077
Recall	0.36363636363636365	0.0	0.5625	0.6666666666666666
F1	0.25	0.0	0.4285714285714286	0.7304347826086955
Micro-F1	0.7692307692307693
Macro-F1	0.6903129749682062
