Metric	PAST SMOKER	CURRENT SMOKER	NON-SMOKER	UNKNOWN
Precision	0.23076923076923078	0.2857142857142857	0.2903225806451613	0.8
Recall	0.2727272727272727	0.18181818181818182	0.5625	0.6349206349206349
F1	0.24999999999999994	0.2222222222222222	0.3829787234042554	0.7079646017699115
Micro-F1	0.7740384615384616
Macro-F1	0.6927235580700928
