Metric	PAST SMOKER	CURRENT SMOKER	NON-SMOKER	UNKNOWN
Precision	0.21428571428571427	0.0	0.38095238095238093	0.8035714285714286
Recall	0.2727272727272727	0.0	0.5	0.7142857142857143
F1	0.23999999999999996	0.0	0.4324324324324324	0.7563025210084034
Micro-F1	0.7908653846153846
Macro-F1	0.71268665602896
