Metric	PAST SMOKER	CURRENT SMOKER	NON-SMOKER	UNKNOWN
Precision	0.23076923076923078	0.0	0.2962962962962963	0.7777777777777778
Recall	0.2727272727272727	0.0	0.5	0.7777777777777778
F1	0.24999999999999994	0.0	0.37209302325581395	0.7777777777777778
Micro-F1	0.7884615384615384
Macro-F1	0.7179487179487178
