Metric	PAST SMOKER	CURRENT SMOKER	NON-SMOKER	UNKNOWN
Precision	0.25	0.0	0.2972972972972973	0.8103448275862069
Recall	0.36363636363636365	0.0	0.6875	0.746031746031746
F1	0.2962962962962963	0.0	0.41509433962264153	0.7768595041322314
Micro-F1	0.7764423076923077
Macro-F1	0.7101045296167248
