Metric	PAST SMOKER	CURRENT SMOKER	NON-SMOKER	UNKNOWN
Precision	0.125	0.0	0.32142857142857145	0.7424242424242424
Recall	0.09090909090909091	0.0	0.5625	0.7777777777777778
F1	0.10526315789473685	0.0	0.40909090909090917	0.7596899224806201
Micro-F1	0.7836538461538463
Macro-F1	0.7115384615384615
