Metric	PAST SMOKER	CURRENT SMOKER	NON-SMOKER	UNKNOWN
Precision	0.2727272727272727	0.0	0.3055555555555556	0.8
Recall	0.2727272727272727	0.0	0.6875	0.6984126984126984
F1	0.2727272727272727	0.0	0.42307692307692313	0.7457627118644068
Micro-F1	0.7716346153846154
Macro-F1	0.6983919835764055
