Metric	PAST SMOKER	CURRENT SMOKER	NON-SMOKER	UNKNOWN
Precision	0.21428571428571427	0.17647058823529413	0.25	0.8
Recall	0.2727272727272727	0.2727272727272727	0.5625	0.6349206349206349
F1	0.23999999999999996	0.21428571428571427	0.34615384615384615	0.7079646017699115
Micro-F1	0.7403846153846154
Macro-F1	0.664345695245495
