Metric	PAST SMOKER	CURRENT SMOKER	NON-SMOKER	UNKNOWN
Precision	0.2	0.23076923076923078	0.36363636363636365	0.8070175438596491
Recall	0.18181818181818182	0.2727272727272727	0.5	0.7301587301587301
F1	0.1904761904761905	0.24999999999999994	0.4210526315789474	0.7666666666666667
Micro-F1	0.795673076923077
Macro-F1	0.7230728265211024
