Metric	PAST SMOKER	CURRENT SMOKER	NON-SMOKER	UNKNOWN
Precision	0.2	0.0	0.3333333333333333	0.8
Recall	0.2727272727272727	0.0	0.4375	0.6984126984126984
F1	0.23076923076923075	0.0	0.37837837837837834	0.7457627118644068
Micro-F1	0.7860576923076923
Macro-F1	0.7040329349694233
