Metric	PAST SMOKER	CURRENT SMOKER	NON-SMOKER	UNKNOWN
Precision	0.18181818181818182	0.0	0.36	0.7659574468085106
Recall	0.18181818181818182	0.0	0.5625	0.5714285714285714
F1	0.18181818181818182	0.0	0.43902439024390244	0.6545454545454545
Micro-F1	0.7548076923076922
Macro-F1	0.659607239122064
