Metric	PAST SMOKER	CURRENT SMOKER	NON-SMOKER	UNKNOWN
Precision	0.25	0.14285714285714285	0.3448275862068966	0.7894736842105263
Recall	0.2727272727272727	0.09090909090909091	0.625	0.7142857142857143
F1	0.2608695652173913	0.1111111111111111	0.4444444444444445	0.7500000000000001
Micro-F1	0.7884615384615384
Macro-F1	0.716120227054189
