Metric	PAST SMOKER	CURRENT SMOKER	NON-SMOKER	UNKNOWN
Precision	0.2222222222222222	0.0	0.38461538461538464	0.7833333333333333
Recall	0.18181818181818182	0.0	0.625	0.746031746031746
F1	0.19999999999999998	0.0	0.4761904761904762	0.7642276422764228
Micro-F1	0.8004807692307693
Macro-F1	0.7277637170723246
