Metric	PAST SMOKER	CURRENT SMOKER	NON-SMOKER	UNKNOWN
Precision	0.15151515151515152	0.10638297872340426	0.3333333333333333	0.8103448275862069
Recall	0.45454545454545453	0.45454545454545453	0.75	0.746031746031746
F1	0.22727272727272727	0.17241379310344826	0.46153846153846156	0.7768595041322314
Micro-F1	0.6706730769230769
Macro-F1	0.6279288395625918
