Metric	PAST SMOKER	CURRENT SMOKER	NON-SMOKER	UNKNOWN
Precision	0.2727272727272727	0.0	0.358974358974359	0.8035714285714286
Recall	0.2727272727272727	0.0	0.875	0.7142857142857143
F1	0.2727272727272727	0.0	0.509090909090909	0.7563025210084034
Micro-F1	0.7884615384615384
Macro-F1	0.7214850882531954
