Metric	PAST SMOKER	CURRENT SMOKER	NON-SMOKER	UNKNOWN
Precision	0.2	0.0	0.3181818181818182	0.7543859649122807
Recall	0.18181818181818182	0.0	0.4375	0.6825396825396826
F1	0.1904761904761905	0.0	0.3684210526315789	0.7166666666666668
Micro-F1	0.7740384615384616
Macro-F1	0.688493770512698
