Metric	PAST SMOKER	CURRENT SMOKER	NON-SMOKER	UNKNOWN
Precision	0.2	0.0	0.2972972972972973	0.8113207547169812
Recall	0.18181818181818182	0.0	0.6875	0.6825396825396826
F1	0.1904761904761905	0.0	0.41509433962264153	0.7413793103448275
Micro-F1	0.7716346153846154
Macro-F1	0.6945314009661836
