Metric	PAST SMOKER	CURRENT SMOKER	NON-SMOKER	UNKNOWN
Precision	0.15625	0.17142857142857143	0.2926829268292683	0.8695652173913043
Recall	0.45454545454545453	0.5454545454545454	0.75	0.6349206349206349
F1	0.2325581395348837	0.26086956521739124	0.4210526315789473	0.7339449541284404
Micro-F1	0.6899038461538461
Macro-F1	0.6352737282087879
