Metric	PAST SMOKER	CURRENT SMOKER	NON-SMOKER	UNKNOWN
Precision	0.16666666666666666	0.09615384615384616	0.2727272727272727	0.8627450980392157
Recall	0.5454545454545454	0.45454545454545453	0.9375	0.6984126984126984
F1	0.2553191489361702	0.15873015873015872	0.4225352112676056	0.7719298245614035
Micro-F1	0.6274038461538461
Macro-F1	0.5929678376416374
