Metric	PAST SMOKER	CURRENT SMOKER	NON-SMOKER	UNKNOWN
Precision	0.3	0.0	0.375	0.7777777777777778
Recall	0.2727272727272727	0.0	0.5625	0.6666666666666666
F1	0.28571428571428564	0.0	0.45	0.717948717948718
Micro-F1	0.7908653846153846
Macro-F1	0.7086342229199372
