Metric	PAST SMOKER	CURRENT SMOKER	NON-SMOKER	UNKNOWN
Precision	0.18181818181818182	0.08333333333333333	0.3157894736842105	0.8461538461538461
Recall	0.36363636363636365	0.09090909090909091	0.375	0.6984126984126984
F1	0.24242424242424246	0.08695652173913043	0.34285714285714286	0.765217391304348
Micro-F1	0.7692307692307693
Macro-F1	0.6903129749682062
