Metric	PAST SMOKER	CURRENT SMOKER	NON-SMOKER	UNKNOWN
Precision	0.2	0.0	0.37037037037037035	0.8
Recall	0.18181818181818182	0.0	0.625	0.6984126984126984
F1	0.1904761904761905	0.0	0.4651162790697674	0.7457627118644068
Micro-F1	0.7884615384615384
Macro-F1	0.7103797468354429
