Metric	PAST SMOKER	CURRENT SMOKER	NON-SMOKER	UNKNOWN
Precision	0.17857142857142858	0.14814814814814814	0.25	0.8666666666666667
Recall	0.45454545454545453	0.36363636363636365	0.75	0.6190476190476191
F1	0.25641025641025644	0.21052631578947367	0.375	0.7222222222222222
Micro-F1	0.6899038461538461
Macro-F1	0.6303292070511892
