Metric	PAST SMOKER	CURRENT SMOKER	NON-SMOKER	UNKNOWN
Precision	0.17647058823529413	0.1	0.375	0.7735849056603774
Recall	0.2727272727272727	0.09090909090909091	0.5625	0.6507936507936508
F1	0.21428571428571427	0.09523809523809525	0.45	0.706896551724138
Micro-F1	0.7668269230769231
Macro-F1	0.6860621620570273
