Metric	PAST SMOKER	CURRENT SMOKER	NON-SMOKER	UNKNOWN
Precision	0.2	0.0	0.2727272727272727	0.7285714285714285
Recall	0.18181818181818182	0.0	0.375	0.8095238095238095
F1	0.1904761904761905	0.0	0.3157894736842105	0.7669172932330828
Micro-F1	0.7884615384615384
Macro-F1	0.716120227054189
