Metric	PAST SMOKER	CURRENT SMOKER	NON-SMOKER	UNKNOWN
Precision	0.3076923076923077	0.0	0.2894736842105263	0.803921568627451
Recall	0.36363636363636365	0.0	0.6875	0.6507936507936508
F1	0.33333333333333337	0.0	0.4074074074074074	0.7192982456140351
Micro-F1	0.7620192307692307
Macro-F1	0.6856926986743596
