Metric	PAST SMOKER	CURRENT SMOKER	NON-SMOKER	UNKNOWN
Precision	0.17647058823529413	0.0	0.2962962962962963	0.8297872340425532
Recall	0.2727272727272727	0.0	0.5	0.6190476190476191
F1	0.21428571428571427	0.0	0.37209302325581395	0.7090909090909091
Micro-F1	0.7572115384615384
Macro-F1	0.6687245231843949
