Metric	PAST SMOKER	CURRENT SMOKER	NON-SMOKER	UNKNOWN
Precision	0.2222222222222222	0.0	0.4166666666666667	0.7230769230769231
Recall	0.18181818181818182	0.0	0.625	0.746031746031746
F1	0.19999999999999998	0.0	0.5	0.7343749999999999
Micro-F1	0.7884615384615384
Macro-F1	0.716120227054189
