Metric	PAST SMOKER	CURRENT SMOKER	NON-SMOKER	UNKNOWN
Precision	0.26666666666666666	0.16666666666666666	0.375	0.7619047619047619
Recall	0.36363636363636365	0.09090909090909091	0.5625	0.7619047619047619
F1	0.30769230769230765	0.11764705882352942	0.45	0.7619047619047619
Micro-F1	0.795673076923077
Macro-F1	0.7284324191479721
