Metric	PAST SMOKER	CURRENT SMOKER	NON-SMOKER	UNKNOWN
Precision	0.25	0.0	0.375	0.7884615384615384
Recall	0.2727272727272727	0.0	0.75	0.6507936507936508
F1	0.2608695652173913	0.0	0.5	0.7130434782608696
Micro-F1	0.7908653846153846
Macro-F1	0.71268665602896
