Metric	PAST SMOKER	CURRENT SMOKER	NON-SMOKER	UNKNOWN
Precision	0.2	0.1	0.2413793103448276	0.8627450980392157
Recall	0.36363636363636365	0.09090909090909091	0.4375	0.6984126984126984
F1	0.25806451612903225	0.09523809523809525	0.3111111111111111	0.7719298245614035
Micro-F1	0.7620192307692307
Macro-F1	0.6856926986743596
