Metric	PAST SMOKER	CURRENT SMOKER	NON-SMOKER	UNKNOWN
Precision	0.07142857142857142	0.0	0.3333333333333333	0.7843137254901961
Recall	0.09090909090909091	0.0	0.625	0.6349206349206349
F1	0.08	0.0	0.43478260869565216	0.7017543859649124
Micro-F1	0.7524038461538461
Macro-F1	0.6666433267203485
