Metric	PAST SMOKER	CURRENT SMOKER	NON-SMOKER	UNKNOWN
Precision	0.17857142857142858	0.1320754716981132	0.2692307692307692	0.8541666666666666
Recall	0.9090909090909091	0.6363636363636364	0.875	0.6507936507936508
F1	0.2985074626865672	0.21875	0.411764705882353	0.7387387387387387
Micro-F1	0.6009615384615384
Macro-F1	0.5732542330985045
