Metric	PAST SMOKER	CURRENT SMOKER	NON-SMOKER	UNKNOWN
Precision	0.23529411764705882	0.0	0.37037037037037035	0.8269230769230769
Recall	0.36363636363636365	0.0	0.625	0.6825396825396826
F1	0.2857142857142857	0.0	0.4651162790697674	0.7478260869565218
Micro-F1	0.7860576923076923
Macro-F1	0.7100409595338601
