Metric	PAST SMOKER	CURRENT SMOKER	NON-SMOKER	UNKNOWN
Precision	0.16666666666666666	0.0	0.375	0.8541666666666666
Recall	0.2727272727272727	0.0	0.5625	0.6507936507936508
F1	0.20689655172413793	0.0	0.45	0.7387387387387387
Micro-F1	0.7716346153846154
Macro-F1	0.6884042544803715
