Metric	PAST SMOKER	CURRENT SMOKER	NON-SMOKER	UNKNOWN
Precision	0.23529411764705882	0.16666666666666666	0.37037037037037035	0.82
Recall	0.36363636363636365	0.18181818181818182	0.625	0.6507936507936508
F1	0.2857142857142857	0.17391304347826086	0.4651162790697674	0.7256637168141592
Micro-F1	0.7764423076923077
Macro-F1	0.7009623188405796
