Metric	PAST SMOKER	CURRENT SMOKER	NON-SMOKER	UNKNOWN
Precision	0.16666666666666666	0.13333333333333333	0.29411764705882354	0.8867924528301887
Recall	0.5454545454545454	0.7272727272727273	0.9375	0.746031746031746
F1	0.2553191489361702	0.22535211267605634	0.44776119402985076	0.8103448275862069
Micro-F1	0.6418269230769231
Macro-F1	0.6121903760847396
