Metric	PAST SMOKER	CURRENT SMOKER	NON-SMOKER	UNKNOWN
Precision	0.2	0.0	0.38095238095238093	0.765625
Recall	0.18181818181818182	0.0	0.5	0.7777777777777778
F1	0.1904761904761905	0.0	0.4324324324324324	0.7716535433070867
Micro-F1	0.795673076923077
Macro-F1	0.7230728265211024
