Metric	PAST SMOKER	CURRENT SMOKER	NON-SMOKER	UNKNOWN
Precision	0.26666666666666666	0.0	0.32432432432432434	0.8333333333333334
Recall	0.36363636363636365	0.0	0.75	0.7142857142857143
F1	0.30769230769230765	0.0	0.4528301886792453	0.7692307692307692
Micro-F1	0.7860576923076923
Macro-F1	0.7174409109294747
