Metric	PAST SMOKER	CURRENT SMOKER	NON-SMOKER	UNKNOWN
Precision	0.2857142857142857	0.0	0.32142857142857145	0.7924528301886793
Recall	0.36363636363636365	0.0	0.5625	0.6666666666666666
F1	0.32	0.0	0.40909090909090917	0.7241379310344827
Micro-F1	0.7740384615384616
Macro-F1	0.6947670788060447
