Metric	PAST SMOKER	CURRENT SMOKER	NON-SMOKER	UNKNOWN
Precision	0.3	0.0	0.32142857142857145	0.746031746031746
Recall	0.2727272727272727	0.0	0.5625	0.746031746031746
F1	0.28571428571428564	0.0	0.40909090909090917	0.746031746031746
Micro-F1	0.7932692307692307
Macro-F1	0.720744348694892
