Metric	PAST SMOKER	CURRENT SMOKER	NON-SMOKER	UNKNOWN
Precision	0.14285714285714285	0.07407407407407407	0.2222222222222222	0.8888888888888888
Recall	0.36363636363636365	0.18181818181818182	0.5	0.5079365079365079
F1	0.2051282051282051	0.10526315789473684	0.30769230769230765	0.6464646464646465
Micro-F1	0.6730769230769231
Macro-F1	0.5891716045079587
