Metric	PAST SMOKER	CURRENT SMOKER	NON-SMOKER	UNKNOWN
Precision	0.25	0.0	0.2857142857142857	0.7966101694915254
Recall	0.2727272727272727	0.0	0.5	0.746031746031746
F1	0.2608695652173913	0.0	0.36363636363636365	0.7704918032786885
Micro-F1	0.7836538461538463
Macro-F1	0.7096684140326934
