Metric	PAST SMOKER	CURRENT SMOKER	NON-SMOKER	UNKNOWN
Precision	0.17142857142857143	0.14285714285714285	0.3333333333333333	0.847457627118644
Recall	0.5454545454545454	0.45454545454545453	0.875	0.7936507936507936
F1	0.26086956521739124	0.21739130434782608	0.48275862068965514	0.819672131147541
Micro-F1	0.7067307692307693
Macro-F1	0.6668067226890756
