Metric	PAST SMOKER	CURRENT SMOKER	NON-SMOKER	UNKNOWN
Precision	0.1794871794871795	0.12727272727272726	0.23529411764705882	0.90625
Recall	0.6363636363636364	0.6363636363636364	1.0	0.4603174603174603
F1	0.28	0.2121212121212121	0.38095238095238093	0.6105263157894737
Micro-F1	0.5745192307692307
Macro-F1	0.535195530726257
