Metric	PAST SMOKER	CURRENT SMOKER	NON-SMOKER	UNKNOWN
Precision	0.17647058823529413	0.0	0.43478260869565216	0.8301886792452831
Recall	0.2727272727272727	0.0	0.625	0.6984126984126984
F1	0.21428571428571427	0.0	0.5128205128205128	0.7586206896551724
Micro-F1	0.7884615384615384
Macro-F1	0.7123369479805123
