Metric	PAST SMOKER	CURRENT SMOKER	NON-SMOKER	UNKNOWN
Precision	0.1875	0.0	0.38095238095238093	0.7586206896551724
Recall	0.2727272727272727	0.0	0.5	0.6984126984126984
F1	0.2222222222222222	0.0	0.4324324324324324	0.7272727272727273
Micro-F1	0.7836538461538463
Macro-F1	0.7037974683544304
