Metric	PAST SMOKER	CURRENT SMOKER	NON-SMOKER	UNKNOWN
Precision	0.3333333333333333	0.14285714285714285	0.34615384615384615	0.7777777777777778
Recall	0.36363636363636365	0.09090909090909091	0.5625	0.7777777777777778
F1	0.34782608695652173	0.1111111111111111	0.4285714285714286	0.7777777777777778
Micro-F1	0.8004807692307693
Macro-F1	0.7348222445797845
