Metric	PAST SMOKER	CURRENT SMOKER	NON-SMOKER	UNKNOWN
Precision	0.2	0.0	0.32142857142857145	0.8723404255319149
Recall	0.36363636363636365	0.0	0.5625	0.6507936507936508
F1	0.25806451612903225	0.0	0.40909090909090917	0.7454545454545455
Micro-F1	0.7740384615384616
Macro-F1	0.6927235580700928
