Metric	PAST SMOKER	CURRENT SMOKER	NON-SMOKER	UNKNOWN
Precision	0.25	0.18181818181818182	0.23809523809523808	0.7966101694915254
Recall	0.5454545454545454	0.36363636363636365	0.3125	0.746031746031746
F1	0.34285714285714286	0.24242424242424246	0.27027027027027023	0.7704918032786885
Micro-F1	0.7524038461538461
Macro-F1	0.688003786361816
