Metric	PAST SMOKER	CURRENT SMOKER	NON-SMOKER	UNKNOWN
Precision	0.16666666666666666	0.0	0.3448275862068966	0.8372093023255814
Recall	0.2727272727272727	0.0	0.625	0.5714285714285714
F1	0.20689655172413793	0.0	0.4444444444444445	0.679245283018868
Micro-F1	0.7572115384615384
Macro-F1	0.6664523248152293
