Metric	PAST SMOKER	CURRENT SMOKER	NON-SMOKER	UNKNOWN
Precision	0.18181818181818182	0.0	0.38095238095238093	0.7313432835820896
Recall	0.18181818181818182	0.0	0.5	0.7777777777777778
F1	0.18181818181818182	0.0	0.4324324324324324	0.7538461538461538
Micro-F1	0.7884615384615384
Macro-F1	0.716120227054189
