Metric	PAST SMOKER	CURRENT SMOKER	NON-SMOKER	UNKNOWN
Precision	0.21052631578947367	0.0	0.25	0.8392857142857143
Recall	0.36363636363636365	0.0	0.4375	0.746031746031746
F1	0.26666666666666666	0.0	0.3181818181818182	0.7899159663865546
Micro-F1	0.7644230769230768
Macro-F1	0.69174001149321
