Metric	PAST SMOKER	CURRENT SMOKER	NON-SMOKER	UNKNOWN
Precision	0.2727272727272727	0.18181818181818182	0.25	0.7333333333333333
Recall	0.2727272727272727	0.18181818181818182	0.25	0.6984126984126984
F1	0.2727272727272727	0.18181818181818182	0.25	0.7154471544715446
Micro-F1	0.7764423076923077
Macro-F1	0.692871942651647
