Metric	PAST SMOKER	CURRENT SMOKER	NON-SMOKER	UNKNOWN
Precision	0.21052631578947367	0.1	0.2926829268292683	0.8541666666666666
Recall	0.36363636363636365	0.18181818181818182	0.75	0.6507936507936508
F1	0.26666666666666666	0.12903225806451613	0.4210526315789473	0.7387387387387387
Micro-F1	0.7331730769230769
Macro-F1	0.665602120402355
