Metric	PAST SMOKER	CURRENT SMOKER	NON-SMOKER	UNKNOWN
Precision	0.15789473684210525	0.0	0.3076923076923077	0.7758620689655172
Recall	0.2727272727272727	0.0	0.5	0.7142857142857143
F1	0.19999999999999998	0.0	0.380952380952381	0.7438016528925621
Micro-F1	0.7668269230769231
Macro-F1	0.6900934665570975
