Metric	PAST SMOKER	CURRENT SMOKER	NON-SMOKER	UNKNOWN
Precision	0.18518518518518517	0.08695652173913043	0.27906976744186046	0.8478260869565217
Recall	0.45454545454545453	0.18181818181818182	0.75	0.6190476190476191
F1	0.2631578947368421	0.1176470588235294	0.4067796610169491	0.7155963302752294
Micro-F1	0.7019230769230769
Macro-F1	0.636936936936937
