Metric	PAST SMOKER	CURRENT SMOKER	NON-SMOKER	UNKNOWN
Precision	0.19148936170212766	0.12280701754385964	0.2777777777777778	0.8541666666666666
Recall	0.8181818181818182	0.6363636363636364	0.9375	0.6507936507936508
F1	0.31034482758620685	0.20588235294117646	0.42857142857142866	0.7387387387387387
Micro-F1	0.6081730769230769
Macro-F1	0.5792895920583216
