Metric	PAST SMOKER	CURRENT SMOKER	NON-SMOKER	UNKNOWN
Precision	0.14285714285714285	0.1111111111111111	0.36363636363636365	0.7704918032786885
Recall	0.18181818181818182	0.09090909090909091	0.5	0.746031746031746
F1	0.16	0.09999999999999999	0.4210526315789474	0.7580645161290323
Micro-F1	0.78125
Macro-F1	0.7073932367149758
