Metric	PAST SMOKER	CURRENT SMOKER	NON-SMOKER	UNKNOWN
Precision	0.15625	0.0975609756097561	0.3191489361702128	0.8360655737704918
Recall	0.45454545454545453	0.36363636363636365	0.9375	0.8095238095238095
F1	0.2325581395348837	0.15384615384615385	0.4761904761904763	0.8225806451612904
Micro-F1	0.6826923076923077
Macro-F1	0.6459574468085105
