Metric	PAST SMOKER	CURRENT SMOKER	NON-SMOKER	UNKNOWN
Precision	0.1111111111111111	0.2727272727272727	0.35294117647058826	0.7230769230769231
Recall	0.09090909090909091	0.2727272727272727	0.375	0.746031746031746
F1	0.09999999999999999	0.2727272727272727	0.3636363636363636	0.7343749999999999
Micro-F1	0.7860576923076923
Macro-F1	0.7100409595338601
