Metric	PAST SMOKER	CURRENT SMOKER	NON-SMOKER	UNKNOWN
Precision	0.19047619047619047	0.14285714285714285	0.2857142857142857	0.7666666666666667
Recall	0.36363636363636365	0.09090909090909091	0.375	0.7301587301587301
F1	0.25	0.1111111111111111	0.3243243243243243	0.7479674796747968
Micro-F1	0.7692307692307693
Macro-F1	0.6942581534221406
