Metric	PAST SMOKER	CURRENT SMOKER	NON-SMOKER	UNKNOWN
Precision	0.36363636363636365	0.0	0.4230769230769231	0.7704918032786885
Recall	0.36363636363636365	0.0	0.6875	0.746031746031746
F1	0.36363636363636365	0.0	0.5238095238095238	0.7580645161290323
Micro-F1	0.8004807692307693
Macro-F1	0.7331169082125604
