Metric	PAST SMOKER	CURRENT SMOKER	NON-SMOKER	UNKNOWN
Precision	0.3076923076923077	0.16666666666666666	0.4166666666666667	0.8070175438596491
Recall	0.36363636363636365	0.18181818181818182	0.625	0.7301587301587301
F1	0.33333333333333337	0.17391304347826086	0.5	0.7666666666666667
Micro-F1	0.8004807692307693
Macro-F1	0.7331169082125604
