Metric	PAST SMOKER	CURRENT SMOKER	NON-SMOKER	UNKNOWN
Precision	0.2222222222222222	0.0	0.391304347826087	0.8
Recall	0.36363636363636365	0.0	0.5625	0.6984126984126984
F1	0.27586206896551724	0.0	0.46153846153846156	0.7457627118644068
Micro-F1	0.78125
Macro-F1	0.705480997393706
