Metric	PAST SMOKER	CURRENT SMOKER	NON-SMOKER	UNKNOWN
Precision	0.21428571428571427	0.0	0.25	0.7966101694915254
Recall	0.2727272727272727	0.0	0.4375	0.746031746031746
F1	0.23999999999999996	0.0	0.3181818181818182	0.7704918032786885
Micro-F1	0.7692307692307693
Macro-F1	0.6942581534221406
