Metric	PAST SMOKER	CURRENT SMOKER	NON-SMOKER	UNKNOWN
Precision	0.14705882352941177	0.13953488372093023	0.3137254901960784	0.8695652173913043
Recall	0.45454545454545453	0.5454545454545454	1.0	0.6349206349206349
F1	0.22222222222222224	0.22222222222222218	0.47761194029850745	0.7339449541284404
Micro-F1	0.6610576923076923
Macro-F1	0.6170654480169739
