Metric	PAST SMOKER	CURRENT SMOKER	NON-SMOKER	UNKNOWN
Precision	0.23076923076923078	0.0	0.38461538461538464	0.7796610169491526
Recall	0.2727272727272727	0.0	0.625	0.7301587301587301
F1	0.24999999999999994	0.0	0.4761904761904762	0.7540983606557377
Micro-F1	0.7908653846153846
Macro-F1	0.7184268876181585
