Metric	PAST SMOKER	CURRENT SMOKER	NON-SMOKER	UNKNOWN
Precision	0.2	0.0	0.2857142857142857	0.7758620689655172
Recall	0.36363636363636365	0.0	0.5	0.7142857142857143
F1	0.25806451612903225	0.0	0.36363636363636365	0.7438016528925621
Micro-F1	0.7644230769230768
Macro-F1	0.6898356664637857
