Metric	PAST SMOKER	CURRENT SMOKER	NON-SMOKER	UNKNOWN
Precision	0.15384615384615385	0.0	0.4444444444444444	0.71875
Recall	0.18181818181818182	0.0	0.5	0.7301587301587301
F1	0.16666666666666669	0.0	0.47058823529411764	0.7244094488188977
Micro-F1	0.78125
Macro-F1	0.703525026040239
