Metric	alt.atheism	talk.religion.misc	comp.graphics	sci.space
Precision	0.528169014084507	0.4242957746478873	0.9836956521739131	0.9045346062052506
Recall	0.9404388714733543	0.9601593625498008	0.9305912596401028	0.9619289340101523
F1	0.6764374295377678	0.5885225885225885	0.9564068692206076	0.932349323493235
Micro-F1	0.8684405025868439
Macro-F1	0.8441660794601971
