Metric	alt.atheism	talk.religion.misc	comp.graphics	sci.space
Precision	0.5138662316476346	0.5144124168514412	0.9861495844875346	0.9608355091383812
Recall	0.987460815047022	0.9243027888446215	0.9151670951156813	0.934010152284264
F1	0.6759656652360516	0.660968660968661	0.9493333333333334	0.9472329472329473
Micro-F1	0.8856245380635624
Macro-F1	0.861699065213217
