Metric	alt.atheism	talk.religion.misc	comp.graphics	sci.space
Precision	0.5411558669001751	0.6480263157894737	0.9619289340101523	0.9363867684478372
Recall	0.9686520376175548	0.7848605577689243	0.974293059125964	0.934010152284264
F1	0.6943820224719102	0.7099099099099099	0.9680715197956578	0.9351969504447268
Micro-F1	0.905949741315595
Macro-F1	0.8829981224623458
