Metric	alt.atheism	talk.religion.misc	comp.graphics	sci.space
Precision	0.5267702936096719	0.41796200345423146	0.9784366576819407	0.9259259259259259
Recall	0.9561128526645768	0.9641434262948207	0.9331619537275064	0.9517766497461929
F1	0.6792873051224945	0.5831325301204819	0.9552631578947368	0.9386733416770964
Micro-F1	0.8675166297117517
Macro-F1	0.8433686380532845
