Metric	alt.atheism	talk.religion.misc	comp.graphics	sci.space
Precision	0.5399644760213144	0.41740674955595025	0.9686684073107049	0.9079903147699758
Recall	0.9529780564263323	0.9362549800796812	0.9537275064267352	0.9517766497461929
F1	0.6893424036281178	0.5773955773955773	0.9611398963730569	0.929368029739777
Micro-F1	0.8697339246119734
Macro-F1	0.8456714857334119
