Metric	alt.atheism	talk.religion.misc	comp.graphics	sci.space
Precision	0.5404411764705882	0.42722117202268434	0.983739837398374	0.8148936170212766
Recall	0.9216300940438872	0.900398406374502	0.9331619537275064	0.9720812182741116
F1	0.6813441483198146	0.5794871794871795	0.9577836411609498	0.8865740740740741
Micro-F1	0.8645602365114561
Macro-F1	0.8392636020832139
