Metric	alt.atheism	talk.religion.misc	comp.graphics	sci.space
Precision	0.546112115732369	0.5516372795969773	0.9715025906735751	0.9112709832134293
Recall	0.9467084639498433	0.8725099601593626	0.9640102827763496	0.9644670050761421
F1	0.6926605504587157	0.6759259259259259	0.9677419354838709	0.93711467324291
Micro-F1	0.8976348854397634
Macro-F1	0.8749276450781884
