Metric	alt.atheism	talk.religion.misc	comp.graphics	sci.space
Precision	0.5322862129144852	0.418848167539267	0.9658792650918635	0.9348370927318296
Recall	0.9561128526645768	0.9561752988047809	0.9460154241645244	0.9467005076142132
F1	0.6838565022421526	0.5825242718446602	0.9558441558441559	0.9407313997477931
Micro-F1	0.8693643754619365
Macro-F1	0.8453405216762857
