Metric	alt.atheism	talk.religion.misc	comp.graphics	sci.space
Precision	0.5385996409335727	0.4254937163375224	0.9379652605459057	0.9416243654822335
Recall	0.9404388714733543	0.9442231075697212	0.9717223650385605	0.9416243654822335
F1	0.6849315068493151	0.5866336633663366	0.9545454545454546	0.9416243654822335
Micro-F1	0.8721359940872137
Macro-F1	0.8482279022720198
