Metric	alt.atheism	talk.religion.misc	comp.graphics	sci.space
Precision	0.5318021201413428	0.42226148409893993	0.9702702702702702	0.9016786570743405
Recall	0.9435736677115988	0.952191235059761	0.922879177377892	0.9543147208121827
F1	0.6802259887005648	0.5850673194614443	0.9459815546772069	0.9272503082614056
Micro-F1	0.8665927568366593
Macro-F1	0.8418680198707058
