Metric	alt.atheism	talk.religion.misc	comp.graphics	sci.space
Precision	0.5381818181818182	0.6058823529411764	0.9639175257731959	0.9002375296912114
Recall	0.9278996865203761	0.8207171314741036	0.961439588688946	0.9619289340101523
F1	0.6812428078250864	0.6971235194585448	0.9626769626769626	0.9300613496932516
Micro-F1	0.8998521803399852
Macro-F1	0.8763370070603281
