Metric	alt.atheism	talk.religion.misc	comp.graphics	sci.space
Precision	0.5626204238921002	0.6411149825783972	0.9618320610687023	0.8465011286681715
Recall	0.9153605015673981	0.7330677290836654	0.9717223650385605	0.9517766497461929
F1	0.6968973747016706	0.6840148698884759	0.9667519181585679	0.8960573476702509
Micro-F1	0.9007760532150776
Macro-F1	0.8760550165462897
