Metric	alt.atheism	talk.religion.misc	comp.graphics	sci.space
Precision	0.5319148936170213	0.41843971631205673	0.9561855670103093	0.9226932668329177
Recall	0.9404388714733543	0.9402390438247012	0.9537275064267352	0.9390862944162437
F1	0.6795016987542469	0.5791411042944785	0.954954954954955	0.9308176100628931
Micro-F1	0.8677014042867701
Macro-F1	0.843127767535518
