Metric	alt.atheism	talk.religion.misc	comp.graphics	sci.space
Precision	0.5474060822898033	0.5790960451977402	0.9447236180904522	0.9343434343434344
Recall	0.9592476489028213	0.8167330677290837	0.9665809768637532	0.9390862944162437
F1	0.6970387243735763	0.6776859504132232	0.9555273189326556	0.9367088607594937
Micro-F1	0.8991130820399114
Macro-F1	0.8756220262448102
