Metric	alt.atheism	talk.religion.misc	comp.graphics	sci.space
Precision	0.5271453590192644	0.5544041450777202	0.9662337662337662	0.9264705882352942
Recall	0.9435736677115988	0.852589641434263	0.9562982005141388	0.9593908629441624
F1	0.6764044943820224	0.6718995290423861	0.9612403100775194	0.9426433915211969
Micro-F1	0.8941241685144125
Macro-F1	0.8705634043670027
