Metric	alt.atheism	talk.religion.misc	comp.graphics	sci.space
Precision	0.6108490566037735	0.6062322946175638	0.9503722084367245	0.7161654135338346
Recall	0.8119122257053292	0.852589641434263	0.9845758354755784	0.9670050761421319
F1	0.6971736204576042	0.7086092715231789	0.967171717171717	0.8228941684665226
Micro-F1	0.8907982261640798
Macro-F1	0.8655041022718026
