Metric	alt.atheism	talk.religion.misc	comp.graphics	sci.space
Precision	0.7130177514792899	0.5736434108527132	0.9641943734015346	0.6153846153846154
Recall	0.7554858934169278	0.8844621513944223	0.9691516709511568	0.9746192893401016
F1	0.7336377473363774	0.6959247648902821	0.9666666666666667	0.7544204322200394
Micro-F1	0.8808203991130821
Macro-F1	0.8540171260576758
