Metric	alt.atheism	talk.religion.misc	comp.graphics	sci.space
Precision	0.5373406193078324	0.4207650273224044	0.978319783197832	0.8741418764302059
Recall	0.9247648902821317	0.9203187250996016	0.9280205655526992	0.9695431472081218
F1	0.6797235023041475	0.5775	0.9525065963060685	0.9193742478941035
Micro-F1	0.8671470805617147
Macro-F1	0.8421134315456571
