Metric	alt.atheism	talk.religion.misc	comp.graphics	sci.space
Precision	0.538899430740038	0.43833017077798864	0.9378109452736318	0.8962264150943396
Recall	0.890282131661442	0.9203187250996016	0.9691516709511568	0.9644670050761421
F1	0.6713947990543736	0.5938303341902313	0.9532237673830595	0.9290953545232273
Micro-F1	0.872690317812269
Macro-F1	0.8480599329231553
