Metric	alt.atheism	talk.religion.misc	comp.graphics	sci.space
Precision	0.5197255574614065	0.41680960548885077	0.9757412398921833	0.9255583126550868
Recall	0.9498432601880877	0.9681274900398407	0.9305912596401028	0.9467005076142132
F1	0.6718403547671841	0.5827338129496403	0.9526315789473684	0.9360100376411543
Micro-F1	0.864929785661493
Macro-F1	0.8404742531356273
