Metric	alt.atheism	talk.religion.misc	comp.graphics	sci.space
Precision	0.5387323943661971	0.6189024390243902	0.947103274559194	0.9269521410579346
Recall	0.9592476489028213	0.8087649402390438	0.9665809768637532	0.934010152284264
F1	0.689966178128523	0.701208981001727	0.9567430025445293	0.9304677623261695
Micro-F1	0.9007760532150776
Macro-F1	0.8772575731230675
