Metric	alt.atheism	talk.religion.misc	comp.graphics	sci.space
Precision	0.5295138888888888	0.421875	0.9615384615384616	0.9509043927648578
Recall	0.9561128526645768	0.9681274900398407	0.9640102827763496	0.934010152284264
F1	0.6815642458100558	0.5876662636033857	0.962772785622593	0.9423815620998719
Micro-F1	0.8706577974870658
Macro-F1	0.8469509200639733
