Metric	alt.atheism	talk.religion.misc	comp.graphics	sci.space
Precision	0.5496323529411765	0.42385321100917434	0.9462915601023018	0.8813953488372093
Recall	0.9373040752351097	0.9203187250996016	0.9511568123393316	0.9619289340101523
F1	0.6929316338354579	0.5804020100502513	0.9487179487179487	0.9199029126213594
Micro-F1	0.8697339246119734
Macro-F1	0.8453497618693732
