Metric	alt.atheism	talk.religion.misc	comp.graphics	sci.space
Precision	0.5412186379928315	0.5790960451977402	0.9567430025445293	0.9119804400977995
Recall	0.9467084639498433	0.8167330677290837	0.9665809768637532	0.9467005076142132
F1	0.6887115165336375	0.6776859504132232	0.9616368286445013	0.9290161892901618
Micro-F1	0.897450110864745
Macro-F1	0.8737465647843599
