Metric	alt.atheism	talk.religion.misc	comp.graphics	sci.space
Precision	0.5347222222222222	0.4149305555555556	0.9811827956989247	0.9209876543209876
Recall	0.9655172413793104	0.952191235059761	0.9383033419023136	0.9467005076142132
F1	0.6882681564245811	0.5779927448609432	0.9592641261498028	0.9336670838548184
Micro-F1	0.8684405025868439
Macro-F1	0.8443272215507842
