Metric	alt.atheism	talk.religion.misc	comp.graphics	sci.space
Precision	0.5248713550600344	0.41852487135506006	0.961139896373057	0.948849104859335
Recall	0.9592476489028213	0.9721115537848606	0.9537275064267352	0.9416243654822335
F1	0.6784922394678492	0.5851318944844125	0.9574193548387095	0.9452229299363057
Micro-F1	0.8684405025868439
Macro-F1	0.8447001743652177
