Metric	alt.atheism	talk.religion.misc	comp.graphics	sci.space
Precision	0.5385996409335727	0.42908438061041293	0.9473684210526315	0.9370277078085643
Recall	0.9404388714733543	0.952191235059761	0.9717223650385605	0.9441624365482234
F1	0.6849315068493151	0.5915841584158416	0.9593908629441624	0.940581542351454
Micro-F1	0.8734294161123429
Macro-F1	0.8497370026674052
