Metric	alt.atheism	talk.religion.misc	comp.graphics	sci.space
Precision	0.5404929577464789	0.5739795918367347	0.9714285714285714	0.9117647058823529
Recall	0.9623824451410659	0.896414342629482	0.961439588688946	0.9441624365482234
F1	0.6922209695603158	0.6998444790046655	0.9664082687338501	0.9276807980049876
Micro-F1	0.8983739837398373
Macro-F1	0.8758306945722087
