Metric	alt.atheism	talk.religion.misc	comp.graphics	sci.space
Precision	0.5343915343915344	0.42328042328042326	0.9565217391304348	0.9367088607594937
Recall	0.9498432601880877	0.9561752988047809	0.961439588688946	0.9390862944162437
F1	0.6839729119638827	0.5867970660146699	0.9589743589743589	0.937896070975919
Micro-F1	0.8708425720620843
Macro-F1	0.8469319716669088
