Metric	alt.atheism	talk.religion.misc	comp.graphics	sci.space
Precision	0.5256849315068494	0.4126712328767123	0.9398496240601504	0.9702702702702702
Recall	0.9623824451410659	0.9601593625498008	0.9640102827763496	0.9111675126903553
F1	0.6799557032115173	0.5772455089820359	0.9517766497461929	0.9397905759162303
Micro-F1	0.8658536585365854
Macro-F1	0.8414840766438347
