Metric	alt.atheism	talk.religion.misc	comp.graphics	sci.space
Precision	0.5387323943661971	0.6421404682274248	0.9736147757255936	0.9236453201970444
Recall	0.9592476489028213	0.7649402390438247	0.9485861182519281	0.9517766497461929
F1	0.689966178128523	0.6981818181818181	0.9609375	0.9375
Micro-F1	0.9037324464153732
Macro-F1	0.8799948672321933
