Metric	alt.atheism	talk.religion.misc	comp.graphics	sci.space
Precision	0.0	0.0	0.967741935483871	0.38276553106212424
Recall	0.0	0.0	0.8483290488431876	0.9695431472081218
F1	0.0	0.0	0.9041095890410958	0.5488505747126436
Micro-F1	0.7601626016260162
Macro-F1	0.6814686951507878
