Metric	alt.atheism	talk.religion.misc	comp.graphics	sci.space
Precision	0.5413669064748201	0.5782493368700266	0.9619289340101523	0.9287469287469288
Recall	0.9435736677115988	0.8685258964143426	0.974293059125964	0.9593908629441624
F1	0.6880000000000001	0.6942675159235668	0.9680715197956578	0.9438202247191011
Micro-F1	0.9011456023651145
Macro-F1	0.8787721665597128
