Metric	alt.atheism	talk.religion.misc	comp.graphics	sci.space
Precision	0.5932914046121593	0.5934718100890207	0.959079283887468	0.7720739219712526
Recall	0.8871473354231975	0.796812749003984	0.9640102827763496	0.9543147208121827
F1	0.7110552763819095	0.6802721088435374	0.9615384615384615	0.8535754824063564
Micro-F1	0.8933850702143386
Macro-F1	0.8681674864182145
