Metric	alt.atheism	talk.religion.misc	comp.graphics	sci.space
Precision	0.5031847133757962	0.3942766295707472	0.9756756756756757	0.9747899159663865
Recall	0.9905956112852664	0.9880478087649402	0.9280205655526992	0.883248730964467
F1	0.6673706441393875	0.5636363636363637	0.9512516469038208	0.9267643142476698
Micro-F1	0.8538433111603844
Macro-F1	0.828655475104005
