Metric	alt.atheism	talk.religion.misc	comp.graphics	sci.space
Precision	0.527972027972028	0.4230769230769231	0.927860696517413	0.9525065963060686
Recall	0.9467084639498433	0.9641434262948207	0.9588688946015425	0.916243654822335
F1	0.6778900112233446	0.5880923450789793	0.943109987357775	0.9340232858990943
Micro-F1	0.8665927568366593
Macro-F1	0.8420319579064957
