Metric	alt.atheism	talk.religion.misc	comp.graphics	sci.space
Precision	0.5335689045936396	0.41872791519434627	0.9734748010610079	0.9197080291970803
Recall	0.9467084639498433	0.9442231075697212	0.9434447300771208	0.9593908629441624
F1	0.6824858757062148	0.5801713586291309	0.9582245430809401	0.9391304347826087
Micro-F1	0.8697339246119734
Macro-F1	0.8456180830116891
