Metric	alt.atheism	talk.religion.misc	comp.graphics	sci.space
Precision	0.5416666666666666	0.44583333333333336	0.8997668997668997	0.8340807174887892
Recall	0.8150470219435737	0.852589641434263	0.9922879177377892	0.9441624365482234
F1	0.6508135168961201	0.5854993160054719	0.9437652811735942	0.8857142857142857
Micro-F1	0.8662232076866222
Macro-F1	0.839042165059781
