Metric	alt.atheism	talk.religion.misc	comp.graphics	sci.space
Precision	0.5369718309859155	0.4225352112676056	0.9641025641025641	0.9367088607594937
Recall	0.9561128526645768	0.9561752988047809	0.9665809768637532	0.9390862944162437
F1	0.6877113866967305	0.5860805860805861	0.9653401797175867	0.937896070975919
Micro-F1	0.8721359940872137
Macro-F1	0.8484910614231331
