Metric	alt.atheism	talk.religion.misc	comp.graphics	sci.space
Precision	0.7725631768953068	0.6076696165191741	0.9616368286445013	0.5494978479196556
Recall	0.670846394984326	0.8207171314741036	0.9665809768637532	0.9720812182741116
F1	0.7181208053691274	0.6983050847457627	0.9641025641025641	0.7021081576535287
Micro-F1	0.8708425720620843
Macro-F1	0.8406741589217763
