Metric	alt.atheism	talk.religion.misc	comp.graphics	sci.space
Precision	0.532871972318339	0.6088235294117647	0.9712041884816754	0.935
Recall	0.9655172413793104	0.8247011952191236	0.9537275064267352	0.949238578680203
F1	0.6867335562987738	0.700507614213198	0.9623865110246433	0.942065491183879
Micro-F1	0.9015151515151515
Macro-F1	0.8784146403711584
