Metric	alt.atheism	talk.religion.misc	comp.graphics	sci.space
Precision	0.532871972318339	0.5530864197530864	0.9639175257731959	0.9390862944162437
Recall	0.9655172413793104	0.8924302788844621	0.961439588688946	0.9390862944162437
F1	0.6867335562987738	0.6829268292682926	0.9626769626769626	0.9390862944162437
Micro-F1	0.8954175905395417
Macro-F1	0.8725120600276985
