Metric	alt.atheism	talk.religion.misc	comp.graphics	sci.space
Precision	0.5361552028218695	0.42504409171075835	0.9691516709511568	0.9325
Recall	0.9529780564263323	0.9601593625498008	0.9691516709511568	0.9467005076142132
F1	0.6862302483069976	0.589242053789731	0.9691516709511568	0.9395465994962217
Micro-F1	0.8732446415373246
Macro-F1	0.8498566439742912
