Metric	alt.atheism	talk.religion.misc	comp.graphics	sci.space
Precision	0.5441441441441441	0.6234567901234568	0.9473684210526315	0.9303482587064676
Recall	0.9467084639498433	0.8047808764940239	0.9717223650385605	0.949238578680203
F1	0.6910755148741419	0.702608695652174	0.9593908629441624	0.9396984924623115
Micro-F1	0.9037324464153732
Macro-F1	0.880675424901872
