Metric	alt.atheism	talk.religion.misc	comp.graphics	sci.space
Precision	0.5327586206896552	0.6338461538461538	0.9738219895287958	0.9375
Recall	0.9686520376175548	0.8207171314741036	0.9562982005141388	0.9517766497461929
F1	0.6874304783092325	0.7152777777777777	0.9649805447470817	0.9445843828715365
Micro-F1	0.9046563192904656
Macro-F1	0.8819866663060529
