Metric	alt.atheism	talk.religion.misc	comp.graphics	sci.space
Precision	0.5302752293577981	0.44337811900191937	0.9338235294117647	0.9325
Recall	0.9059561128526645	0.9203187250996016	0.9794344473007712	0.9467005076142132
F1	0.6689814814814814	0.5984455958549223	0.9560853199498117	0.9395465994962217
Micro-F1	0.8745380635624538
Macro-F1	0.8501052333421943
