Metric	alt.atheism	talk.religion.misc	comp.graphics	sci.space
Precision	0.5446265938069217	0.4267631103074141	0.9398496240601504	0.9099756690997567
Recall	0.9373040752351097	0.9402390438247012	0.9640102827763496	0.949238578680203
F1	0.6889400921658987	0.5870646766169154	0.9517766497461929	0.9291925465838509
Micro-F1	0.8712121212121212
Macro-F1	0.8471578862919509
