Metric	alt.atheism	talk.religion.misc	comp.graphics	sci.space
Precision	0.5379188712522046	0.637223974763407	0.9593908629441624	0.9341772151898734
Recall	0.9561128526645768	0.8047808764940239	0.9717223650385605	0.9365482233502538
F1	0.688487584650113	0.7112676056338029	0.9655172413793104	0.935361216730038
Micro-F1	0.9042867701404287
Macro-F1	0.8811948154889818
