Metric	alt.atheism	talk.religion.misc	comp.graphics	sci.space
Precision	0.5417406749555951	0.6677852348993288	0.96875	0.912621359223301
Recall	0.9561128526645768	0.7928286852589641	0.9562982005141388	0.9543147208121827
F1	0.6916099773242631	0.7249544626593807	0.96248382923674	0.9330024813895782
Micro-F1	0.9065040650406504
Macro-F1	0.883569060388246
