Metric	alt.atheism	talk.religion.misc	comp.graphics	sci.space
Precision	0.5342706502636204	0.4200351493848858	0.966321243523316	0.9321608040201005
Recall	0.9529780564263323	0.952191235059761	0.9588688946015425	0.9416243654822335
F1	0.6846846846846847	0.5829268292682928	0.9625806451612904	0.9368686868686869
Micro-F1	0.8704730229120473
Macro-F1	0.8465471085093925
