Metric	alt.atheism	talk.religion.misc	comp.graphics	sci.space
Precision	0.5347593582887701	0.42602495543672014	0.9591836734693877	0.9275
Recall	0.9404388714733543	0.952191235059761	0.9665809768637532	0.9416243654822335
F1	0.6818181818181819	0.5886699507389163	0.9628681177976953	0.9345088161209067
Micro-F1	0.8715816703621582
Macro-F1	0.8476494466966877
