Metric	alt.atheism	talk.religion.misc	comp.graphics	sci.space
Precision	0.5247863247863248	0.410958904109589	0.9861878453038674	0.9213759213759214
Recall	0.9623824451410659	0.9561752988047809	0.9177377892030848	0.9517766497461929
F1	0.6792035398230089	0.5748502994011977	0.9507323568575232	0.9363295880149813
Micro-F1	0.8645602365114561
Macro-F1	0.8399830778001286
