Metric	alt.atheism	talk.religion.misc	comp.graphics	sci.space
Precision	0.5264957264957265	0.41196581196581195	0.9514066496163683	0.9523809523809523
Recall	0.9655172413793104	0.9601593625498008	0.9562982005141388	0.9137055837563451
F1	0.6814159292035399	0.576555023923445	0.9538461538461539	0.9326424870466321
Micro-F1	0.8651145602365115
Macro-F1	0.8406652474754936
