Metric	alt.atheism	talk.religion.misc	comp.graphics	sci.space
Precision	0.523728813559322	0.5333333333333333	0.9758064516129032	0.9390862944162437
Recall	0.9686520376175548	0.8605577689243028	0.9331619537275064	0.9390862944162437
F1	0.6798679867986798	0.6585365853658537	0.9540078843626807	0.9390862944162437
Micro-F1	0.8895048041389505
Macro-F1	0.8652012125483257
