Metric	alt.atheism	talk.religion.misc	comp.graphics	sci.space
Precision	0.5126475548060708	0.4100346020761246	0.9468085106382979	0.8927680798004988
Recall	0.9529780564263323	0.9442231075697212	0.9151670951156813	0.9086294416243654
F1	0.6666666666666667	0.571773220747889	0.930718954248366	0.9006289308176101
Micro-F1	0.8538433111603844
Macro-F1	0.8276157096828738
