Metric	alt.atheism	talk.religion.misc	comp.graphics	sci.space
Precision	0.5364120781527532	0.42451154529307283	0.9641025641025641	0.9275
Recall	0.9467084639498433	0.952191235059761	0.9665809768637532	0.9416243654822335
F1	0.6848072562358277	0.5872235872235873	0.9653401797175867	0.9345088161209067
Micro-F1	0.8719512195121951
Macro-F1	0.848140616209184
