Metric	alt.atheism	talk.religion.misc	comp.graphics	sci.space
Precision	0.5383244206773619	0.4221014492753623	0.9234567901234568	0.9045226130653267
Recall	0.9467084639498433	0.9282868525896414	0.961439588688946	0.9137055837563451
F1	0.6863636363636363	0.5803237858032377	0.9420654911838792	0.9090909090909092
Micro-F1	0.864929785661493
Macro-F1	0.8398135504313327
