Metric	alt.atheism	talk.religion.misc	comp.graphics	sci.space
Precision	0.5357142857142857	0.425	0.9395465994962217	0.9318181818181818
Recall	0.9404388714733543	0.9482071713147411	0.9588688946015425	0.9365482233502538
F1	0.6825938566552902	0.5869297163995068	0.9491094147582698	0.9341772151898733
Micro-F1	0.8695491500369549
Macro-F1	0.845211240057902
