Metric	alt.atheism	talk.religion.misc	comp.graphics	sci.space
Precision	0.5396825396825397	0.5749318801089919	0.9689119170984456	0.9276807980049875
Recall	0.9592476489028213	0.8406374501992032	0.961439588688946	0.9441624365482234
F1	0.6907449209932279	0.6828478964401294	0.9651612903225807	0.9358490566037736
Micro-F1	0.8987435328898744
Macro-F1	0.8755104833462758
