Metric	alt.atheism	talk.religion.misc	comp.graphics	sci.space
Precision	0.4968847352024922	0.39001560062402496	0.972972972972973	0.9826086956521739
Recall	1.0	0.9960159362549801	0.9254498714652957	0.8604060913705583
F1	0.6638917793964619	0.5605381165919283	0.9486166007905139	0.9174560216508795
Micro-F1	0.8494087213599408
Macro-F1	0.8238648690642925
