Metric	alt.atheism	talk.religion.misc	comp.graphics	sci.space
Precision	0.5285961871750433	0.41594454072790293	0.983739837398374	0.9191176470588235
Recall	0.9561128526645768	0.9561752988047809	0.9331619537275064	0.9517766497461929
F1	0.6808035714285714	0.5797101449275361	0.9577836411609498	0.9351620947630923
Micro-F1	0.8673318551367332
Macro-F1	0.8430693629105994
