Metric	alt.atheism	talk.religion.misc	comp.graphics	sci.space
Precision	0.5372340425531915	0.4237588652482269	0.9841269841269841	0.9124087591240876
Recall	0.9498432601880877	0.952191235059761	0.9562982005141388	0.9517766497461929
F1	0.6862967157417892	0.5865030674846626	0.970013037809648	0.9316770186335404
Micro-F1	0.8721359940872137
Macro-F1	0.8483860546572324
