Metric	alt.atheism	talk.religion.misc	comp.graphics	sci.space
Precision	0.5273972602739726	0.410958904109589	0.9631578947368421	0.9460154241645244
Recall	0.9655172413793104	0.9561752988047809	0.9408740359897172	0.934010152284264
F1	0.6821705426356589	0.5748502994011977	0.951885565669701	0.9399744572158365
Micro-F1	0.8658536585365854
Macro-F1	0.8414840766438347
