Metric	alt.atheism	talk.religion.misc	comp.graphics	sci.space
Precision	0.5321428571428571	0.42678571428571427	0.9543147208121827	0.9275
Recall	0.9341692789968652	0.952191235059761	0.9665809768637532	0.9416243654822335
F1	0.6780432309442548	0.5893958076448829	0.9604086845466155	0.9345088161209067
Micro-F1	0.8708425720620843
Macro-F1	0.846772608979834
