Metric	alt.atheism	talk.religion.misc	comp.graphics	sci.space
Precision	0.5334507042253521	0.4225352112676056	0.9493670886075949	0.9411764705882353
Recall	0.9498432601880877	0.9561752988047809	0.9640102827763496	0.934010152284264
F1	0.6832018038331453	0.5860805860805861	0.9566326530612245	0.9375796178343949
Micro-F1	0.8701034737620104
Macro-F1	0.8461092971214021
