Metric	alt.atheism	talk.religion.misc	comp.graphics	sci.space
Precision	0.553875236294896	0.41965973534971646	0.8616071428571429	0.931758530183727
Recall	0.9184952978056427	0.8844621513944223	0.9922879177377892	0.9010152284263959
F1	0.6910377358490567	0.5692307692307692	0.9223416965352449	0.9161290322580645
Micro-F1	0.8654841093865484
Macro-F1	0.839658540396937
