Metric	alt.atheism	talk.religion.misc	comp.graphics	sci.space
Precision	0.5232974910394266	0.42473118279569894	0.9859550561797753	0.8656036446469249
Recall	0.9153605015673981	0.9442231075697212	0.9023136246786633	0.9644670050761421
F1	0.6659064994298746	0.5859085290482077	0.9422818791946309	0.9123649459783915
Micro-F1	0.8625277161862528
Macro-F1	0.8368230625583567
