Metric	alt.atheism	talk.religion.misc	comp.graphics	sci.space
Precision	0.534965034965035	0.4230769230769231	0.9641943734015346	0.9411764705882353
Recall	0.9592476489028213	0.9641434262948207	0.9691516709511568	0.934010152284264
F1	0.686868686868687	0.5880923450789793	0.9666666666666667	0.9375796178343949
Micro-F1	0.8719512195121951
Macro-F1	0.848403085603488
