Metric	alt.atheism	talk.religion.misc	comp.graphics	sci.space
Precision	0.5361010830324909	0.44508670520231214	0.9566326530612245	0.9191176470588235
Recall	0.9310344827586207	0.9203187250996016	0.9640102827763496	0.9517766497461929
F1	0.6804123711340205	0.6	0.9603072983354674	0.9351620947630923
Micro-F1	0.8762010347376201
Macro-F1	0.8520656804813874
