Metric	alt.atheism	talk.religion.misc	comp.graphics	sci.space
Precision	0.5322862129144852	0.5683646112600537	0.9346733668341709	0.9481865284974094
Recall	0.9561128526645768	0.8446215139442231	0.9562982005141388	0.9289340101522843
F1	0.6838565022421526	0.6794871794871795	0.9453621346886912	0.9384615384615385
Micro-F1	0.8941241685144125
Macro-F1	0.8700603125775309
