Metric	alt.atheism	talk.religion.misc	comp.graphics	sci.space
Precision	0.5280701754385965	0.42105263157894735	0.9633507853403142	0.9301745635910225
Recall	0.9435736677115988	0.9561752988047809	0.9460154241645244	0.9467005076142132
F1	0.6771653543307086	0.584652862362972	0.9546044098573281	0.938364779874214
Micro-F1	0.8684405025868439
Macro-F1	0.8441660794601971
