Metric	alt.atheism	talk.religion.misc	comp.graphics	sci.space
Precision	0.5445736434108527	0.4368932038834951	0.8804597701149425	0.917910447761194
Recall	0.8808777429467085	0.896414342629482	0.9845758354755784	0.9365482233502538
F1	0.6730538922155688	0.5874673629242819	0.9296116504854368	0.9271356783919597
Micro-F1	0.8697339246119734
Macro-F1	0.8441986596329991
