Metric	alt.atheism	talk.religion.misc	comp.graphics	sci.space
Precision	0.5249569707401033	0.4165232358003442	0.9784366576819407	0.9255583126550868
Recall	0.9561128526645768	0.9641434262948207	0.9331619537275064	0.9467005076142132
F1	0.6777777777777777	0.5817307692307692	0.9552631578947368	0.9360100376411543
Micro-F1	0.8664079822616408
Macro-F1	0.8421120612171072
