Metric	alt.atheism	talk.religion.misc	comp.graphics	sci.space
Precision	0.5396825396825397	0.42151675485008816	0.9641025641025641	0.9368686868686869
Recall	0.9592476489028213	0.952191235059761	0.9665809768637532	0.9416243654822335
F1	0.6907449209932279	0.5843520782396088	0.9653401797175867	0.9392405063291139
Micro-F1	0.872690317812269
Macro-F1	0.8491217860922748
