Metric	alt.atheism	talk.religion.misc	comp.graphics	sci.space
Precision	0.538878842676311	0.5251798561151079	0.9543147208121827	0.9174757281553398
Recall	0.9341692789968652	0.8725099601593626	0.9665809768637532	0.9593908629441624
F1	0.68348623853211	0.6556886227544909	0.9604086845466155	0.9379652605459057
Micro-F1	0.8915373244641537
Macro-F1	0.8680584134958326
