Metric	alt.atheism	talk.religion.misc	comp.graphics	sci.space
Precision	0.5437956204379562	0.6212121212121212	0.9544303797468354	0.910411622276029
Recall	0.9341692789968652	0.8167330677290837	0.9691516709511568	0.9543147208121827
F1	0.6874279123414071	0.7056798623063683	0.9617346938775511	0.9318463444857497
Micro-F1	0.9026237989652623
Macro-F1	0.879446704720458
