Metric	alt.atheism	talk.religion.misc	comp.graphics	sci.space
Precision	0.5233968804159446	0.4186851211072664	0.9914772727272727	0.8721461187214612
Recall	0.9467084639498433	0.9641434262948207	0.897172236503856	0.9695431472081218
F1	0.6741071428571429	0.5838359469240049	0.941970310391363	0.9182692307692308
Micro-F1	0.861788617886179
Macro-F1	0.8369035453726053
