Metric	alt.atheism	talk.religion.misc	comp.graphics	sci.space
Precision	0.5106382978723404	0.40098199672667756	0.994269340974212	0.9389312977099237
Recall	0.9780564263322884	0.9760956175298805	0.8920308483290489	0.9365482233502538
F1	0.6709677419354838	0.568445475638051	0.940379403794038	0.9377382465057178
Micro-F1	0.8575388026607539
Macro-F1	0.8324284531703683
