Metric	alt.atheism	talk.religion.misc	comp.graphics	sci.space
Precision	0.7419354838709677	0.6279761904761905	0.958656330749354	0.5811836115326252
Recall	0.7210031347962382	0.8406374501992032	0.9537275064267352	0.9720812182741116
F1	0.7313195548489666	0.7189097103918228	0.9561855670103093	0.7274453941120608
Micro-F1	0.8789726533628973
Macro-F1	0.8503461067659108
