Metric	alt.atheism	talk.religion.misc	comp.graphics	sci.space
Precision	0.5395948434622467	0.43462246777163904	0.94	0.9097560975609756
Recall	0.9184952978056427	0.9402390438247012	0.9665809768637532	0.9467005076142132
F1	0.679814385150812	0.5944584382871536	0.953105196451204	0.927860696517413
Micro-F1	0.8719512195121951
Macro-F1	0.8476092262965909
