Metric	alt.atheism	talk.religion.misc	comp.graphics	sci.space
Precision	0.33047210300429186	0.4426229508196721	0.9285714285714286	0.9351620947630923
Recall	0.9655172413793104	0.9681274900398407	0.06683804627249357	0.9517766497461929
F1	0.4924060751398881	0.6075	0.12470023980815347	0.9433962264150944
Micro-F1	0.7488913525498891
Macro-F1	0.7018869877737278
