Metric	alt.atheism	talk.religion.misc	comp.graphics	sci.space
Precision	0.5413533834586466	0.4293785310734463	0.9546599496221663	0.854586129753915
Recall	0.9028213166144201	0.9083665338645418	0.974293059125964	0.9695431472081218
F1	0.6768507638072856	0.5831202046035806	0.9643765903307888	0.9084423305588585
Micro-F1	0.8695491500369549
Macro-F1	0.8450493620086104
