Metric	alt.atheism	talk.religion.misc	comp.graphics	sci.space
Precision	0.5357766143106457	0.4223385689354276	0.9448621553884712	0.9528795811518325
Recall	0.9623824451410659	0.9641434262948207	0.9691516709511568	0.9238578680203046
F1	0.6883408071748879	0.5873786407766991	0.9568527918781726	0.9381443298969072
Micro-F1	0.8706577974870658
Macro-F1	0.846898197242842
