Metric	alt.atheism	talk.religion.misc	comp.graphics	sci.space
Precision	0.5329768270944741	0.4293381037567084	0.9264705882352942	0.9533678756476683
Recall	0.9373040752351097	0.9561752988047809	0.9717223650385605	0.934010152284264
F1	0.6795454545454546	0.5925925925925926	0.9485570890840652	0.9435897435897436
Micro-F1	0.8712121212121212
Macro-F1	0.847211027838261
