Metric	alt.atheism	talk.religion.misc	comp.graphics	sci.space
Precision	0.5317324185248714	0.5755208333333334	0.9565217391304348	0.9501312335958005
Recall	0.9717868338557993	0.8804780876494024	0.961439588688946	0.9187817258883249
F1	0.6873614190687362	0.6960629921259843	0.9589743589743589	0.9341935483870968
Micro-F1	0.8968957871396895
Macro-F1	0.8736833334560293
