Metric	alt.atheism	talk.religion.misc	comp.graphics	sci.space
Precision	0.5303292894280762	0.42287694974003465	0.9664082687338501	0.9511568123393316
Recall	0.9592476489028213	0.9721115537848606	0.961439588688946	0.9390862944162437
F1	0.6830357142857142	0.5893719806763285	0.9639175257731958	0.9450830140485312
Micro-F1	0.8715816703621582
Macro-F1	0.8480702689648301
