Metric	alt.atheism	talk.religion.misc	comp.graphics	sci.space
Precision	0.5401459854014599	0.4306569343065693	0.9138755980861244	0.9485861182519281
Recall	0.9278996865203761	0.9402390438247012	0.9820051413881749	0.9365482233502538
F1	0.6828143021914648	0.590738423028786	0.9467162329615861	0.9425287356321839
Micro-F1	0.8725055432372505
Macro-F1	0.8484550882806697
