Metric	alt.atheism	talk.religion.misc	comp.graphics	sci.space
Precision	0.5227655986509275	0.4131534569983137	0.9557291666666666	0.9574468085106383
Recall	0.9717868338557993	0.9760956175298805	0.9434447300771208	0.9137055837563451
F1	0.6798245614035088	0.580568720379147	0.9495472186287193	0.9350649350649352
Micro-F1	0.8641906873614191
Macro-F1	0.8397653975482353
