Metric	alt.atheism	talk.religion.misc	comp.graphics	sci.space
Precision	0.5377855887521968	0.41754385964912283	0.9559585492227979	0.9323308270676691
Recall	0.9592476489028213	0.9482071713147411	0.9485861182519281	0.9441624365482234
F1	0.6891891891891891	0.5797807551766139	0.952258064516129	0.9382093316519546
Micro-F1	0.8693643754619365
Macro-F1	0.8452871414812815
