Metric	alt.atheism	talk.religion.misc	comp.graphics	sci.space
Precision	0.5381526104417671	0.45121951219512196	0.8813953488372093	0.8873239436619719
Recall	0.8401253918495298	0.8844621513944223	0.974293059125964	0.9593908629441624
F1	0.6560587515299878	0.5975773889636607	0.9255189255189256	0.9219512195121952
Micro-F1	0.8697339246119734
Macro-F1	0.8435798072143446
