Metric	alt.atheism	talk.religion.misc	comp.graphics	sci.space
Precision	0.5353356890459364	0.4275618374558304	0.9477611940298507	0.9392405063291139
Recall	0.9498432601880877	0.9641434262948207	0.9794344473007712	0.9416243654822335
F1	0.6847457627118644	0.5924112607099143	0.9633375474083439	0.9404309252217997
Micro-F1	0.8728750923872876
Macro-F1	0.8495746185771623
