Metric	alt.atheism	talk.religion.misc	comp.graphics	sci.space
Precision	0.5376532399299475	0.4178321678321678	0.9712793733681462	0.9330024813895782
Recall	0.9623824451410659	0.952191235059761	0.9562982005141388	0.9543147208121827
F1	0.6898876404494384	0.5808019441069259	0.9637305699481865	0.9435382685069008
Micro-F1	0.8717664449371767
Macro-F1	0.8482627693205678
