Metric	alt.atheism	talk.religion.misc	comp.graphics	sci.space
Precision	0.5368421052631579	0.418848167539267	0.9312039312039312	0.949468085106383
Recall	0.9592476489028213	0.9561752988047809	0.974293059125964	0.9060913705583756
F1	0.688413948256468	0.5825242718446602	0.9522613065326633	0.9272727272727272
Micro-F1	0.8678861788617886
Macro-F1	0.8435904851464558
