Metric	alt.atheism	talk.religion.misc	comp.graphics	sci.space
Precision	0.5315315315315315	0.43656716417910446	0.9382716049382716	0.9389312977099237
Recall	0.9247648902821317	0.9322709163346613	0.9768637532133676	0.9365482233502538
F1	0.6750572082379863	0.5946632782719187	0.9571788413098236	0.9377382465057178
Micro-F1	0.8732446415373246
Macro-F1	0.8489623871336558
