Metric	alt.atheism	talk.religion.misc	comp.graphics	sci.space
Precision	0.5142378559463987	0.40672268907563025	0.989041095890411	0.9343434343434344
Recall	0.9623824451410659	0.9641434262948207	0.9280205655526992	0.9390862944162437
F1	0.6703056768558953	0.5721040189125296	0.9575596816976127	0.9367088607594937
Micro-F1	0.8621581670362158
Macro-F1	0.837560574524348
