Metric	alt.atheism	talk.religion.misc	comp.graphics	sci.space
Precision	0.5486381322957199	0.4280155642023346	0.8781609195402299	0.9133663366336634
Recall	0.8840125391849529	0.8764940239043825	0.9820051413881749	0.9365482233502538
F1	0.6770708283313326	0.5751633986928104	0.9271844660194175	0.9248120300751881
Micro-F1	0.8680709534368071
Macro-F1	0.8421814605585161
