Metric	alt.atheism	talk.religion.misc	comp.graphics	sci.space
Precision	0.5192629815745393	0.5567010309278351	0.9815303430079155	0.949238578680203
Recall	0.9717868338557993	0.8605577689243028	0.9562982005141388	0.949238578680203
F1	0.6768558951965065	0.6760563380281691	0.96875	0.949238578680203
Micro-F1	0.8952328159645233
Macro-F1	0.8721156193984758
