Metric	alt.atheism	talk.religion.misc	comp.graphics	sci.space
Precision	0.5401459854014599	0.4324817518248175	0.9382716049382716	0.9275
Recall	0.9278996865203761	0.9442231075697212	0.9768637532133676	0.9416243654822335
F1	0.6828143021914648	0.5932415519399249	0.9571788413098236	0.9345088161209067
Micro-F1	0.8732446415373246
Macro-F1	0.8492808363489627
