Metric	alt.atheism	talk.religion.misc	comp.graphics	sci.space
Precision	0.5359019264448336	0.425569176882662	0.9740932642487047	0.9236453201970444
Recall	0.9592476489028213	0.9681274900398407	0.9665809768637532	0.9517766497461929
F1	0.6876404494382021	0.5912408759124088	0.9703225806451612	0.9375
Micro-F1	0.873059866962306
Macro-F1	0.8499222515238584
