Metric	alt.atheism	talk.religion.misc	comp.graphics	sci.space
Precision	0.5380530973451327	0.4176991150442478	0.9660574412532638	0.9234567901234568
Recall	0.9529780564263323	0.9402390438247012	0.9511568123393316	0.949238578680203
F1	0.6877828054298644	0.5784313725490197	0.9585492227979274	0.9361702127659575
Micro-F1	0.8701034737620104
Macro-F1	0.8460027079402164
