Metric	Gout	Venous Insufficiency	Gallstones	Hypertension	Obesity	Asthma	GERD	Hypercholesterolemia	Hypertriglyceridemia	CHF	OSA	OA	PVD	CAD	Depression	Diabetes
Precision	0.5952380952380952	0.1388888888888889	0.3181818181818182	0.742014742014742	0.7311320754716981	0.6875	0.28695652173913044	0.6055776892430279	0.1111111111111111	0.6936170212765957	0.44680851063829785	0.37362637362637363	0.4666666666666667	0.7795918367346939	0.3728813559322034	0.7554347826086957
Recall	0.4098360655737705	0.1724137931034483	0.175	0.8435754189944135	0.8072916666666666	0.4852941176470588	0.3548387096774194	0.628099173553719	0.08	0.7951219512195122	0.3181818181818182	0.37362637362637363	0.5384615384615384	0.7022058823529411	0.20952380952380953	0.8348348348348348
F1	0.48543689320388356	0.15384615384615385	0.22580645161290322	0.7895424836601307	0.7673267326732672	0.5689655172413792	0.31730769230769235	0.6166328600405679	0.09302325581395349	0.740909090909091	0.37168141592920345	0.37362637362637363	0.5	0.7388781431334623	0.2682926829268293	0.7931526390870185
Micro-F1	0.7968441814595659
Macro-F1	0.7492548305190989
