Metric	Gout	Venous Insufficiency	Gallstones	Hypertension	Obesity	Asthma	GERD	Hypercholesterolemia	Hypertriglyceridemia	CHF	OSA	OA	PVD	CAD	Depression	Diabetes
Precision	0.6363636363636364	0.3333333333333333	0.375	0.7425287356321839	0.8410596026490066	0.6610169491525424	0.30434782608695654	0.634453781512605	0.2	0.730593607305936	0.4186046511627907	0.38202247191011235	0.5901639344262295	0.7854077253218884	0.288135593220339	0.7678571428571429
Recall	0.45901639344262296	0.10344827586206896	0.225	0.9022346368715084	0.6614583333333334	0.5735294117647058	0.15053763440860216	0.6239669421487604	0.08	0.7804878048780488	0.2727272727272727	0.37362637362637363	0.5538461538461539	0.6727941176470589	0.1619047619047619	0.7747747747747747
F1	0.5333333333333333	0.15789473684210528	0.28125000000000006	0.8146279949558638	0.7405247813411079	0.6141732283464567	0.20143884892086333	0.6291666666666667	0.11428571428571428	0.7547169811320755	0.33027522935779813	0.3777777777777777	0.5714285714285714	0.7247524752475246	0.20731707317073175	0.7713004484304933
Micro-F1	0.8097879684418146
Macro-F1	0.7581970745028426
