Metric	Gout	Venous Insufficiency	Gallstones	Hypertension	Obesity	Asthma	GERD	Hypercholesterolemia	Hypertriglyceridemia	CHF	OSA	OA	PVD	CAD	Depression	Diabetes
Precision	0.6140350877192983	0.35	0.41025641025641024	0.7390300230946882	0.7821229050279329	0.673469387755102	0.35	0.6584362139917695	0.16666666666666666	0.6848739495798319	0.3877551020408163	0.4307692307692308	0.6744186046511628	0.7602996254681648	0.3142857142857143	0.764367816091954
Recall	0.5737704918032787	0.2413793103448276	0.2	0.8938547486033519	0.7291666666666666	0.4852941176470588	0.15053763440860216	0.6611570247933884	0.04	0.7951219512195122	0.2878787878787879	0.3076923076923077	0.4461538461538462	0.7463235294117647	0.20952380952380953	0.7987987987987988
F1	0.5932203389830507	0.2857142857142857	0.2689075630252101	0.809102402022756	0.7547169811320754	0.5641025641025641	0.2105263157894737	0.6597938144329897	0.06451612903225806	0.7358916478555305	0.3304347826086957	0.358974358974359	0.537037037037037	0.7532467532467532	0.25142857142857145	0.7812041116005873
Micro-F1	0.8127465483234714
Macro-F1	0.764191385121626
