Metric	Gout	Venous Insufficiency	Gallstones	Hypertension	Obesity	Asthma	GERD	Hypercholesterolemia	Hypertriglyceridemia	CHF	OSA	OA	PVD	CAD	Depression	Diabetes
Precision	0.5714285714285714	0.0625	0.5135135135135135	0.7367088607594937	0.7487437185929648	0.65625	0.3103448275862069	0.6272401433691757	0.1	0.6666666666666666	0.42857142857142855	0.4264705882352941	0.6538461538461539	0.7845528455284553	0.3448275862068966	0.7451523545706371
Recall	0.32786885245901637	0.034482758620689655	0.2375	0.8128491620111732	0.7760416666666666	0.6176470588235294	0.1935483870967742	0.7231404958677686	0.04	0.8097560975609757	0.3181818181818182	0.31868131868131866	0.5230769230769231	0.7095588235294118	0.19047619047619047	0.8078078078078078
F1	0.4166666666666667	0.044444444444444446	0.3247863247863248	0.7729083665338646	0.762148337595908	0.6363636363636364	0.23841059602649006	0.671785028790787	0.05714285714285714	0.7312775330396475	0.3652173913043478	0.36477987421383645	0.5811965811965812	0.7451737451737452	0.24539877300613497	0.7752161383285302
Micro-F1	0.8070759368836292
Macro-F1	0.7580687531904635
