Metric	Gout	Venous Insufficiency	Gallstones	Hypertension	Obesity	Asthma	GERD	Hypercholesterolemia	Hypertriglyceridemia	CHF	OSA	OA	PVD	CAD	Depression	Diabetes
Precision	0.5714285714285714	0.18181818181818182	0.40540540540540543	0.7339449541284404	0.7738095238095238	0.7115384615384616	0.32142857142857145	0.6219081272084805	0.14285714285714285	0.732620320855615	0.46153846153846156	0.4	0.6818181818181818	0.7608695652173914	0.3488372093023256	0.7757009345794392
Recall	0.39344262295081966	0.06896551724137931	0.1875	0.8938547486033519	0.6770833333333334	0.5441176470588235	0.1935483870967742	0.7272727272727273	0.04	0.6682926829268293	0.36363636363636365	0.26373626373626374	0.46153846153846156	0.7720588235294118	0.14285714285714285	0.7477477477477478
F1	0.4660194174757281	0.1	0.2564102564102564	0.8060453400503779	0.7222222222222222	0.6166666666666666	0.24161073825503354	0.6704761904761904	0.0625	0.6989795918367349	0.4067796610169492	0.31788079470198677	0.5504587155963303	0.7664233576642335	0.20270270270270271	0.7614678899082569
Micro-F1	0.8106508875739645
Macro-F1	0.7591195629983853
