Metric	Gout	Venous Insufficiency	Gallstones	Hypertension	Obesity	Asthma	GERD	Hypercholesterolemia	Hypertriglyceridemia	CHF	OSA	OA	PVD	CAD	Depression	Diabetes
Precision	0.4927536231884058	0.15384615384615385	0.3076923076923077	0.7339901477832512	0.8095238095238095	0.6949152542372882	0.3235294117647059	0.6390041493775933	0.125	0.6137931034482759	0.3968253968253968	0.37894736842105264	0.7073170731707317	0.7160883280757098	0.37209302325581395	0.7580645161290323
Recall	0.5573770491803278	0.06896551724137931	0.15	0.8324022346368715	0.7083333333333334	0.6029411764705882	0.11827956989247312	0.6363636363636364	0.04	0.8682926829268293	0.3787878787878788	0.3956043956043956	0.4461538461538462	0.8345588235294118	0.1523809523809524	0.8468468468468469
F1	0.5230769230769231	0.09523809523809525	0.20168067226890757	0.7801047120418848	0.7555555555555556	0.6456692913385826	0.1732283464566929	0.6376811594202898	0.06060606060606061	0.7191919191919192	0.38759689922480617	0.38709677419354843	0.5471698113207548	0.770797962648557	0.21621621621621623	0.7999999999999999
Micro-F1	0.8053500986193294
Macro-F1	0.7586277653197859
