Metric	Gout	Venous Insufficiency	Gallstones	Hypertension	Obesity	Asthma	GERD	Hypercholesterolemia	Hypertriglyceridemia	CHF	OSA	OA	PVD	CAD	Depression	Diabetes
Precision	0.3416666666666667	0.20454545454545456	0.24347826086956523	0.7544910179640718	0.774869109947644	0.4727272727272727	0.22764227642276422	0.6345381526104418	0.10714285714285714	0.6653846153846154	0.3474576271186441	0.2890995260663507	0.449438202247191	0.8382978723404255	0.3015075376884422	0.7696793002915452
Recall	0.6721311475409836	0.3103448275862069	0.35	0.7039106145251397	0.7708333333333334	0.7647058823529411	0.3010752688172043	0.6528925619834711	0.12	0.8439024390243902	0.6212121212121212	0.6703296703296703	0.6153846153846154	0.7242647058823529	0.5714285714285714	0.7927927927927928
F1	0.4530386740331492	0.24657534246575347	0.28717948717948716	0.7283236994219654	0.7728459530026109	0.5842696629213483	0.2592592592592593	0.6435845213849287	0.1132075471698113	0.7440860215053763	0.44565217391304346	0.4039735099337748	0.5194805194805195	0.7771203155818541	0.3947368421052631	0.7810650887573964
Micro-F1	0.7603550295857988
Macro-F1	0.7206582870973788
