Metric	Gout	Venous Insufficiency	Gallstones	Hypertension	Obesity	Asthma	GERD	Hypercholesterolemia	Hypertriglyceridemia	CHF	OSA	OA	PVD	CAD	Depression	Diabetes
Precision	0.5454545454545454	0.25	0.35294117647058826	0.7336343115124153	0.7954545454545454	0.6981132075471698	0.30434782608695654	0.6136363636363636	0.2	0.6791666666666667	0.5555555555555556	0.3787878787878788	0.6744186046511628	0.7749077490774908	0.3617021276595745	0.7366946778711485
Recall	0.29508196721311475	0.034482758620689655	0.225	0.9078212290502793	0.7291666666666666	0.5441176470588235	0.15053763440860216	0.6694214876033058	0.04	0.7951219512195122	0.30303030303030304	0.27472527472527475	0.4461538461538462	0.7720588235294118	0.1619047619047619	0.7897897897897898
F1	0.3829787234042553	0.0606060606060606	0.2748091603053435	0.811485642946317	0.7608695652173914	0.6115702479338843	0.20143884892086333	0.6403162055335969	0.06666666666666667	0.7325842696629213	0.3921568627450981	0.3184713375796178	0.537037037037037	0.7734806629834254	0.2236842105263158	0.7623188405797101
Micro-F1	0.8108974358974358
Macro-F1	0.7614926146670122
