Metric	Gout	Venous Insufficiency	Gallstones	Hypertension	Obesity	Asthma	GERD	Hypercholesterolemia	Hypertriglyceridemia	CHF	OSA	OA	PVD	CAD	Depression	Diabetes
Precision	0.5	0.4	0.35135135135135137	0.7569444444444444	0.7734806629834254	0.5753424657534246	0.2631578947368421	0.6138211382113821	0.15384615384615385	0.6680497925311203	0.38333333333333336	0.36923076923076925	0.627906976744186	0.7977099236641222	0.27692307692307694	0.7708333333333334
Recall	0.5901639344262295	0.06896551724137931	0.1625	0.9134078212290503	0.7291666666666666	0.6176470588235294	0.3763440860215054	0.6239669421487604	0.08	0.7853658536585366	0.3484848484848485	0.26373626373626374	0.4153846153846154	0.7683823529411765	0.17142857142857143	0.7777777777777778
F1	0.5413533834586466	0.1176470588235294	0.22222222222222224	0.8278481012658228	0.7506702412868632	0.5957446808510637	0.3097345132743362	0.6188524590163934	0.10526315789473685	0.7219730941704036	0.3650793650793651	0.3076923076923077	0.5	0.7827715355805245	0.21176470588235294	0.7742899850523169
Micro-F1	0.801405325443787
Macro-F1	0.7539345400523352
