Metric	Gout	Venous Insufficiency	Gallstones	Hypertension	Obesity	Asthma	GERD	Hypercholesterolemia	Hypertriglyceridemia	CHF	OSA	OA	PVD	CAD	Depression	Diabetes
Precision	0.5208333333333334	0.0	0.32558139534883723	0.7416879795396419	0.7289719626168224	0.5614035087719298	0.22033898305084745	0.6478260869565218	0.2	0.673728813559322	0.35064935064935066	0.38636363636363635	0.6808510638297872	0.7526501766784452	0.31333333333333335	0.7506775067750677
Recall	0.4098360655737705	0.0	0.175	0.8100558659217877	0.8125	0.47058823529411764	0.13978494623655913	0.6157024793388429	0.04	0.775609756097561	0.4090909090909091	0.37362637362637363	0.49230769230769234	0.7830882352941176	0.44761904761904764	0.8318318318318318
F1	0.45871559633027525	0.0	0.22764227642276424	0.774365821094793	0.7684729064039408	0.5119999999999999	0.17105263157894737	0.6313559322033898	0.06666666666666667	0.7210884353741497	0.3776223776223776	0.37988826815642457	0.5714285714285714	0.7675675675675676	0.3686274509803922	0.7891737891737891
Micro-F1	0.7969674556213018
Macro-F1	0.7496390833548285
