Metric	Gout	Venous Insufficiency	Gallstones	Hypertension	Obesity	Asthma	GERD	Hypercholesterolemia	Hypertriglyceridemia	CHF	OSA	OA	PVD	CAD	Depression	Diabetes
Precision	0.6086956521739131	0.125	0.29545454545454547	0.7378378378378379	0.7766990291262136	0.5909090909090909	0.24691358024691357	0.6254416961130742	0.1	0.7376237623762376	0.423728813559322	0.3826086956521739	0.660377358490566	0.7534246575342466	0.35384615384615387	0.7753846153846153
Recall	0.45901639344262296	0.034482758620689655	0.325	0.7625698324022346	0.8333333333333334	0.5735294117647058	0.21505376344086022	0.731404958677686	0.04	0.7268292682926829	0.3787878787878788	0.4835164835164835	0.5384615384615384	0.8088235294117647	0.21904761904761905	0.7567567567567568
F1	0.5233644859813085	0.05405405405405405	0.30952380952380953	0.75	0.8040201005025125	0.5820895522388059	0.22988505747126434	0.6742857142857143	0.05714285714285714	0.7321867321867322	0.39999999999999997	0.42718446601941745	0.5932203389830508	0.7801418439716311	0.2705882352941177	0.7659574468085106
Micro-F1	0.8017751479289941
Macro-F1	0.7545573088660157
