Metric	Gout	Venous Insufficiency	Gallstones	Hypertension	Obesity	Asthma	GERD	Hypercholesterolemia	Hypertriglyceridemia	CHF	OSA	OA	PVD	CAD	Depression	Diabetes
Precision	0.559322033898305	0.2222222222222222	0.27956989247311825	0.7417582417582418	0.8301886792452831	0.6444444444444445	0.25	0.6235294117647059	0.07142857142857142	0.6612903225806451	0.41304347826086957	0.49019607843137253	0.6226415094339622	0.75	0.2971014492753623	0.7650429799426934
Recall	0.5409836065573771	0.13793103448275862	0.325	0.7541899441340782	0.6875	0.4264705882352941	0.24731182795698925	0.6570247933884298	0.04	0.8	0.2878787878787879	0.27472527472527475	0.5076923076923077	0.7830882352941176	0.3904761904761905	0.8018018018018018
F1	0.55	0.1702127659574468	0.30057803468208094	0.7479224376731302	0.7521367521367521	0.5132743362831859	0.24864864864864866	0.6398390342052314	0.05128205128205128	0.7240618101545253	0.3392857142857143	0.35211267605633806	0.559322033898305	0.7661870503597121	0.3374485596707819	0.782991202346041
Micro-F1	0.7935157790927022
Macro-F1	0.7442962872018877
