Metric	Gout	Venous Insufficiency	Gallstones	Hypertension	Obesity	Asthma	GERD	Hypercholesterolemia	Hypertriglyceridemia	CHF	OSA	OA	PVD	CAD	Depression	Diabetes
Precision	0.5076923076923077	0.6	0.5185185185185185	0.7430025445292621	0.8235294117647058	0.609375	0.2549019607843137	0.6747572815533981	0.16666666666666666	0.6293706293706294	0.3617021276595745	0.4	0.673469387755102	0.7403508771929824	0.3829787234042553	0.7439353099730458
Recall	0.5409836065573771	0.10344827586206896	0.175	0.8156424581005587	0.7291666666666666	0.5735294117647058	0.13978494623655913	0.5743801652892562	0.04	0.8780487804878049	0.25757575757575757	0.3076923076923077	0.5076923076923077	0.7757352941176471	0.17142857142857143	0.8288288288288288
F1	0.5238095238095238	0.17647058823529413	0.26168224299065423	0.7776298268974701	0.7734806629834253	0.5909090909090909	0.18055555555555552	0.6205357142857143	0.06451612903225806	0.7331975560081466	0.3008849557522124	0.34782608695652173	0.5789473684210525	0.7576301615798923	0.23684210526315794	0.784090909090909
Micro-F1	0.8085552268244577
Macro-F1	0.7587772321697068
