Metric	Gout	Venous Insufficiency	Gallstones	Hypertension	Obesity	Asthma	GERD	Hypercholesterolemia	Hypertriglyceridemia	CHF	OSA	OA	PVD	CAD	Depression	Diabetes
Precision	0.5161290322580645	0.2	0.46808510638297873	0.7361809045226131	0.7395348837209302	0.6617647058823529	0.24615384615384617	0.6302816901408451	0.1111111111111111	0.7363636363636363	0.410958904109589	0.4125	0.6730769230769231	0.7744360902255639	0.3111111111111111	0.7590027700831025
Recall	0.5245901639344263	0.06896551724137931	0.275	0.8184357541899442	0.828125	0.6617647058823529	0.17204301075268819	0.7396694214876033	0.04	0.7902439024390244	0.45454545454545453	0.3626373626373626	0.5384615384615384	0.7573529411764706	0.26666666666666666	0.8228228228228228
F1	0.5203252032520325	0.10256410256410257	0.3464566929133859	0.7751322751322752	0.7813267813267813	0.6617647058823529	0.20253164556962028	0.6806083650190115	0.058823529411764705	0.7623529411764706	0.43165467625899284	0.3859649122807018	0.5982905982905983	0.7657992565055762	0.2871794871794872	0.7896253602305475
Micro-F1	0.808801775147929
Macro-F1	0.7642320693887912
