Metric	Gout	Venous Insufficiency	Gallstones	Hypertension	Obesity	Asthma	GERD	Hypercholesterolemia	Hypertriglyceridemia	CHF	OSA	OA	PVD	CAD	Depression	Diabetes
Precision	0.5254237288135594	0.26666666666666666	0.34210526315789475	0.7355163727959698	0.7614213197969543	0.5609756097560976	0.3559322033898305	0.6145454545454545	0.14285714285714285	0.6513409961685823	0.44776119402985076	0.36666666666666664	0.6363636363636364	0.7546468401486989	0.32142857142857145	0.7666666666666667
Recall	0.5081967213114754	0.27586206896551724	0.1625	0.8156424581005587	0.78125	0.6764705882352942	0.22580645161290322	0.6983471074380165	0.08	0.8292682926829268	0.45454545454545453	0.24175824175824176	0.5384615384615384	0.7463235294117647	0.2571428571428571	0.8288288288288288
F1	0.5166666666666667	0.2711864406779661	0.22033898305084745	0.7735099337748346	0.7712082262210797	0.6133333333333334	0.27631578947368424	0.6537717601547388	0.10256410256410256	0.7296137339055793	0.45112781954887216	0.2913907284768212	0.5833333333333334	0.7504621072088724	0.2857142857142857	0.7965367965367967
Micro-F1	0.8025147928994083
Macro-F1	0.7567044414303448
