Metric	Gout	Venous Insufficiency	Gallstones	Hypertension	Obesity	Asthma	GERD	Hypercholesterolemia	Hypertriglyceridemia	CHF	OSA	OA	PVD	CAD	Depression	Diabetes
Precision	0.5087719298245614	0.45454545454545453	0.4418604651162791	0.7326732673267327	0.7921348314606742	0.6078431372549019	0.24561403508771928	0.6535433070866141	0.05	0.7101449275362319	0.3958333333333333	0.35789473684210527	0.6349206349206349	0.7357859531772575	0.3728813559322034	0.8100890207715133
Recall	0.47540983606557374	0.1724137931034483	0.2375	0.8268156424581006	0.734375	0.45588235294117646	0.15053763440860216	0.6859504132231405	0.04	0.7170731707317073	0.2878787878787879	0.37362637362637363	0.6153846153846154	0.8088235294117647	0.20952380952380953	0.8198198198198198
F1	0.4915254237288136	0.25000000000000006	0.3089430894308943	0.7769028871391075	0.7621621621621621	0.5210084033613445	0.1866666666666667	0.6693548387096775	0.044444444444444446	0.7135922330097088	0.33333333333333337	0.3655913978494623	0.625	0.7705779334500875	0.2682926829268293	0.8149253731343283
Micro-F1	0.8084319526627219
Macro-F1	0.7600027780629286
