Metric	Gout	Venous Insufficiency	Gallstones	Hypertension	Obesity	Asthma	GERD	Hypercholesterolemia	Hypertriglyceridemia	CHF	OSA	OA	PVD	CAD	Depression	Diabetes
Precision	0.5405405405405406	0.3157894736842105	0.2727272727272727	0.736	0.7177033492822966	0.6222222222222222	0.2641509433962264	0.6880733944954128	0.1	0.7473684210526316	0.4	0.42857142857142855	0.723404255319149	0.7635658914728682	0.3220338983050847	0.8006134969325154
Recall	0.32786885245901637	0.20689655172413793	0.15	0.770949720670391	0.78125	0.4117647058823529	0.15053763440860216	0.6198347107438017	0.04	0.6926829268292682	0.30303030303030304	0.26373626373626374	0.5230769230769231	0.7242647058823529	0.18095238095238095	0.7837837837837838
F1	0.4081632653061225	0.25	0.19354838709677416	0.7530695770804912	0.7481296758104737	0.49557522123893805	0.1917808219178082	0.6521739130434783	0.05714285714285714	0.718987341772152	0.3448275862068965	0.32653061224489793	0.6071428571428572	0.7433962264150945	0.23170731707317072	0.7921092564491655
Micro-F1	0.8060897435897437
Macro-F1	0.7504267672753686
