Metric	Gout	Venous Insufficiency	Gallstones	Hypertension	Obesity	Asthma	GERD	Hypercholesterolemia	Hypertriglyceridemia	CHF	OSA	OA	PVD	CAD	Depression	Diabetes
Precision	0.5535714285714286	0.1111111111111111	0.26666666666666666	0.7331670822942643	0.7814207650273224	0.6428571428571429	0.25	0.6023166023166023	0.1	0.6456692913385826	0.46938775510204084	0.36619718309859156	0.6170212765957447	0.7432432432432432	0.39215686274509803	0.7569060773480663
Recall	0.5081967213114754	0.034482758620689655	0.15	0.8212290502793296	0.7447916666666666	0.5294117647058824	0.21505376344086022	0.6446280991735537	0.04	0.8	0.3484848484848485	0.2857142857142857	0.4461538461538462	0.8088235294117647	0.19047619047619047	0.8228228228228228
F1	0.5299145299145298	0.05263157894736842	0.19200000000000003	0.7747035573122529	0.7626666666666665	0.5806451612903226	0.23121387283236994	0.6227544910179641	0.05714285714285714	0.7145969498910675	0.4000000000000001	0.3209876543209876	0.5178571428571428	0.7746478873239436	0.25641025641025644	0.7884892086330934
Micro-F1	0.80103550295858
Macro-F1	0.7523074053320025
