Metric	Gout	Venous Insufficiency	Gallstones	Hypertension	Obesity	Asthma	GERD	Hypercholesterolemia	Hypertriglyceridemia	CHF	OSA	OA	PVD	CAD	Depression	Diabetes
Precision	0.47297297297297297	0.36363636363636365	0.325	0.7320099255583127	0.7885714285714286	0.6363636363636364	0.2545454545454545	0.6428571428571429	0.06666666666666667	0.65748031496063	0.47368421052631576	0.3466666666666667	0.6744186046511628	0.7406143344709898	0.35802469135802467	0.7843137254901961
Recall	0.5737704918032787	0.13793103448275862	0.1625	0.8240223463687151	0.71875	0.5147058823529411	0.15053763440860216	0.6322314049586777	0.04	0.8146341463414634	0.2727272727272727	0.2857142857142857	0.4461538461538462	0.7977941176470589	0.2761904761904762	0.8408408408408409
F1	0.5185185185185185	0.2	0.21666666666666667	0.7752956636005257	0.7520435967302452	0.5691056910569107	0.1891891891891892	0.6375000000000001	0.05	0.7276688453159041	0.34615384615384615	0.3132530120481928	0.537037037037037	0.7681415929203539	0.31182795698924737	0.8115942028985508
Micro-F1	0.8047337278106509
Macro-F1	0.756178882547266
