Metric	Gout	Venous Insufficiency	Gallstones	Hypertension	Obesity	Asthma	GERD	Hypercholesterolemia	Hypertriglyceridemia	CHF	OSA	OA	PVD	CAD	Depression	Diabetes
Precision	0.5490196078431373	0.0	0.35294117647058826	0.7342657342657343	0.8768115942028986	0.7037037037037037	0.25925925925925924	0.6321428571428571	0.25	0.7068965517241379	0.37254901960784315	0.43333333333333335	0.6206896551724138	0.75	0.36764705882352944	0.7761627906976745
Recall	0.45901639344262296	0.0	0.15	0.8798882681564246	0.6302083333333334	0.5588235294117647	0.15053763440860216	0.731404958677686	0.04	0.8	0.2878787878787879	0.2857142857142857	0.5538461538461539	0.7720588235294118	0.23809523809523808	0.8018018018018018
F1	0.5	0.0	0.21052631578947367	0.8005082592121983	0.7333333333333334	0.6229508196721312	0.19047619047619047	0.6781609195402298	0.06896551724137932	0.7505720823798627	0.32478632478632485	0.34437086092715236	0.5853658536585366	0.7608695652173915	0.28901734104046245	0.7887740029542097
Micro-F1	0.8122534516765287
Macro-F1	0.7635037711962592
