Metric	Gout	Venous Insufficiency	Gallstones	Hypertension	Obesity	Asthma	GERD	Hypercholesterolemia	Hypertriglyceridemia	CHF	OSA	OA	PVD	CAD	Depression	Diabetes
Precision	0.5625	0.18181818181818182	0.4146341463414634	0.7393483709273183	0.6960352422907489	0.51	0.2835820895522388	0.6457399103139013	0.2222222222222222	0.7352941176470589	0.4098360655737705	0.3611111111111111	0.7272727272727273	0.8016194331983806	0.2988505747126437	0.7878787878787878
Recall	0.4426229508196721	0.06896551724137931	0.2125	0.8240223463687151	0.8229166666666666	0.75	0.20430107526881722	0.5950413223140496	0.08	0.7317073170731707	0.3787878787878788	0.2857142857142857	0.36923076923076925	0.7279411764705882	0.24761904761904763	0.7807807807807807
F1	0.4954128440366972	0.1	0.2809917355371901	0.7793923381770146	0.7541766109785203	0.6071428571428571	0.23750000000000002	0.6193548387096774	0.11764705882352941	0.7334963325183375	0.3937007874015748	0.3190184049079755	0.4897959183673469	0.7630057803468208	0.2708333333333333	0.784313725490196
Micro-F1	0.8032544378698225
Macro-F1	0.7526901077204494
