Metric	Gout	Venous Insufficiency	Gallstones	Hypertension	Obesity	Asthma	GERD	Hypercholesterolemia	Hypertriglyceridemia	CHF	OSA	OA	PVD	CAD	Depression	Diabetes
Precision	0.5076923076923077	0.0	0.391304347826087	0.7385321100917431	0.8047337278106509	0.7083333333333334	0.3076923076923077	0.6353383458646616	0.1111111111111111	0.652014652014652	0.4166666666666667	0.38372093023255816	0.6296296296296297	0.752851711026616	0.33783783783783783	0.7604456824512534
Recall	0.5409836065573771	0.0	0.225	0.8994413407821229	0.7083333333333334	0.5	0.17204301075268819	0.6983471074380165	0.04	0.8682926829268293	0.30303030303030304	0.3626373626373626	0.5230769230769231	0.7279411764705882	0.23809523809523808	0.8198198198198198
F1	0.5238095238095238	0.0	0.2857142857142857	0.8110831234256928	0.7534626038781164	0.5862068965517241	0.22068965517241382	0.6653543307086615	0.058823529411764705	0.7447698744769875	0.3508771929824562	0.37288135593220334	0.5714285714285714	0.7401869158878503	0.27932960893854747	0.7890173410404623
Micro-F1	0.807569033530572
Macro-F1	0.7613150881872623
