Metric	Gout	Venous Insufficiency	Gallstones	Hypertension	Obesity	Asthma	GERD	Hypercholesterolemia	Hypertriglyceridemia	CHF	OSA	OA	PVD	CAD	Depression	Diabetes
Precision	0.5714285714285714	0.125	0.41304347826086957	0.7378640776699029	0.7912087912087912	0.6481481481481481	0.27419354838709675	0.6083650190114068	0.15384615384615385	0.675	0.4222222222222222	0.4032258064516129	0.6458333333333334	0.7649253731343284	0.2558139534883721	0.7669616519174042
Recall	0.5245901639344263	0.034482758620689655	0.2375	0.8491620111731844	0.75	0.5147058823529411	0.1827956989247312	0.6611570247933884	0.08	0.7902439024390244	0.2878787878787879	0.27472527472527475	0.47692307692307695	0.7536764705882353	0.10476190476190476	0.7807807807807807
F1	0.5470085470085471	0.05405405405405405	0.3015873015873016	0.7896103896103895	0.770053475935829	0.5737704918032787	0.2193548387096774	0.6336633663366338	0.10526315789473685	0.7280898876404495	0.34234234234234234	0.32679738562091504	0.5486725663716815	0.7592592592592592	0.14864864864864866	0.7738095238095238
Micro-F1	0.8062130177514792
Macro-F1	0.7557915527435126
