Metric	Gout	Venous Insufficiency	Gallstones	Hypertension	Obesity	Asthma	GERD	Hypercholesterolemia	Hypertriglyceridemia	CHF	OSA	OA	PVD	CAD	Depression	Diabetes
Precision	0.5490196078431373	0.1111111111111111	0.41025641025641024	0.7342995169082126	0.786096256684492	0.639344262295082	0.3275862068965517	0.6745098039215687	0.1	0.6939655172413793	0.4	0.4027777777777778	0.5454545454545454	0.7528089887640449	0.3698630136986301	0.7797101449275362
Recall	0.45901639344262296	0.034482758620689655	0.2	0.8491620111731844	0.765625	0.5735294117647058	0.20430107526881722	0.7107438016528925	0.04	0.7853658536585366	0.36363636363636365	0.31868131868131866	0.5538461538461539	0.7389705882352942	0.2571428571428571	0.8078078078078078
F1	0.5	0.05263157894736842	0.2689075630252101	0.7875647668393781	0.7757255936675462	0.6046511627906976	0.2516556291390728	0.6921529175050302	0.05714285714285714	0.7368421052631581	0.380952380952381	0.35582822085889565	0.549618320610687	0.74582560296846	0.30337078651685395	0.7935103244837758
Micro-F1	0.8106508875739645
Macro-F1	0.763306976765391
