Metric	Gout	Venous Insufficiency	Gallstones	Hypertension	Obesity	Asthma	GERD	Hypercholesterolemia	Hypertriglyceridemia	CHF	OSA	OA	PVD	CAD	Depression	Diabetes
Precision	0.5918367346938775	0.42857142857142855	0.3275862068965517	0.7384615384615385	0.7808988764044944	0.6481481481481481	0.2545454545454545	0.6199095022624435	0.14285714285714285	0.7004405286343612	0.42105263157894735	0.37037037037037035	0.7	0.7870722433460076	0.3382352941176471	0.8012232415902141
Recall	0.47540983606557374	0.10344827586206896	0.2375	0.8044692737430168	0.7239583333333334	0.5147058823529411	0.15053763440860216	0.5661157024793388	0.04	0.775609756097561	0.24242424242424243	0.21978021978021978	0.4307692307692308	0.7610294117647058	0.21904761904761905	0.7867867867867868
F1	0.5272727272727273	0.16666666666666663	0.2753623188405797	0.770053475935829	0.7513513513513513	0.5737704918032787	0.1891891891891892	0.5917926565874729	0.0625	0.736111111111111	0.3076923076923077	0.27586206896551724	0.5333333333333333	0.7738317757009345	0.2658959537572254	0.793939393939394
Micro-F1	0.807569033530572
Macro-F1	0.7537988114719572
