Metric	Gout	Venous Insufficiency	Gallstones	Hypertension	Obesity	Asthma	GERD	Hypercholesterolemia	Hypertriglyceridemia	CHF	OSA	OA	PVD	CAD	Depression	Diabetes
Precision	0.5147058823529411	0.1875	0.35555555555555557	0.7377450980392157	0.7978142076502732	0.7	0.3125	0.6584362139917695	0.07142857142857142	0.6991150442477876	0.42857142857142855	0.375	0.6923076923076923	0.7457627118644068	0.3176470588235294	0.7688311688311689
Recall	0.5737704918032787	0.10344827586206896	0.2	0.840782122905028	0.7604166666666666	0.5147058823529411	0.21505376344086022	0.6611570247933884	0.04	0.7707317073170732	0.4090909090909091	0.2967032967032967	0.5538461538461539	0.8088235294117647	0.2571428571428571	0.8888888888888888
F1	0.5426356589147286	0.13333333333333333	0.256	0.7859007832898174	0.7786666666666666	0.5932203389830508	0.2547770700636942	0.6597938144329897	0.05128205128205128	0.7331786542923434	0.4186046511627907	0.3312883435582822	0.6153846153846154	0.7760141093474426	0.2842105263157894	0.8245125348189415
Micro-F1	0.810404339250493
Macro-F1	0.7652420031317986
