Metric	Gout	Venous Insufficiency	Gallstones	Hypertension	Obesity	Asthma	GERD	Hypercholesterolemia	Hypertriglyceridemia	CHF	OSA	OA	PVD	CAD	Depression	Diabetes
Precision	0.5434782608695652	0.15384615384615385	0.26666666666666666	0.7338709677419355	0.8157894736842105	0.66	0.2236842105263158	0.618421052631579	0.06666666666666667	0.688034188034188	0.4807692307692308	0.4044943820224719	0.6590909090909091	0.7392739273927392	0.375	0.7535816618911175
Recall	0.4098360655737705	0.06896551724137931	0.3	0.7625698324022346	0.6458333333333334	0.4852941176470588	0.1827956989247312	0.7768595041322314	0.04	0.7853658536585366	0.3787878787878788	0.3956043956043956	0.4461538461538462	0.8235294117647058	0.2	0.7897897897897898
F1	0.4672897196261682	0.09523809523809525	0.2823529411764706	0.747945205479452	0.7209302325581395	0.5593220338983051	0.20118343195266275	0.6886446886446888	0.05	0.7334851936218679	0.42372881355932207	0.3999999999999999	0.5321100917431192	0.7791304347826087	0.26086956521739135	0.7712609970674487
Micro-F1	0.7980769230769231
Macro-F1	0.7491693821589609
