Metric	Gout	Venous Insufficiency	Gallstones	Hypertension	Obesity	Asthma	GERD	Hypercholesterolemia	Hypertriglyceridemia	CHF	OSA	OA	PVD	CAD	Depression	Diabetes
Precision	0.44155844155844154	0.25	0.35185185185185186	0.7359550561797753	0.7700534759358288	0.4154929577464789	0.27927927927927926	0.6040955631399317	0.1111111111111111	0.6775510204081633	0.3815789473684211	0.3333333333333333	0.6	0.7527272727272727	0.34710743801652894	0.7390029325513197
Recall	0.5573770491803278	0.1724137931034483	0.2375	0.7318435754189944	0.75	0.8676470588235294	0.3333333333333333	0.731404958677686	0.04	0.8097560975609757	0.4393939393939394	0.6153846153846154	0.5076923076923077	0.7610294117647058	0.4	0.7567567567567568
F1	0.4927536231884058	0.20408163265306123	0.2835820895522388	0.7338935574229692	0.7598944591029023	0.5619047619047619	0.30392156862745096	0.6616822429906541	0.058823529411764705	0.7377777777777779	0.4084507042253521	0.43243243243243246	0.5499999999999999	0.7568555758683728	0.3716814159292035	0.7477744807121661
Micro-F1	0.780448717948718
Macro-F1	0.7370046984276772
