Metric	Gout	Venous Insufficiency	Gallstones	Hypertension	Obesity	Asthma	GERD	Hypercholesterolemia	Hypertriglyceridemia	CHF	OSA	OA	PVD	CAD	Depression	Diabetes
Precision	0.56	0.25	0.3333333333333333	0.7379807692307693	0.8451612903225807	0.6417910447761194	0.26865671641791045	0.6681222707423581	0.2	0.6720647773279352	0.4074074074074074	0.40298507462686567	0.6521739130434783	0.7188498402555911	0.3793103448275862	0.7400530503978779
Recall	0.45901639344262296	0.10344827586206896	0.1875	0.8575418994413407	0.6822916666666666	0.6323529411764706	0.1935483870967742	0.6322314049586777	0.08	0.8097560975609757	0.3333333333333333	0.2967032967032967	0.46153846153846156	0.8272058823529411	0.20952380952380953	0.8378378378378378
F1	0.5045045045045045	0.14634146341463414	0.24000000000000005	0.7932816537467701	0.7550432276657061	0.6370370370370371	0.225	0.6496815286624202	0.11428571428571428	0.7345132743362831	0.36666666666666664	0.34177215189873417	0.5405405405405406	0.7692307692307693	0.26993865030674846	0.7859154929577465
Micro-F1	0.8081854043392505
Macro-F1	0.7606859515783808
