Metric	Gout	Venous Insufficiency	Gallstones	Hypertension	Obesity	Asthma	GERD	Hypercholesterolemia	Hypertriglyceridemia	CHF	OSA	OA	PVD	CAD	Depression	Diabetes
Precision	0.5714285714285714	0.08333333333333333	0.3953488372093023	0.7397260273972602	0.8238636363636364	0.7142857142857143	0.3275862068965517	0.6390977443609023	0.125	0.75	0.4222222222222222	0.4067796610169492	0.5957446808510638	0.7440273037542662	0.3409090909090909	0.7671641791044777
Recall	0.5901639344262295	0.034482758620689655	0.2125	0.9050279329608939	0.7552083333333334	0.5882352941176471	0.20430107526881722	0.7024793388429752	0.08	0.6878048780487804	0.2878787878787879	0.26373626373626374	0.4307692307692308	0.8014705882352942	0.14285714285714285	0.7717717717717718
F1	0.5806451612903226	0.04878048780487805	0.2764227642276423	0.8140703517587939	0.7880434782608695	0.6451612903225806	0.2516556291390728	0.6692913385826771	0.09756097560975609	0.717557251908397	0.34234234234234234	0.32000000000000006	0.5	0.7716814159292035	0.20134228187919462	0.7694610778443115
Micro-F1	0.8136094674556213
Macro-F1	0.7650461274404634
