Metric	Gout	Venous Insufficiency	Gallstones	Hypertension	Obesity	Asthma	GERD	Hypercholesterolemia	Hypertriglyceridemia	CHF	OSA	OA	PVD	CAD	Depression	Diabetes
Precision	0.5483870967741935	0.23529411764705882	0.2727272727272727	0.7437185929648241	0.7743589743589744	0.5274725274725275	0.288135593220339	0.62	0.14285714285714285	0.6854838709677419	0.4461538461538462	0.38666666666666666	0.7777777777777778	0.7945736434108527	0.3411764705882353	0.754874651810585
Recall	0.5573770491803278	0.13793103448275862	0.15	0.8268156424581006	0.7864583333333334	0.7058823529411765	0.1827956989247312	0.640495867768595	0.04	0.8292682926829268	0.4393939393939394	0.31868131868131866	0.4307692307692308	0.7536764705882353	0.2761904761904762	0.8138138138138138
F1	0.5528455284552846	0.17391304347826086	0.19354838709677416	0.7830687830687831	0.7803617571059431	0.6037735849056604	0.2236842105263158	0.6300813008130082	0.0625	0.7505518763796909	0.44274809160305345	0.34939759036144574	0.5544554455445544	0.7735849056603774	0.30526315789473685	0.7832369942196531
Micro-F1	0.8057199211045365
Macro-F1	0.75879398805263
