Metric	Gout	Venous Insufficiency	Gallstones	Hypertension	Obesity	Asthma	GERD	Hypercholesterolemia	Hypertriglyceridemia	CHF	OSA	OA	PVD	CAD	Depression	Diabetes
Precision	0.5471698113207547	0.4	0.36585365853658536	0.7389277389277389	0.8136645962732919	0.609375	0.3142857142857143	0.5642458100558659	0.1	0.6421052631578947	0.4107142857142857	0.3614457831325301	0.5833333333333334	0.7592592592592593	0.34545454545454546	0.7958579881656804
Recall	0.47540983606557374	0.13793103448275862	0.1875	0.8854748603351955	0.6822916666666666	0.5735294117647058	0.23655913978494625	0.8347107438016529	0.04	0.8926829268292683	0.3484848484848485	0.32967032967032966	0.5384615384615384	0.7536764705882353	0.18095238095238095	0.8078078078078078
F1	0.5087719298245614	0.20512820512820515	0.2479338842975207	0.8055908513341804	0.7422096317280453	0.5909090909090909	0.26993865030674846	0.6733333333333333	0.05714285714285714	0.746938775510204	0.3770491803278689	0.3448275862068966	0.5599999999999999	0.7564575645756457	0.23750000000000002	0.8017883755588673
Micro-F1	0.8052268244575936
Macro-F1	0.7611729732453267
