Metric	Gout	Venous Insufficiency	Gallstones	Hypertension	Obesity	Asthma	GERD	Hypercholesterolemia	Hypertriglyceridemia	CHF	OSA	OA	PVD	CAD	Depression	Diabetes
Precision	0.627906976744186	0.2631578947368421	0.3090909090909091	0.745	0.7464788732394366	0.7142857142857143	0.2564102564102564	0.5993589743589743	0.16666666666666666	0.6926406926406926	0.4722222222222222	0.46774193548387094	0.559322033898305	0.75	0.25	0.7480106100795756
Recall	0.4426229508196721	0.1724137931034483	0.2125	0.8324022346368715	0.828125	0.5147058823529411	0.10752688172043011	0.7727272727272727	0.08	0.7804878048780488	0.25757575757575757	0.31868131868131866	0.5076923076923077	0.7830882352941176	0.13333333333333333	0.8468468468468469
F1	0.5192307692307692	0.20833333333333334	0.2518518518518518	0.7862796833773087	0.7851851851851853	0.5982905982905982	0.1515151515151515	0.6750902527075813	0.10810810810810811	0.7339449541284404	0.3333333333333333	0.37908496732026137	0.532258064516129	0.7661870503597121	0.1739130434782609	0.7943661971830986
Micro-F1	0.8081854043392505
Macro-F1	0.761790637543372
