Metric	Gout	Venous Insufficiency	Gallstones	Hypertension	Obesity	Asthma	GERD	Hypercholesterolemia	Hypertriglyceridemia	CHF	OSA	OA	PVD	CAD	Depression	Diabetes
Precision	0.5789473684210527	0.2	0.32608695652173914	0.7435897435897436	0.8171428571428572	0.6481481481481481	0.28	0.6370967741935484	0.2222222222222222	0.7111111111111111	0.38	0.4	0.6326530612244898	0.7862595419847328	0.35555555555555557	0.7741935483870968
Recall	0.5409836065573771	0.06896551724137931	0.1875	0.8910614525139665	0.7447916666666666	0.5147058823529411	0.15053763440860216	0.6528925619834711	0.08	0.7804878048780488	0.2878787878787879	0.3516483516483517	0.47692307692307695	0.7573529411764706	0.1523809523809524	0.7927927927927928
F1	0.5593220338983051	0.10256410256410257	0.2380952380952381	0.8106734434561628	0.779291553133515	0.5737704918032787	0.19580419580419584	0.6448979591836735	0.11764705882352941	0.7441860465116279	0.3275862068965517	0.3742690058479533	0.543859649122807	0.7715355805243445	0.21333333333333337	0.7833827893175073
Micro-F1	0.8129930966469427
Macro-F1	0.7639686489765805
