Metric	Gout	Venous Insufficiency	Gallstones	Hypertension	Obesity	Asthma	GERD	Hypercholesterolemia	Hypertriglyceridemia	CHF	OSA	OA	PVD	CAD	Depression	Diabetes
Precision	0.5625	0.2727272727272727	0.5	0.7434679334916865	0.8228571428571428	0.5833333333333334	0.2830188679245283	0.6134453781512605	0.09090909090909091	0.729064039408867	0.36666666666666664	0.3684210526315789	0.43564356435643564	0.7250859106529209	0.34545454545454546	0.7466307277628033
Recall	0.4426229508196721	0.10344827586206896	0.1875	0.8743016759776536	0.75	0.6176470588235294	0.16129032258064516	0.6033057851239669	0.04	0.7219512195121951	0.3333333333333333	0.3076923076923077	0.676923076923077	0.7757352941176471	0.18095238095238095	0.8318318318318318
F1	0.4954128440366972	0.15	0.2727272727272727	0.803594351732991	0.7847411444141689	0.6	0.20547945205479448	0.6083333333333334	0.05555555555555555	0.7254901960784315	0.3492063492063492	0.33532934131736525	0.5301204819277109	0.7495559502664298	0.23750000000000002	0.7869318181818182
Micro-F1	0.803870808678501
Macro-F1	0.7554034406336159
