Metric	Gout	Venous Insufficiency	Gallstones	Hypertension	Obesity	Asthma	GERD	Hypercholesterolemia	Hypertriglyceridemia	CHF	OSA	OA	PVD	CAD	Depression	Diabetes
Precision	0.5633802816901409	0.38095238095238093	0.7222222222222222	0.7505773672055427	0.78	0.6741573033707865	0.23076923076923078	0.7404255319148936	0.0	0.6401515151515151	0.5061728395061729	0.4230769230769231	0.6190476190476191	0.7703703703703704	0.5189873417721519	0.8271604938271605
Recall	0.6557377049180327	0.27586206896551724	0.4875	0.9078212290502793	0.8125	0.8823529411764706	0.0967741935483871	0.71900826446281	0.0	0.824390243902439	0.6212121212121212	0.4835164835164835	0.4	0.7647058823529411	0.3904761904761905	0.8048048048048048
F1	0.6060606060606061	0.32	0.582089552238806	0.8217446270543616	0.7959183673469388	0.7643312101910827	0.13636363636363635	0.729559748427673	0.0	0.7206823027718551	0.5578231292517007	0.4512820512820513	0.485981308411215	0.7675276752767527	0.44565217391304346	0.8158295281582952
Micro-F1	0.8300049309664694
Macro-F1	0.7906541664300095
