Metric	Gout	Venous Insufficiency	Gallstones	Hypertension	Obesity	Asthma	GERD	Hypercholesterolemia	Hypertriglyceridemia	CHF	OSA	OA	PVD	CAD	Depression	Diabetes
Precision	0.6851851851851852	0.6363636363636364	0.6857142857142857	0.7880434782608695	0.8324607329842932	0.7974683544303798	0.31746031746031744	0.7361702127659574	0.0	0.636	0.6451612903225806	0.36065573770491804	0.6206896551724138	0.7708333333333334	0.5409836065573771	0.811046511627907
Recall	0.6065573770491803	0.2413793103448276	0.6	0.8100558659217877	0.828125	0.9264705882352942	0.21505376344086022	0.7148760330578512	0.0	0.775609756097561	0.6060606060606061	0.4835164835164835	0.5538461538461539	0.8161764705882353	0.3142857142857143	0.8378378378378378
F1	0.6434782608695653	0.35	0.64	0.7988980716253443	0.8302872062663185	0.8571428571428572	0.2564102564102564	0.7253668763102724	0.0	0.698901098901099	0.625	0.4131455399061033	0.5853658536585366	0.7928571428571429	0.39759036144578314	0.8242245199409158
Micro-F1	0.8364151873767258
Macro-F1	0.7972585116213352
