Metric	Gout	Venous Insufficiency	Gallstones	Hypertension	Obesity	Asthma	GERD	Hypercholesterolemia	Hypertriglyceridemia	CHF	OSA	OA	PVD	CAD	Depression	Diabetes
Precision	0.609375	0.3125	0.7954545454545454	0.7563805104408353	0.8370786516853933	0.859375	0.375	0.748898678414097	0.0	0.630188679245283	0.5970149253731343	0.43157894736842106	0.6065573770491803	0.7491408934707904	0.5	0.8411764705882353
Recall	0.639344262295082	0.1724137931034483	0.4375	0.9106145251396648	0.7760416666666666	0.8088235294117647	0.12903225806451613	0.7024793388429752	0.0	0.8146341463414634	0.6060606060606061	0.45054945054945056	0.5692307692307692	0.8014705882352942	0.3333333333333333	0.8588588588588588
F1	0.624	0.22222222222222224	0.5645161290322581	0.826362484157161	0.8054054054054055	0.8333333333333333	0.192	0.7249466950959489	0.0	0.7106382978723405	0.6015037593984962	0.4408602150537635	0.5873015873015873	0.7744227353463587	0.4	0.849925705794948
Micro-F1	0.8381410256410257
Macro-F1	0.7992895857282323
