Metric	Gout	Venous Insufficiency	Gallstones	Hypertension	Obesity	Asthma	GERD	Hypercholesterolemia	Hypertriglyceridemia	CHF	OSA	OA	PVD	CAD	Depression	Diabetes
Precision	0.6875	0.5714285714285714	0.6447368421052632	0.7690476190476191	0.7980769230769231	0.7837837837837838	0.3492063492063492	0.7428571428571429	0.0	0.7419354838709677	0.6610169491525424	0.42990654205607476	0.6666666666666666	0.8062015503875969	0.4791666666666667	0.8142857142857143
Recall	0.5409836065573771	0.13793103448275862	0.6125	0.9022346368715084	0.8645833333333334	0.8529411764705882	0.23655913978494625	0.7520661157024794	0.0	0.6731707317073171	0.5909090909090909	0.5054945054945055	0.4	0.7647058823529411	0.4380952380952381	0.8558558558558559
F1	0.6055045871559634	0.2222222222222222	0.6282051282051283	0.8303341902313625	0.8300000000000001	0.8169014084507041	0.28205128205128205	0.7474332648870636	0.0	0.7058823529411766	0.6240000000000001	0.46464646464646464	0.5	0.7849056603773584	0.4577114427860696	0.8345534407027819
Micro-F1	0.8420857988165681
Macro-F1	0.8038641147900181
