Metric	Gout	Venous Insufficiency	Gallstones	Hypertension	Obesity	Asthma	GERD	Hypercholesterolemia	Hypertriglyceridemia	CHF	OSA	OA	PVD	CAD	Depression	Diabetes
Precision	0.6808510638297872	0.42857142857142855	0.7254901960784313	0.8129496402877698	0.8253968253968254	0.8676470588235294	0.25	0.7075812274368231	0.0	0.6488888888888888	0.6060606060606061	0.272108843537415	0.3821138211382114	0.7854545454545454	0.6181818181818182	0.8134110787172012
Recall	0.5245901639344263	0.20689655172413793	0.4625	0.6312849162011173	0.8125	0.8676470588235294	0.13978494623655913	0.8099173553719008	0.0	0.7121951219512195	0.6060606060606061	0.43956043956043955	0.7230769230769231	0.7941176470588235	0.3238095238095238	0.8378378378378378
F1	0.5925925925925926	0.2790697674418604	0.5648854961832062	0.710691823899371	0.8188976377952756	0.8676470588235294	0.1793103448275862	0.7552986512524085	0.0	0.6790697674418604	0.6060606060606061	0.3361344537815126	0.5	0.789762340036563	0.42500000000000004	0.8254437869822486
Micro-F1	0.8217455621301775
Macro-F1	0.7776649607642443
