Metric	Gout	Venous Insufficiency	Gallstones	Hypertension	Obesity	Asthma	GERD	Hypercholesterolemia	Hypertriglyceridemia	CHF	OSA	OA	PVD	CAD	Depression	Diabetes
Precision	0.6065573770491803	0.29411764705882354	0.6578947368421053	0.7987421383647799	0.8742857142857143	0.803030303030303	0.3	0.7153284671532847	0.0	0.6035087719298246	0.5194805194805194	0.3445378151260504	0.5740740740740741	0.7657342657342657	0.5116279069767442	0.7888888888888889
Recall	0.6065573770491803	0.1724137931034483	0.625	0.7094972067039106	0.796875	0.7794117647058824	0.16129032258064516	0.8099173553719008	0.0	0.8390243902439024	0.6060606060606061	0.45054945054945056	0.47692307692307695	0.8051470588235294	0.41904761904761906	0.8528528528528528
F1	0.6065573770491803	0.2173913043478261	0.6410256410256411	0.7514792899408285	0.8337874659400546	0.7910447761194029	0.2097902097902098	0.7596899224806202	0.0	0.7020408163265306	0.5594405594405594	0.3904761904761904	0.5210084033613446	0.7849462365591398	0.4607329842931937	0.8196248196248196
Micro-F1	0.8253205128205128
Macro-F1	0.7851677851031936
