Metric	Gout	Venous Insufficiency	Gallstones	Hypertension	Obesity	Asthma	GERD	Hypercholesterolemia	Hypertriglyceridemia	CHF	OSA	OA	PVD	CAD	Depression	Diabetes
Precision	0.7058823529411765	0.375	0.676056338028169	0.7814070351758794	0.8177339901477833	0.835820895522388	0.25	0.7153558052434457	0.0	0.6965811965811965	0.5714285714285714	0.4222222222222222	0.7209302325581395	0.7985074626865671	0.4358974358974359	0.8292682926829268
Recall	0.5901639344262295	0.20689655172413793	0.6	0.8687150837988827	0.8645833333333334	0.8235294117647058	0.11827956989247312	0.7892561983471075	0.0	0.7951219512195122	0.5454545454545454	0.4175824175824176	0.47692307692307695	0.7867647058823529	0.3238095238095238	0.8168168168168168
F1	0.6428571428571429	0.26666666666666666	0.6357615894039734	0.8227513227513228	0.8405063291139241	0.8296296296296296	0.16058394160583941	0.75049115913556	0.0	0.7425968109339407	0.5581395348837208	0.419889502762431	0.5740740740740741	0.7925925925925927	0.37158469945355194	0.8229954614220877
Micro-F1	0.8412228796844181
Macro-F1	0.8023370124334692
