Metric	Gout	Venous Insufficiency	Gallstones	Hypertension	Obesity	Asthma	GERD	Hypercholesterolemia	Hypertriglyceridemia	CHF	OSA	OA	PVD	CAD	Depression	Diabetes
Precision	0.7555555555555555	0.4	0.7241379310344828	0.782051282051282	0.7747747747747747	0.8596491228070176	0.3148148148148148	0.7132075471698113	0.0	0.6818181818181818	0.6379310344827587	0.4810126582278481	0.6415094339622641	0.7936507936507936	0.49333333333333335	0.8209876543209876
Recall	0.5573770491803278	0.13793103448275862	0.525	0.8519553072625698	0.8958333333333334	0.7205882352941176	0.1827956989247312	0.78099173553719	0.0	0.8048780487804879	0.5606060606060606	0.4175824175824176	0.5230769230769231	0.7352941176470589	0.3523809523809524	0.7987987987987988
F1	0.6415094339622641	0.20512820512820515	0.6086956521739131	0.8155080213903744	0.8309178743961353	0.7839999999999999	0.23129251700680273	0.7455621301775146	0.0	0.738255033557047	0.596774193548387	0.4470588235294118	0.5762711864406779	0.7633587786259542	0.4111111111111111	0.8097412480974123
Micro-F1	0.8402366863905325
Macro-F1	0.8000142287828493
