Metric	Gout	Venous Insufficiency	Gallstones	Hypertension	Obesity	Asthma	GERD	Hypercholesterolemia	Hypertriglyceridemia	CHF	OSA	OA	PVD	CAD	Depression	Diabetes
Precision	0.64	0.2777777777777778	0.5217391304347826	0.7673267326732673	0.6415770609318996	0.8507462686567164	0.32857142857142857	0.8469945355191257	0.0	0.7295918367346939	0.5256410256410257	0.3813559322033898	0.8	0.8072289156626506	0.5961538461538461	0.8461538461538461
Recall	0.5245901639344263	0.1724137931034483	0.6	0.8659217877094972	0.9322916666666666	0.8382352941176471	0.24731182795698925	0.640495867768595	0.0	0.697560975609756	0.6212121212121212	0.4945054945054945	0.36923076923076925	0.7389705882352942	0.29523809523809524	0.7927927927927928
F1	0.5765765765765766	0.21276595744680854	0.5581395348837209	0.8136482939632547	0.7600849256900212	0.8444444444444444	0.28220858895705525	0.7294117647058824	0.0	0.713216957605985	0.5694444444444445	0.43062200956937796	0.5052631578947369	0.7715930902111324	0.3949044585987262	0.8186046511627907
Micro-F1	0.831360946745562
Macro-F1	0.7891952761816765
