Metric	Gout	Venous Insufficiency	Gallstones	Hypertension	Obesity	Asthma	GERD	Hypercholesterolemia	Hypertriglyceridemia	CHF	OSA	OA	PVD	CAD	Depression	Diabetes
Precision	0.6307692307692307	0.3333333333333333	0.7659574468085106	0.7592592592592593	0.7892156862745098	0.8243243243243243	0.2962962962962963	0.6833333333333333	0.0	0.6145833333333334	0.5789473684210527	0.4411764705882353	0.5757575757575758	0.8022388059701493	0.5185185185185185	0.8097826086956522
Recall	0.6721311475409836	0.20689655172413793	0.45	0.9162011173184358	0.8385416666666666	0.8970588235294118	0.17204301075268819	0.8471074380165289	0.0	0.8634146341463415	0.6666666666666666	0.4945054945054945	0.5846153846153846	0.7904411764705882	0.4	0.8948948948948949
F1	0.6507936507936507	0.2553191489361702	0.5669291338582677	0.8303797468354431	0.8131313131313131	0.8591549295774648	0.21768707482993196	0.7564575645756457	0.0	0.718052738336714	0.619718309859155	0.46632124352331605	0.5801526717557253	0.7962962962962963	0.45161290322580644	0.8502139800285307
Micro-F1	0.8386341222879684
Macro-F1	0.8048064890681441
