Metric	Gout	Venous Insufficiency	Gallstones	Hypertension	Obesity	Asthma	GERD	Hypercholesterolemia	Hypertriglyceridemia	CHF	OSA	OA	PVD	CAD	Depression	Diabetes
Precision	0.5797101449275363	0.4	0.6818181818181818	0.76010101010101	0.8214285714285714	0.7692307692307693	0.2619047619047619	0.7106227106227107	0.0	0.6264150943396226	0.5375	0.36538461538461536	0.64	0.7657342657342657	0.5223880597014925	0.7908847184986595
Recall	0.6557377049180327	0.20689655172413793	0.5625	0.840782122905028	0.8385416666666666	0.8823529411764706	0.11827956989247312	0.8016528925619835	0.0	0.8097560975609757	0.6515151515151515	0.4175824175824176	0.49230769230769234	0.8051470588235294	0.3333333333333333	0.8858858858858859
F1	0.6153846153846154	0.2727272727272727	0.6164383561643836	0.7984084880636604	0.8298969072164948	0.8219178082191781	0.16296296296296298	0.7533980582524272	0.0	0.7063829787234043	0.589041095890411	0.38974358974358975	0.5565217391304347	0.7849462365591398	0.4069767441860465	0.8356940509915014
Micro-F1	0.8303747534516766
Macro-F1	0.7930773673031559
