Metric	Gout	Venous Insufficiency	Gallstones	Hypertension	Obesity	Asthma	GERD	Hypercholesterolemia	Hypertriglyceridemia	CHF	OSA	OA	PVD	CAD	Depression	Diabetes
Precision	0.7450980392156863	0.3333333333333333	0.6071428571428571	0.7352941176470589	0.8282828282828283	0.782051282051282	0.1875	0.7030716723549488	0.0	0.636	0.6140350877192983	0.4117647058823529	0.6060606060606061	0.7756653992395437	0.6388888888888888	0.8477611940298507
Recall	0.6229508196721312	0.2413793103448276	0.6375	0.9078212290502793	0.8541666666666666	0.8970588235294118	0.03225806451612903	0.8512396694214877	0.0	0.775609756097561	0.5303030303030303	0.46153846153846156	0.6153846153846154	0.75	0.21904761904761905	0.8528528528528528
F1	0.6785714285714286	0.28	0.6219512195121951	0.8124999999999999	0.8410256410256411	0.8356164383561644	0.055045871559633024	0.7700934579439254	0.0	0.698901098901099	0.5691056910569104	0.43523316062176165	0.6106870229007635	0.7626168224299066	0.326241134751773	0.8502994011976048
Micro-F1	0.8402366863905325
Macro-F1	0.802864304797793
