Metric	Gout	Venous Insufficiency	Gallstones	Hypertension	Obesity	Asthma	GERD	Hypercholesterolemia	Hypertriglyceridemia	CHF	OSA	OA	PVD	CAD	Depression	Diabetes
Precision	0.7045454545454546	0.5	0.6785714285714286	0.7637795275590551	0.8370786516853933	0.7837837837837838	0.34146341463414637	0.7060931899641577	0.0	0.6666666666666666	0.56	0.3838383838383838	0.75	0.7867647058823529	0.6744186046511628	0.7934131736526946
Recall	0.5081967213114754	0.2413793103448276	0.475	0.8128491620111732	0.7760416666666666	0.8529411764705882	0.15053763440860216	0.8140495867768595	0.0	0.6731707317073171	0.6363636363636364	0.4175824175824176	0.46153846153846156	0.7867647058823529	0.2761904761904762	0.7957957957957958
F1	0.5904761904761906	0.32558139534883723	0.5588235294117648	0.7875507442489851	0.8054054054054055	0.8169014084507041	0.208955223880597	0.7562380038387716	0.0	0.6699029126213593	0.5957446808510639	0.4	0.5714285714285714	0.7867647058823529	0.39189189189189194	0.7946026986506747
Micro-F1	0.8332100591715976
Macro-F1	0.7900793576034373
