Metric	Gout	Venous Insufficiency	Gallstones	Hypertension	Obesity	Asthma	GERD	Hypercholesterolemia	Hypertriglyceridemia	CHF	OSA	OA	PVD	CAD	Depression	Diabetes
Precision	0.6166666666666667	0.4166666666666667	0.4793388429752066	0.7547619047619047	0.8109452736318408	0.859375	0.3291139240506329	0.65625	0.0	0.6485355648535565	0.5972222222222222	0.38405797101449274	0.84	0.7756653992395437	0.5454545454545454	0.8676470588235294
Recall	0.6065573770491803	0.1724137931034483	0.725	0.8854748603351955	0.8489583333333334	0.8088235294117647	0.27956989247311825	0.8677685950413223	0.0	0.7560975609756098	0.6515151515151515	0.5824175824175825	0.3230769230769231	0.75	0.2857142857142857	0.7087087087087087
F1	0.6115702479338844	0.2439024390243903	0.5771144278606964	0.8149100257069409	0.8295165394402036	0.8333333333333333	0.3023255813953488	0.7473309608540925	0.0	0.6981981981981982	0.6231884057971014	0.46288209606986896	0.4666666666666667	0.7626168224299066	0.37499999999999994	0.7801652892561983
Micro-F1	0.8264299802761341
Macro-F1	0.7873373940522149
