Metric	Gout	Venous Insufficiency	Gallstones	Hypertension	Obesity	Asthma	GERD	Hypercholesterolemia	Hypertriglyceridemia	CHF	OSA	OA	PVD	CAD	Depression	Diabetes
Precision	0.463768115942029	0.18181818181818182	0.6818181818181818	0.7864077669902912	0.7722772277227723	0.6847826086956522	0.23076923076923078	0.6409395973154363	0.0	0.571917808219178	0.5308641975308642	0.3597122302158273	0.5	0.738562091503268	0.3793103448275862	0.7854406130268199
Recall	0.5245901639344263	0.27586206896551724	0.375	0.6787709497206704	0.8125	0.9264705882352942	0.25806451612903225	0.7892561983471075	0.0	0.8146341463414634	0.6515151515151515	0.5494505494505495	0.3076923076923077	0.8308823529411765	0.3142857142857143	0.6156156156156156
F1	0.49230769230769234	0.2191780821917808	0.48387096774193555	0.7286356821589206	0.7918781725888325	0.7875000000000001	0.2436548223350254	0.7074074074074074	0.0	0.6720321931589536	0.5850340136054422	0.4347826086956522	0.380952380952381	0.7820069204152249	0.34375	0.6902356902356902
Micro-F1	0.7899408284023669
Macro-F1	0.7443388644636695
