Metric	Gout	Venous Insufficiency	Gallstones	Hypertension	Obesity	Asthma	GERD	Hypercholesterolemia	Hypertriglyceridemia	CHF	OSA	OA	PVD	CAD	Depression	Diabetes
Precision	0.7111111111111111	0.36363636363636365	0.8666666666666667	0.7593052109181141	0.7831858407079646	0.8518518518518519	0.34	0.7725321888412017	0.0	0.6733870967741935	0.5616438356164384	0.4935064935064935	0.6610169491525424	0.7947761194029851	0.5384615384615384	0.8054794520547945
Recall	0.5245901639344263	0.13793103448275862	0.325	0.8547486033519553	0.921875	0.6764705882352942	0.1827956989247312	0.743801652892562	0.0	0.8146341463414634	0.6212121212121212	0.4175824175824176	0.6	0.7830882352941176	0.26666666666666666	0.8828828828828829
F1	0.6037735849056605	0.2	0.4727272727272728	0.8042049934296979	0.84688995215311	0.7540983606557378	0.23776223776223776	0.7578947368421053	0.0	0.7373068432671082	0.5899280575539569	0.45238095238095244	0.6290322580645161	0.788888888888889	0.35668789808917195	0.842406876790831
Micro-F1	0.8430719921104537
Macro-F1	0.8039695006009577
