Metric	Gout	Venous Insufficiency	Gallstones	Hypertension	Obesity	Asthma	GERD	Hypercholesterolemia	Hypertriglyceridemia	CHF	OSA	OA	PVD	CAD	Depression	Diabetes
Precision	0.319672131147541	0.22	0.2903225806451613	0.7601476014760148	0.5925925925925926	0.6153846153846154	0.2315270935960591	0.6097560975609756	0.06557377049180328	0.5667870036101083	0.4462809917355372	0.3253012048192771	0.28688524590163933	0.7768924302788844	0.2672811059907834	0.7705479452054794
Recall	0.639344262295082	0.3793103448275862	0.45	0.5754189944134078	0.6666666666666666	0.8235294117647058	0.5053763440860215	0.6198347107438017	0.16	0.7658536585365854	0.8181818181818182	0.5934065934065934	0.5384615384615384	0.7169117647058824	0.5523809523809524	0.6756756756756757
F1	0.42622950819672134	0.27848101265822783	0.3529411764705882	0.6550079491255961	0.627450980392157	0.7044025157232704	0.31756756756756754	0.6147540983606558	0.09302325581395349	0.6514522821576764	0.5775401069518717	0.42023346303501946	0.37433155080213903	0.7456978967495219	0.360248447204969	0.7199999999999999
Micro-F1	0.728180473372781
Macro-F1	0.6852136216731619
