Metric	Gout	Venous Insufficiency	Gallstones	Hypertension	Obesity	Asthma	GERD	Hypercholesterolemia	Hypertriglyceridemia	CHF	OSA	OA	PVD	CAD	Depression	Diabetes
Precision	0.5138888888888888	0.16666666666666666	0.6351351351351351	0.7536231884057971	0.8073394495412844	0.8115942028985508	0.34	0.7457627118644068	0.0	0.7043478260869566	0.5737704918032787	0.3515625	0.8055555555555556	0.7730496453900709	0.4666666666666667	0.7994579945799458
Recall	0.6065573770491803	0.10344827586206896	0.5875	0.8715083798882681	0.9166666666666666	0.8235294117647058	0.1827956989247312	0.7272727272727273	0.0	0.7902439024390244	0.5303030303030303	0.4945054945054945	0.4461538461538462	0.8014705882352942	0.3333333333333333	0.8858858858858859
F1	0.556390977443609	0.1276595744680851	0.6103896103896105	0.8082901554404145	0.8585365853658536	0.8175182481751825	0.23776223776223776	0.7364016736401674	0.0	0.7448275862068966	0.5511811023622047	0.4109589041095891	0.5742574257425743	0.7870036101083034	0.3888888888888889	0.8404558404558404
Micro-F1	0.8348126232741617
Macro-F1	0.7973978697073985
