Metric	Gout	Venous Insufficiency	Gallstones	Hypertension	Obesity	Asthma	GERD	Hypercholesterolemia	Hypertriglyceridemia	CHF	OSA	OA	PVD	CAD	Depression	Diabetes
Precision	0.6727272727272727	0.5833333333333334	0.6575342465753424	0.7877984084880637	0.8341708542713567	0.7948717948717948	0.32653061224489793	0.7359307359307359	0.0	0.6812227074235808	0.5972222222222222	0.43956043956043955	0.5357142857142857	0.8134920634920635	0.46153846153846156	0.8011204481792717
Recall	0.6065573770491803	0.2413793103448276	0.6	0.8296089385474861	0.8645833333333334	0.9117647058823529	0.17204301075268819	0.7024793388429752	0.0	0.7609756097560976	0.6515151515151515	0.43956043956043955	0.46153846153846156	0.7536764705882353	0.4	0.8588588588588588
F1	0.6379310344827586	0.34146341463414637	0.6274509803921569	0.8081632653061225	0.8491048593350384	0.8493150684931507	0.22535211267605634	0.718816067653277	0.0	0.71889400921659	0.6231884057971014	0.43956043956043955	0.49586776859504134	0.7824427480916031	0.42857142857142855	0.8289855072463769
Micro-F1	0.8393737672583826
Macro-F1	0.8000078067434786
