Metric	Gout	Venous Insufficiency	Gallstones	Hypertension	Obesity	Asthma	GERD	Hypercholesterolemia	Hypertriglyceridemia	CHF	OSA	OA	PVD	CAD	Depression	Diabetes
Precision	0.7169811320754716	0.6	0.671875	0.7552941176470588	0.7478632478632479	0.8181818181818182	0.3157894736842105	0.6829268292682927	0.0	0.6402877697841727	0.6176470588235294	0.3684210526315789	0.625	0.7614035087719299	0.4731182795698925	0.7897727272727273
Recall	0.6229508196721312	0.20689655172413793	0.5375	0.8966480446927374	0.9114583333333334	0.9264705882352942	0.1935483870967742	0.8099173553719008	0.0	0.8682926829268293	0.6363636363636364	0.38461538461538464	0.46153846153846156	0.7977941176470589	0.41904761904761906	0.8348348348348348
F1	0.6666666666666666	0.3076923076923077	0.5972222222222222	0.8199233716475095	0.8215962441314554	0.8689655172413794	0.24000000000000002	0.7410207939508505	0.0	0.7370600414078675	0.6268656716417911	0.3763440860215054	0.5309734513274336	0.7791741472172351	0.4444444444444444	0.8116788321167884
Micro-F1	0.832223865877712
Macro-F1	0.7969010035070918
