Metric	Gout	Venous Insufficiency	Gallstones	Hypertension	Obesity	Asthma	GERD	Hypercholesterolemia	Hypertriglyceridemia	CHF	OSA	OA	PVD	CAD	Depression	Diabetes
Precision	0.6290322580645161	0.2962962962962963	0.6818181818181818	0.7555012224938875	0.8	0.7894736842105263	0.29545454545454547	0.7478260869565218	0.0	0.6624472573839663	0.5657894736842105	0.3448275862068966	0.6206896551724138	0.8093385214007782	0.5	0.7900552486187845
Recall	0.639344262295082	0.27586206896551724	0.5625	0.8631284916201117	0.8333333333333334	0.8823529411764706	0.13978494623655913	0.7107438016528925	0.0	0.7658536585365854	0.6515151515151515	0.5494505494505495	0.5538461538461539	0.7647058823529411	0.3523809523809524	0.8588588588588588
F1	0.6341463414634146	0.2857142857142857	0.6164383561643836	0.8057366362451107	0.816326530612245	0.8333333333333333	0.1897810218978102	0.7288135593220338	0.0	0.7104072398190047	0.6056338028169014	0.42372881355932207	0.5853658536585366	0.7863894139886579	0.4134078212290503	0.8230215827338129
Micro-F1	0.830991124260355
Macro-F1	0.7924677771412727
