Metric	Gout	Venous Insufficiency	Gallstones	Hypertension	Obesity	Asthma	GERD	Hypercholesterolemia	Hypertriglyceridemia	CHF	OSA	OA	PVD	CAD	Depression	Diabetes
Precision	0.5522388059701493	0.16666666666666666	0.6363636363636364	0.7464454976303317	0.8315789473684211	0.8421052631578947	0.2857142857142857	0.7593360995850622	0.1111111111111111	0.6625514403292181	0.6065573770491803	0.42857142857142855	0.7090909090909091	0.7468354430379747	0.43636363636363634	0.8252788104089219
Recall	0.6065573770491803	0.13793103448275862	0.6125	0.8798882681564246	0.8229166666666666	0.7058823529411765	0.1935483870967742	0.756198347107438	0.04	0.7853658536585366	0.5606060606060606	0.5274725274725275	0.6	0.8676470588235294	0.45714285714285713	0.6666666666666666
F1	0.578125	0.1509433962264151	0.6242038216560509	0.8076923076923076	0.8272251308900523	0.7679999999999999	0.23076923076923075	0.7577639751552795	0.058823529411764705	0.71875	0.5826771653543307	0.4729064039408867	0.65	0.8027210884353742	0.4465116279069767	0.7375415282392026
Micro-F1	0.8282790927021696
Macro-F1	0.7886955771971286
