Metric	Gout	Venous Insufficiency	Gallstones	Hypertension	Obesity	Asthma	GERD	Hypercholesterolemia	Hypertriglyceridemia	CHF	OSA	OA	PVD	CAD	Depression	Diabetes
Precision	0.660377358490566	0.2222222222222222	0.6666666666666666	0.7420814479638009	0.8263157894736842	0.6904761904761905	0.2857142857142857	0.6506410256410257	0.0	0.5227882037533512	0.5849056603773585	0.3584905660377358	0.6111111111111112	0.819047619047619	0.6578947368421053	0.819620253164557
Recall	0.5737704918032787	0.20689655172413793	0.45	0.9162011173184358	0.8177083333333334	0.8529411764705882	0.15053763440860216	0.8388429752066116	0.0	0.9512195121951219	0.4696969696969697	0.4175824175824176	0.5076923076923077	0.6323529411764706	0.23809523809523808	0.7777777777777778
F1	0.6140350877192982	0.2142857142857143	0.5373134328358209	0.82	0.8219895287958116	0.7631578947368423	0.1971830985915493	0.7328519855595668	0.0	0.6747404844290656	0.5210084033613445	0.38578680203045684	0.5546218487394958	0.7136929460580912	0.3496503496503496	0.7981510015408321
Micro-F1	0.817430966469428
Macro-F1	0.7770880392691416
