Metric	Gout	Venous Insufficiency	Gallstones	Hypertension	Obesity	Asthma	GERD	Hypercholesterolemia	Hypertriglyceridemia	CHF	OSA	OA	PVD	CAD	Depression	Diabetes
Precision	0.6875	0.7777777777777778	0.7058823529411765	0.801829268292683	0.8172043010752689	0.835820895522388	0.27586206896551724	0.7196969696969697	0.0	0.659919028340081	0.5774647887323944	0.3888888888888889	0.5689655172413793	0.7873134328358209	0.527027027027027	0.7877906976744186
Recall	0.5409836065573771	0.2413793103448276	0.45	0.7346368715083799	0.7916666666666666	0.8235294117647058	0.17204301075268819	0.7851239669421488	0.0	0.7951219512195122	0.6212121212121212	0.46153846153846156	0.5076923076923077	0.7757352941176471	0.37142857142857144	0.8138138138138138
F1	0.6055045871559634	0.368421052631579	0.549618320610687	0.7667638483965014	0.8042328042328043	0.8296296296296296	0.21192052980132453	0.7509881422924901	0.0	0.7212389380530972	0.5985401459854015	0.42211055276381904	0.5365853658536585	0.7814814814814816	0.43575418994413406	0.8005908419497785
Micro-F1	0.831360946745562
Macro-F1	0.7889039081596743
