Metric	Gout	Venous Insufficiency	Gallstones	Hypertension	Obesity	Asthma	GERD	Hypercholesterolemia	Hypertriglyceridemia	CHF	OSA	OA	PVD	CAD	Depression	Diabetes
Precision	0.6551724137931034	0.5	0.6052631578947368	0.7488151658767772	0.8392857142857143	0.8148148148148148	0.3103448275862069	0.6857142857142857	0.0	0.6428571428571429	0.5	0.4375	0.775	0.8362831858407079	0.5263157894736842	0.7897574123989218
Recall	0.6229508196721312	0.13793103448275862	0.575	0.88268156424581	0.734375	0.9705882352941176	0.1935483870967742	0.7933884297520661	0.0	0.8341463414634146	0.6060606060606061	0.38461538461538464	0.47692307692307695	0.6948529411764706	0.2857142857142857	0.8798798798798799
F1	0.6386554621848739	0.2162162162162162	0.5897435897435896	0.8102564102564103	0.7833333333333332	0.8859060402684563	0.23841059602649006	0.7356321839080461	0.0	0.7261146496815286	0.5479452054794521	0.40935672514619886	0.5904761904761905	0.7590361445783133	0.37037037037037035	0.8323863636363636
Micro-F1	0.834689349112426
Macro-F1	0.795503268045611
