Metric	Gout	Venous Insufficiency	Gallstones	Hypertension	Obesity	Asthma	GERD	Hypercholesterolemia	Hypertriglyceridemia	CHF	OSA	OA	PVD	CAD	Depression	Diabetes
Precision	0.6938775510204082	0.35294117647058826	0.6551724137931034	0.7866666666666666	0.805	0.8	0.323943661971831	0.6881720430107527	0.0	0.7121212121212122	0.5970149253731343	0.3783783783783784	0.5789473684210527	0.7684210526315789	0.49295774647887325	0.7815126050420168
Recall	0.5573770491803278	0.20689655172413793	0.7125	0.8240223463687151	0.8385416666666666	0.8823529411764706	0.24731182795698925	0.7933884297520661	0.0	0.6878048780487804	0.6060606060606061	0.46153846153846156	0.5076923076923077	0.8051470588235294	0.3333333333333333	0.8378378378378378
F1	0.6181818181818182	0.2608695652173913	0.6826347305389221	0.8049113233287858	0.8214285714285714	0.8391608391608392	0.28048780487804875	0.7370441458733206	0.0	0.6997518610421837	0.6015037593984962	0.4158415841584158	0.540983606557377	0.7863554757630162	0.3977272727272727	0.808695652173913
Micro-F1	0.8321005917159763
Macro-F1	0.7932621447644608
