Metric	Gout	Venous Insufficiency	Gallstones	Hypertension	Obesity	Asthma	GERD	Hypercholesterolemia	Hypertriglyceridemia	CHF	OSA	OA	PVD	CAD	Depression	Diabetes
Precision	0.7073170731707317	0.5555555555555556	0.6964285714285714	0.7786259541984732	0.8267326732673267	0.7529411764705882	0.2982456140350877	0.7251908396946565	0.0	0.6893617021276596	0.5789473684210527	0.4722222222222222	0.6956521739130435	0.8089430894308943	0.5316455696202531	0.7968337730870713
Recall	0.47540983606557374	0.1724137931034483	0.4875	0.8547486033519553	0.8697916666666666	0.9411764705882353	0.1827956989247312	0.7851239669421488	0.0	0.7902439024390244	0.6666666666666666	0.37362637362637363	0.49230769230769234	0.7316176470588235	0.4	0.9069069069069069
F1	0.5686274509803921	0.26315789473684215	0.5735294117647058	0.81491344873502	0.8477157360406091	0.8366013071895425	0.22666666666666668	0.753968253968254	0.0	0.7363636363636363	0.619718309859155	0.4171779141104295	0.5765765765765766	0.7683397683397684	0.4565217391304348	0.848314606741573
Micro-F1	0.8440581854043393
Macro-F1	0.8062615054698092
