Metric	Gout	Venous Insufficiency	Gallstones	Hypertension	Obesity	Asthma	GERD	Hypercholesterolemia	Hypertriglyceridemia	CHF	OSA	OA	PVD	CAD	Depression	Diabetes
Precision	0.75	0.8333333333333334	0.825	0.7570754716981132	0.8229166666666666	0.9016393442622951	0.2826086956521739	0.6868686868686869	0.0	0.6176470588235294	0.6875	0.4152542372881356	0.4574468085106383	0.8237885462555066	0.5441176470588235	0.7670886075949367
Recall	0.5409836065573771	0.1724137931034483	0.4125	0.8966480446927374	0.8229166666666666	0.8088235294117647	0.13978494623655913	0.8429752066115702	0.0	0.8195121951219512	0.5	0.5384615384615384	0.6615384615384615	0.6875	0.3523809523809524	0.9099099099099099
F1	0.6285714285714287	0.28571428571428575	0.55	0.8209718670076726	0.8229166666666666	0.8527131782945736	0.18705035971223022	0.7569573283858998	0.0	0.7044025157232704	0.5789473684210527	0.4688995215311004	0.540880503144654	0.749498997995992	0.4277456647398844	0.8324175824175825
Micro-F1	0.834319526627219
Macro-F1	0.7968458709124805
