Metric	Gout	Venous Insufficiency	Gallstones	Hypertension	Obesity	Asthma	GERD	Hypercholesterolemia	Hypertriglyceridemia	CHF	OSA	OA	PVD	CAD	Depression	Diabetes
Precision	0.6730769230769231	0.25	0.6823529411764706	0.788235294117647	0.8219895287958116	0.7111111111111111	0.22857142857142856	0.6810035842293907	0.0	0.5806451612903226	0.5882352941176471	0.37254901960784315	0.5254237288135594	0.7811320754716982	0.4583333333333333	0.8096774193548387
Recall	0.5737704918032787	0.20689655172413793	0.725	0.7486033519553073	0.8177083333333334	0.9411764705882353	0.17204301075268819	0.7851239669421488	0.0	0.8780487804878049	0.6060606060606061	0.4175824175824176	0.47692307692307695	0.7610294117647058	0.3142857142857143	0.7537537537537538
F1	0.6194690265486725	0.22641509433962265	0.7030303030303031	0.7679083094555874	0.8198433420365535	0.8101265822784811	0.19631901840490795	0.72936660268714	0.0	0.6990291262135923	0.5970149253731343	0.3937823834196891	0.5000000000000001	0.7709497206703911	0.3728813559322034	0.7807153965785382
Micro-F1	0.8191568047337278
Macro-F1	0.7778780183902969
