Metric	Gout	Venous Insufficiency	Gallstones	Hypertension	Obesity	Asthma	GERD	Hypercholesterolemia	Hypertriglyceridemia	CHF	OSA	OA	PVD	CAD	Depression	Diabetes
Precision	0.782608695652174	0.2727272727272727	0.7115384615384616	0.750599520383693	0.7990654205607477	0.7261904761904762	0.375	0.6966292134831461	0.0	0.6866359447004609	0.5970149253731343	0.42857142857142855	0.6415094339622641	0.8132780082987552	0.4519230769230769	0.8367346938775511
Recall	0.5901639344262295	0.20689655172413793	0.4625	0.8743016759776536	0.890625	0.8970588235294118	0.25806451612903225	0.768595041322314	0.0	0.7268292682926829	0.6060606060606061	0.5604395604395604	0.5230769230769231	0.7205882352941176	0.44761904761904764	0.8618618618618619
F1	0.6728971962616822	0.23529411764705882	0.5606060606060607	0.807741935483871	0.8423645320197045	0.8026315789473685	0.3057324840764331	0.7308447937131631	0.0	0.7061611374407583	0.6015037593984962	0.48571428571428565	0.5762711864406779	0.7641325536062379	0.44976076555023925	0.849112426035503
Micro-F1	0.8360453648915187
Macro-F1	0.7983843328741012
