Metric	Gout	Venous Insufficiency	Gallstones	Hypertension	Obesity	Asthma	GERD	Hypercholesterolemia	Hypertriglyceridemia	CHF	OSA	OA	PVD	CAD	Depression	Diabetes
Precision	0.6415094339622641	0.36363636363636365	0.6964285714285714	0.7622549019607843	0.828125	0.8108108108108109	0.34375	0.6970802919708029	0.0	0.6415094339622641	0.6231884057971014	0.39166666666666666	0.5573770491803278	0.7368421052631579	0.4523809523809524	0.7935656836461126
Recall	0.5573770491803278	0.13793103448275862	0.4875	0.8687150837988827	0.828125	0.8823529411764706	0.23655913978494625	0.7892561983471075	0.0	0.8292682926829268	0.6515151515151515	0.5164835164835165	0.5230769230769231	0.8235294117647058	0.3619047619047619	0.8888888888888888
F1	0.5964912280701753	0.2	0.5735294117647058	0.8120104438642297	0.828125	0.8450704225352113	0.28025477707006374	0.7403100775193798	0.0	0.723404255319149	0.6370370370370371	0.44549763033175355	0.5396825396825397	0.7777777777777778	0.4021164021164021	0.838526912181303
Micro-F1	0.8328402366863905
Macro-F1	0.7969109425657462
