Metric	Gout	Venous Insufficiency	Gallstones	Hypertension	Obesity	Asthma	GERD	Hypercholesterolemia	Hypertriglyceridemia	CHF	OSA	OA	PVD	CAD	Depression	Diabetes
Precision	0.6	0.48	0.7014925373134329	0.7725	0.812807881773399	0.6372549019607843	0.2708333333333333	0.66	0.0	0.625	0.576271186440678	0.3821138211382114	0.5074626865671642	0.8060836501901141	0.5161290322580645	0.803680981595092
Recall	0.6885245901639344	0.41379310344827586	0.5875	0.8631284916201117	0.859375	0.9558823529411765	0.13978494623655913	0.8181818181818182	0.0	0.8292682926829268	0.5151515151515151	0.5164835164835165	0.5230769230769231	0.7794117647058824	0.3047619047619048	0.7867867867867868
F1	0.6412213740458015	0.4444444444444445	0.6394557823129252	0.8153034300791556	0.8354430379746836	0.7647058823529411	0.18439716312056736	0.7306273062730627	0.0	0.7127882599580714	0.5439999999999999	0.4392523364485981	0.5151515151515151	0.7925233644859812	0.3832335329341317	0.795144157814871
Micro-F1	0.826060157790927
Macro-F1	0.7885402473052397
