Metric	Gout	Venous Insufficiency	Gallstones	Hypertension	Obesity	Asthma	GERD	Hypercholesterolemia	Hypertriglyceridemia	CHF	OSA	OA	PVD	CAD	Depression	Diabetes
Precision	0.6111111111111112	0.30434782608695654	0.5581395348837209	0.754950495049505	0.8333333333333334	0.8157894736842105	0.23529411764705882	0.7412280701754386	0.0	0.6706349206349206	0.5652173913043478	0.47619047619047616	0.673469387755102	0.76953125	0.4148936170212766	0.8018018018018018
Recall	0.5409836065573771	0.2413793103448276	0.6	0.8519553072625698	0.8072916666666666	0.9117647058823529	0.08602150537634409	0.6983471074380165	0.0	0.824390243902439	0.5909090909090909	0.43956043956043955	0.5076923076923077	0.7242647058823529	0.37142857142857144	0.8018018018018018
F1	0.5739130434782609	0.2692307692307692	0.5783132530120482	0.8005249343832022	0.8201058201058201	0.861111111111111	0.12598425196850394	0.7191489361702128	0.0	0.7396061269146608	0.5777777777777778	0.45714285714285713	0.5789473684210525	0.7462121212121213	0.39195979899497485	0.8018018018018018
Micro-F1	0.8300049309664694
Macro-F1	0.7885729763425358
