Metric	Gout	Venous Insufficiency	Gallstones	Hypertension	Obesity	Asthma	GERD	Hypercholesterolemia	Hypertriglyceridemia	CHF	OSA	OA	PVD	CAD	Depression	Diabetes
Precision	0.6290322580645161	0.3157894736842105	0.7014925373134329	0.7488151658767772	0.7894736842105263	0.7848101265822784	0.27472527472527475	0.7018181818181818	0.0	0.6444444444444445	0.5416666666666666	0.4421052631578947	0.7631578947368421	0.7732342007434945	0.5466666666666666	0.8327974276527331
Recall	0.639344262295082	0.20689655172413793	0.5875	0.88268156424581	0.859375	0.9117647058823529	0.26881720430107525	0.7975206611570248	0.0	0.848780487804878	0.5909090909090909	0.46153846153846156	0.4461538461538462	0.7647058823529411	0.3904761904761905	0.7777777777777778
F1	0.6341463414634146	0.25	0.6394557823129252	0.8102564102564103	0.8229426433915211	0.8435374149659863	0.2717391304347826	0.746615087040619	0.0	0.7326315789473684	0.5652173913043478	0.45161290322580644	0.5631067961165048	0.7689463955637708	0.4555555555555556	0.8043478260869565
Micro-F1	0.8332100591715976
Macro-F1	0.7958821461913478
