Metric	Gout	Venous Insufficiency	Gallstones	Hypertension	Obesity	Asthma	GERD	Hypercholesterolemia	Hypertriglyceridemia	CHF	OSA	OA	PVD	CAD	Depression	Diabetes
Precision	0.6862745098039216	0.42857142857142855	0.6153846153846154	0.7538461538461538	0.8037383177570093	0.8507462686567164	0.29411764705882354	0.6947368421052632	0.0	0.6556016597510373	0.6086956521739131	0.43119266055045874	0.631578947368421	0.7597173144876325	0.5714285714285714	0.8473053892215568
Recall	0.5737704918032787	0.20689655172413793	0.6	0.8212290502793296	0.8958333333333334	0.8382352941176471	0.10752688172043011	0.8181818181818182	0.0	0.7707317073170732	0.6363636363636364	0.5164835164835165	0.5538461538461539	0.7904411764705882	0.38095238095238093	0.8498498498498499
F1	0.625	0.2790697674418604	0.6075949367088608	0.7860962566844919	0.8472906403940886	0.8444444444444444	0.1574803149606299	0.7514231499051234	0.0	0.7085201793721972	0.6222222222222223	0.47000000000000003	0.5901639344262295	0.7747747747747747	0.4571428571428571	0.8485757121439281
Micro-F1	0.8390039447731755
Macro-F1	0.8015532471004365
