Metric	Gout	Venous Insufficiency	Gallstones	Hypertension	Obesity	Asthma	GERD	Hypercholesterolemia	Hypertriglyceridemia	CHF	OSA	OA	PVD	CAD	Depression	Diabetes
Precision	0.6538461538461539	0.30434782608695654	0.7	0.743421052631579	0.8109452736318408	0.855072463768116	0.2972972972972973	0.7333333333333333	0.0	0.6346863468634686	0.5857142857142857	0.41237113402061853	0.6530612244897959	0.832579185520362	0.5074626865671642	0.8103448275862069
Recall	0.5573770491803278	0.2413793103448276	0.4375	0.946927374301676	0.8489583333333334	0.8676470588235294	0.11827956989247312	0.7272727272727273	0.0	0.8390243902439024	0.6212121212121212	0.43956043956043955	0.49230769230769234	0.6764705882352942	0.3238095238095238	0.8468468468468469
F1	0.6017699115044247	0.2692307692307692	0.5384615384615384	0.832923832923833	0.8295165394402036	0.8613138686131386	0.16923076923076927	0.7302904564315353	0.0	0.7226890756302521	0.6029411764705882	0.425531914893617	0.5614035087719299	0.746450304259635	0.39534883720930236	0.8281938325991189
Micro-F1	0.8359220907297831
Macro-F1	0.7967019694659578
