Metric	Gout	Venous Insufficiency	Gallstones	Hypertension	Obesity	Asthma	GERD	Hypercholesterolemia	Hypertriglyceridemia	CHF	OSA	OA	PVD	CAD	Depression	Diabetes
Precision	0.6451612903225806	0.35	0.7142857142857143	0.7629796839729119	0.805	0.7972972972972973	0.35294117647058826	0.7034220532319392	0.0	0.6573705179282868	0.5967741935483871	0.45	0.8	0.7940074906367042	0.603448275862069	0.8416149068322981
Recall	0.6557377049180327	0.2413793103448276	0.5	0.9441340782122905	0.8385416666666666	0.8676470588235294	0.12903225806451613	0.7644628099173554	0.0	0.8048780487804879	0.5606060606060606	0.3956043956043956	0.4307692307692308	0.7794117647058824	0.3333333333333333	0.8138138138138138
F1	0.6504065040650406	0.2857142857142857	0.588235294117647	0.8439450686641697	0.8214285714285714	0.8309859154929577	0.1889763779527559	0.7326732673267327	0.0	0.7236842105263157	0.578125	0.4210526315789474	0.56	0.7866419294990724	0.42944785276073616	0.8274809160305344
Micro-F1	0.8431952662721893
Macro-F1	0.8050574712643678
