Metric	Gout	Venous Insufficiency	Gallstones	Hypertension	Obesity	Asthma	GERD	Hypercholesterolemia	Hypertriglyceridemia	CHF	OSA	OA	PVD	CAD	Depression	Diabetes
Precision	0.59375	0.3333333333333333	0.6263736263736264	0.782258064516129	0.7747747747747747	0.8181818181818182	0.3013698630136986	0.7310924369747899	0.0	0.6587301587301587	0.6060606060606061	0.42424242424242425	0.6181818181818182	0.7935222672064778	0.44	0.7871148459383753
Recall	0.6229508196721312	0.2413793103448276	0.7125	0.8128491620111732	0.8958333333333334	0.7941176470588235	0.23655913978494625	0.71900826446281	0.0	0.8097560975609757	0.6060606060606061	0.46153846153846156	0.5230769230769231	0.7205882352941176	0.41904761904761906	0.8438438438438438
F1	0.608	0.28	0.6666666666666667	0.7972602739726027	0.8309178743961353	0.8059701492537314	0.26506024096385544	0.7249999999999999	0.0	0.7264770240700219	0.6060606060606061	0.4421052631578948	0.5666666666666668	0.7552986512524086	0.4292682926829269	0.8144927536231885
Micro-F1	0.8296351084812623
Macro-F1	0.7908299548172056
