Metric	Gout	Venous Insufficiency	Gallstones	Hypertension	Obesity	Asthma	GERD	Hypercholesterolemia	Hypertriglyceridemia	CHF	OSA	OA	PVD	CAD	Depression	Diabetes
Precision	0.5384615384615384	0.21052631578947367	0.6891891891891891	0.7694174757281553	0.8235294117647058	0.7195121951219512	0.44	0.7121771217712177	0.0	0.6472868217054264	0.56	0.3898305084745763	0.5892857142857143	0.7692307692307693	0.4852941176470588	0.8338278931750742
Recall	0.6885245901639344	0.13793103448275862	0.6375	0.8854748603351955	0.875	0.8676470588235294	0.11827956989247312	0.7975206611570248	0.0	0.8146341463414634	0.6363636363636364	0.5054945054945055	0.5076923076923077	0.7720588235294118	0.3142857142857143	0.8438438438438438
F1	0.6043165467625898	0.16666666666666666	0.6623376623376622	0.8233766233766234	0.8484848484848485	0.7866666666666666	0.1864406779661017	0.7524366471734893	0.0	0.7213822894168466	0.5957446808510639	0.4401913875598086	0.5454545454545454	0.7706422018348625	0.3815028901734103	0.8388059701492537
Micro-F1	0.8353057199211046
Macro-F1	0.7986285166418613
