Metric	Gout	Venous Insufficiency	Gallstones	Hypertension	Obesity	Asthma	GERD	Hypercholesterolemia	Hypertriglyceridemia	CHF	OSA	OA	PVD	CAD	Depression	Diabetes
Precision	0.6615384615384615	0.3181818181818182	0.7166666666666667	0.7620192307692307	0.7906976744186046	0.7654320987654321	0.391304347826087	0.6666666666666666	0.0	0.6611570247933884	0.5256410256410257	0.37593984962406013	0.7272727272727273	0.7728937728937729	0.5466666666666666	0.8294117647058824
Recall	0.7049180327868853	0.2413793103448276	0.5375	0.8854748603351955	0.8854166666666666	0.9117647058823529	0.1935483870967742	0.8677685950413223	0.0	0.7804878048780488	0.6212121212121212	0.5494505494505495	0.36923076923076925	0.7757352941176471	0.3904761904761905	0.8468468468468469
F1	0.6825396825396826	0.27450980392156865	0.6142857142857143	0.8191214470284238	0.8353808353808353	0.832214765100671	0.2589928057553957	0.7540394973070018	0.0	0.7158836689038032	0.5694444444444445	0.44642857142857145	0.4897959183673469	0.7743119266055046	0.4555555555555556	0.8380386329866271
Micro-F1	0.835552268244576
Macro-F1	0.8000040807165738
