Metric	PAST SMOKER	CURRENT SMOKER	NON-SMOKER	UNKNOWN
Precision	0.42857142857142855	0.5833333333333334	0.6086956521739131	1.0
Recall	0.8181818181818182	0.6363636363636364	0.875	0.9523809523809523
F1	0.5625	0.6086956521739131	0.717948717948718	0.975609756097561
Micro-F1	0.9110576923076923
Macro-F1	0.8846652429657937
