Metric	PAST SMOKER	CURRENT SMOKER	NON-SMOKER	UNKNOWN
Precision	0.4375	0.6666666666666666	0.7368421052631579	0.984375
Recall	0.6363636363636364	0.36363636363636365	0.875	1.0
F1	0.5185185185185185	0.4705882352941177	0.7999999999999999	0.9921259842519685
Micro-F1	0.9278846153846154
Macro-F1	0.9032228046775644
