Metric	PAST SMOKER	CURRENT SMOKER	NON-SMOKER	UNKNOWN
Precision	0.47368421052631576	0.8	0.7647058823529411	0.953125
Recall	0.8181818181818182	0.36363636363636365	0.8125	0.9682539682539683
F1	0.6	0.5000000000000001	0.787878787878788	0.9606299212598425
Micro-F1	0.9230769230769231
Macro-F1	0.8967709916560688
