Metric	PAST SMOKER	CURRENT SMOKER	NON-SMOKER	UNKNOWN
Precision	0.35294117647058826	0.6666666666666666	0.631578947368421	0.9824561403508771
Recall	0.5454545454545454	0.36363636363636365	0.75	0.8888888888888888
F1	0.42857142857142855	0.4705882352941177	0.6857142857142857	0.9333333333333333
Micro-F1	0.8942307692307693
Macro-F1	0.8551898734177216
