Metric	PAST SMOKER	CURRENT SMOKER	NON-SMOKER	UNKNOWN
Precision	0.5333333333333333	0.45454545454545453	0.6842105263157895	0.9833333333333333
Recall	0.7272727272727273	0.45454545454545453	0.8125	0.9365079365079365
F1	0.6153846153846153	0.45454545454545453	0.742857142857143	0.9593495934959351
Micro-F1	0.9134615384615384
Macro-F1	0.8838673656130773
