Metric	PAST SMOKER	CURRENT SMOKER	NON-SMOKER	UNKNOWN
Precision	0.5714285714285714	0.35714285714285715	0.7777777777777778	0.9682539682539683
Recall	0.7272727272727273	0.45454545454545453	0.875	0.9682539682539683
F1	0.64	0.4	0.823529411764706	0.9682539682539683
Micro-F1	0.9182692307692307
Macro-F1	0.8917164293370081
