Metric	PAST SMOKER	CURRENT SMOKER	NON-SMOKER	UNKNOWN
Precision	0.5	0.6666666666666666	0.7	0.9830508474576272
Recall	0.9090909090909091	0.36363636363636365	0.875	0.9206349206349206
F1	0.6451612903225806	0.4705882352941177	0.7777777777777777	0.9508196721311476
Micro-F1	0.9182692307692307
Macro-F1	0.890319178634573
