Metric	PAST SMOKER	CURRENT SMOKER	NON-SMOKER	UNKNOWN
Precision	0.4	0.625	0.7647058823529411	0.9672131147540983
Recall	0.5454545454545454	0.45454545454545453	0.8125	0.9365079365079365
F1	0.4615384615384615	0.5263157894736842	0.787878787878788	0.9516129032258064
Micro-F1	0.9134615384615384
Macro-F1	0.8823196605374823
