Metric	PAST SMOKER	CURRENT SMOKER	NON-SMOKER	UNKNOWN
Precision	0.6153846153846154	0.4444444444444444	0.7	0.9841269841269841
Recall	0.7272727272727273	0.36363636363636365	0.875	0.9841269841269841
F1	0.6666666666666667	0.39999999999999997	0.7777777777777777	0.9841269841269841
Micro-F1	0.9278846153846154
Macro-F1	0.9032228046775644
