Metric	PAST SMOKER	CURRENT SMOKER	NON-SMOKER	UNKNOWN
Precision	0.1951219512195122	0.2631578947368421	0.30612244897959184	0.9818181818181818
Recall	0.7272727272727273	0.9090909090909091	0.9375	0.8571428571428571
F1	0.3076923076923077	0.4081632653061224	0.46153846153846156	0.9152542372881356
Micro-F1	0.735576923076923
Macro-F1	0.7059730646653645
