Metric	PAST SMOKER	CURRENT SMOKER	NON-SMOKER	UNKNOWN
Precision	0.47368421052631576	0.75	0.7894736842105263	0.9545454545454546
Recall	0.8181818181818182	0.2727272727272727	0.9375	1.0
F1	0.6	0.39999999999999997	0.8571428571428572	0.9767441860465117
Micro-F1	0.9302884615384615
Macro-F1	0.9073475312387199
