Metric	PAST SMOKER	CURRENT SMOKER	NON-SMOKER	UNKNOWN
Precision	0.45	0.5714285714285714	0.7222222222222222	1.0
Recall	0.8181818181818182	0.36363636363636365	0.8125	0.9365079365079365
F1	0.5806451612903226	0.4444444444444444	0.7647058823529411	0.9672131147540983
Micro-F1	0.9158653846153846
Macro-F1	0.8867234605360408
