Metric	PAST SMOKER	CURRENT SMOKER	NON-SMOKER	UNKNOWN
Precision	0.43478260869565216	0.8	0.6842105263157895	0.967741935483871
Recall	0.9090909090909091	0.36363636363636365	0.8125	0.9523809523809523
F1	0.5882352941176471	0.5000000000000001	0.742857142857143	0.96
Micro-F1	0.9134615384615384
Macro-F1	0.8853468075333027
