Metric	PAST SMOKER	CURRENT SMOKER	NON-SMOKER	UNKNOWN
Precision	0.34615384615384615	0.8	0.8666666666666667	1.0
Recall	0.8181818181818182	0.36363636363636365	0.8125	0.9365079365079365
F1	0.4864864864864865	0.5000000000000001	0.8387096774193549	0.9672131147540983
Micro-F1	0.9134615384615384
Macro-F1	0.8838673656130773
