Metric	PAST SMOKER	CURRENT SMOKER	NON-SMOKER	UNKNOWN
Precision	0.4444444444444444	0.4375	0.6086956521739131	0.9830508474576272
Recall	0.36363636363636365	0.6363636363636364	0.875	0.9206349206349206
F1	0.39999999999999997	0.5185185185185185	0.717948717948718	0.9508196721311476
Micro-F1	0.8990384615384617
Macro-F1	0.8653846153846154
