Metric	PAST SMOKER	CURRENT SMOKER	NON-SMOKER	UNKNOWN
Precision	0.47619047619047616	0.75	0.7777777777777778	0.9692307692307692
Recall	0.9090909090909091	0.2727272727272727	0.875	1.0
F1	0.6249999999999999	0.39999999999999997	0.823529411764706	0.9843749999999999
Micro-F1	0.9302884615384615
Macro-F1	0.9073475312387199
