Metric	PAST SMOKER	CURRENT SMOKER	NON-SMOKER	UNKNOWN
Precision	0.3125	0.5714285714285714	0.6190476190476191	0.9833333333333333
Recall	0.45454545454545453	0.36363636363636365	0.8125	0.9365079365079365
F1	0.3703703703703703	0.4444444444444444	0.7027027027027026	0.9593495934959351
Micro-F1	0.8966346153846154
Macro-F1	0.8608316800871357
