Metric	PAST SMOKER	CURRENT SMOKER	NON-SMOKER	UNKNOWN
Precision	0.4117647058823529	0.6666666666666666	0.7	0.9838709677419355
Recall	0.6363636363636364	0.36363636363636365	0.875	0.9682539682539683
F1	0.5	0.4705882352941177	0.7777777777777777	0.976
Micro-F1	0.9182692307692307
Macro-F1	0.890319178634573
