Metric	PAST SMOKER	CURRENT SMOKER	NON-SMOKER	UNKNOWN
Precision	0.4117647058823529	0.8	0.65	0.9833333333333333
Recall	0.6363636363636364	0.36363636363636365	0.8125	0.9365079365079365
F1	0.5	0.5000000000000001	0.7222222222222223	0.9593495934959351
Micro-F1	0.9110576923076923
Macro-F1	0.8794552303680092
