Metric	PAST SMOKER	CURRENT SMOKER	NON-SMOKER	UNKNOWN
Precision	0.5714285714285714	0.5714285714285714	0.5833333333333334	0.9836065573770492
Recall	0.7272727272727273	0.36363636363636365	0.875	0.9523809523809523
F1	0.64	0.4444444444444444	0.7000000000000001	0.9677419354838709
Micro-F1	0.9158653846153846
Macro-F1	0.8874589371980677
