Metric	PAST SMOKER	CURRENT SMOKER	NON-SMOKER	UNKNOWN
Precision	0.2903225806451613	0.4	0.7857142857142857	0.9642857142857143
Recall	0.8181818181818182	0.36363636363636365	0.6875	0.8571428571428571
F1	0.4285714285714286	0.380952380952381	0.7333333333333334	0.9075630252100839
Micro-F1	0.8653846153846154
Macro-F1	0.8227632379793062
