Metric	PAST SMOKER	CURRENT SMOKER	NON-SMOKER	UNKNOWN
Precision	0.5333333333333333	0.6	0.6363636363636364	0.967741935483871
Recall	0.7272727272727273	0.2727272727272727	0.875	0.9523809523809523
F1	0.6153846153846153	0.37499999999999994	0.7368421052631579	0.96
Micro-F1	0.9158653846153846
Macro-F1	0.8867234605360408
