Metric	PAST SMOKER	CURRENT SMOKER	NON-SMOKER	UNKNOWN
Precision	0.4117647058823529	0.5714285714285714	0.7368421052631579	0.984375
Recall	0.6363636363636364	0.36363636363636365	0.875	1.0
F1	0.5	0.4444444444444444	0.7999999999999999	0.9921259842519685
Micro-F1	0.9230769230769231
Macro-F1	0.8974358974358974
