Metric	PAST SMOKER	CURRENT SMOKER	NON-SMOKER	UNKNOWN
Precision	0.2564102564102564	0.25	0.375	0.96875
Recall	0.9090909090909091	0.8181818181818182	0.9375	0.9841269841269841
F1	0.3999999999999999	0.38297872340425526	0.5357142857142857	0.9763779527559054
Micro-F1	0.7884615384615384
Macro-F1	0.7631469979296066
