Metric	PAST SMOKER	CURRENT SMOKER	NON-SMOKER	UNKNOWN
Precision	0.3157894736842105	0.5	0.7222222222222222	0.9838709677419355
Recall	0.5454545454545454	0.45454545454545453	0.8125	0.9682539682539683
F1	0.39999999999999997	0.47619047619047616	0.7647058823529411	0.976
Micro-F1	0.9038461538461539
Macro-F1	0.8726075639258919
