Metric	PAST SMOKER	CURRENT SMOKER	NON-SMOKER	UNKNOWN
Precision	0.42857142857142855	0.5714285714285714	0.8235294117647058	1.0
Recall	0.8181818181818182	0.36363636363636365	0.875	0.9365079365079365
F1	0.5625	0.4444444444444444	0.8484848484848485	0.9672131147540983
Micro-F1	0.9206730769230769
Macro-F1	0.8931964056482669
