Metric	PAST SMOKER	CURRENT SMOKER	NON-SMOKER	UNKNOWN
Precision	0.47058823529411764	0.6666666666666666	0.6842105263157895	0.9833333333333333
Recall	0.7272727272727273	0.36363636363636365	0.8125	0.9365079365079365
F1	0.5714285714285714	0.4705882352941177	0.742857142857143	0.9593495934959351
Micro-F1	0.9158653846153846
Macro-F1	0.8859711638616303
