Metric	PAST SMOKER	CURRENT SMOKER	NON-SMOKER	UNKNOWN
Precision	0.5	0.42857142857142855	0.6818181818181818	0.967741935483871
Recall	0.7272727272727273	0.2727272727272727	0.9375	0.9523809523809523
F1	0.5925925925925926	0.33333333333333326	0.7894736842105263	0.96
Micro-F1	0.9134615384615384
Macro-F1	0.8846153846153846
