Metric	PAST SMOKER	CURRENT SMOKER	NON-SMOKER	UNKNOWN
Precision	0.4444444444444444	0.6666666666666666	0.5909090909090909	0.9836065573770492
Recall	0.7272727272727273	0.36363636363636365	0.8125	0.9523809523809523
F1	0.5517241379310345	0.4705882352941177	0.6842105263157896	0.9677419354838709
Micro-F1	0.9086538461538461
Macro-F1	0.8782051282051282
