Metric	PAST SMOKER	CURRENT SMOKER	NON-SMOKER	UNKNOWN
Precision	0.4166666666666667	0.6	0.8235294117647058	0.9833333333333333
Recall	0.9090909090909091	0.2727272727272727	0.875	0.9365079365079365
F1	0.5714285714285715	0.37499999999999994	0.8484848484848485	0.9593495934959351
Micro-F1	0.9158653846153846
Macro-F1	0.8874589371980677
