Metric	PAST SMOKER	CURRENT SMOKER	NON-SMOKER	UNKNOWN
Precision	0.4166666666666667	0.6	0.8235294117647058	1.0
Recall	0.9090909090909091	0.2727272727272727	0.875	0.9523809523809523
F1	0.5714285714285715	0.37499999999999994	0.8484848484848485	0.975609756097561
Micro-F1	0.9206730769230769
Macro-F1	0.8938898550724639
