Metric	PAST SMOKER	CURRENT SMOKER	NON-SMOKER	UNKNOWN
Precision	0.4	0.6666666666666666	0.6190476190476191	0.9672131147540983
Recall	0.5454545454545454	0.36363636363636365	0.8125	0.9365079365079365
F1	0.4615384615384615	0.4705882352941177	0.7027027027027026	0.9516129032258064
Micro-F1	0.9038461538461539
Macro-F1	0.8701136505557637
