Metric	PAST SMOKER	CURRENT SMOKER	NON-SMOKER	UNKNOWN
Precision	0.375	0.6	0.8125	0.9827586206896551
Recall	0.8181818181818182	0.2727272727272727	0.8125	0.9047619047619048
F1	0.5142857142857142	0.37499999999999994	0.8125	0.9421487603305785
Micro-F1	0.9038461538461539
Macro-F1	0.8701136505557637
