Metric	PAST SMOKER	CURRENT SMOKER	NON-SMOKER	UNKNOWN
Precision	0.47058823529411764	0.6666666666666666	0.7222222222222222	0.9682539682539683
Recall	0.7272727272727273	0.36363636363636365	0.8125	0.9682539682539683
F1	0.5714285714285714	0.4705882352941177	0.7647058823529411	0.9682539682539683
Micro-F1	0.9206730769230769
Macro-F1	0.8931964056482669
