Metric	PAST SMOKER	CURRENT SMOKER	NON-SMOKER	UNKNOWN
Precision	0.5	0.5714285714285714	0.8125	1.0
Recall	0.8181818181818182	0.36363636363636365	0.8125	0.9523809523809523
F1	0.6206896551724137	0.4444444444444444	0.8125	0.975609756097561
Micro-F1	0.9278846153846154
Macro-F1	0.901933050447902
