Metric	PAST SMOKER	CURRENT SMOKER	NON-SMOKER	UNKNOWN
Precision	0.391304347826087	0.75	0.7647058823529411	0.9672131147540983
Recall	0.8181818181818182	0.2727272727272727	0.8125	0.9365079365079365
F1	0.5294117647058824	0.39999999999999997	0.787878787878788	0.9516129032258064
Micro-F1	0.9086538461538461
Macro-F1	0.8774155525915815
