Metric	PAST SMOKER	CURRENT SMOKER	NON-SMOKER	UNKNOWN
Precision	0.47368421052631576	0.6	0.6666666666666666	1.0
Recall	0.8181818181818182	0.2727272727272727	1.0	0.9206349206349206
F1	0.6	0.37499999999999994	0.8	0.9586776859504132
Micro-F1	0.9158653846153846
Macro-F1	0.8874589371980677
