Metric	PAST SMOKER	CURRENT SMOKER	NON-SMOKER	UNKNOWN
Precision	0.42857142857142855	0.5	0.6666666666666666	1.0
Recall	0.5454545454545454	0.36363636363636365	0.875	0.8571428571428571
F1	0.4799999999999999	0.4210526315789474	0.7567567567567567	0.923076923076923
Micro-F1	0.8990384615384617
Macro-F1	0.8608163655482268
