Metric	PAST SMOKER	CURRENT SMOKER	NON-SMOKER	UNKNOWN
Precision	0.4444444444444444	0.5555555555555556	0.8	0.9836065573770492
Recall	0.7272727272727273	0.45454545454545453	0.75	0.9523809523809523
F1	0.5517241379310345	0.5	0.7741935483870969	0.9677419354838709
Micro-F1	0.9182692307692307
Macro-F1	0.8895966029723992
