Metric	PAST SMOKER	CURRENT SMOKER	NON-SMOKER	UNKNOWN
Precision	0.3333333333333333	0.4444444444444444	0.6086956521739131	0.9838709677419355
Recall	0.6363636363636364	0.36363636363636365	0.875	0.9682539682539683
F1	0.43749999999999994	0.39999999999999997	0.717948717948718	0.976
Micro-F1	0.8942307692307693
Macro-F1	0.8624338624338623
