Metric	PAST SMOKER	CURRENT SMOKER	NON-SMOKER	UNKNOWN
Precision	0.6	0.6666666666666666	0.7	0.9545454545454546
Recall	0.5454545454545454	0.36363636363636365	0.875	1.0
F1	0.5714285714285713	0.4705882352941177	0.7777777777777777	0.9767441860465117
Micro-F1	0.9302884615384615
Macro-F1	0.9055189643424938
