Metric	PAST SMOKER	CURRENT SMOKER	NON-SMOKER	UNKNOWN
Precision	0.34782608695652173	0.4444444444444444	0.7222222222222222	1.0
Recall	0.7272727272727273	0.36363636363636365	0.8125	0.9047619047619048
F1	0.4705882352941176	0.39999999999999997	0.7647058823529411	0.9500000000000001
Micro-F1	0.8942307692307693
Macro-F1	0.8589743589743589
