Metric	PAST SMOKER	CURRENT SMOKER	NON-SMOKER	UNKNOWN
Precision	0.4666666666666667	0.8	0.6666666666666666	0.9836065573770492
Recall	0.6363636363636364	0.36363636363636365	0.875	0.9523809523809523
F1	0.5384615384615385	0.5000000000000001	0.7567567567567567	0.9677419354838709
Micro-F1	0.9206730769230769
Macro-F1	0.8924870973552514
