Metric	PAST SMOKER	CURRENT SMOKER	NON-SMOKER	UNKNOWN
Precision	0.2222222222222222	0.42857142857142855	0.45454545454545453	0.9836065573770492
Recall	0.7272727272727273	0.5454545454545454	0.9375	0.9523809523809523
F1	0.3404255319148936	0.4799999999999999	0.6122448979591837	0.9677419354838709
Micro-F1	0.8389423076923077
Macro-F1	0.8061954594444252
