Metric	PAST SMOKER	CURRENT SMOKER	NON-SMOKER	UNKNOWN
Precision	0.5	0.6666666666666666	0.75	0.9538461538461539
Recall	0.6363636363636364	0.36363636363636365	0.9375	0.9841269841269841
F1	0.56	0.4705882352941177	0.8333333333333334	0.96875
Micro-F1	0.9278846153846154
Macro-F1	0.9032228046775644
