Metric	PAST SMOKER	CURRENT SMOKER	NON-SMOKER	UNKNOWN
Precision	0.42105263157894735	0.6	1.0	0.96875
Recall	0.7272727272727273	0.2727272727272727	0.625	0.9841269841269841
F1	0.5333333333333333	0.37499999999999994	0.7692307692307693	0.9763779527559054
Micro-F1	0.9206730769230769
Macro-F1	0.891019076424778
