Metric	PAST SMOKER	CURRENT SMOKER	NON-SMOKER	UNKNOWN
Precision	0.5333333333333333	0.5714285714285714	0.5833333333333334	0.9841269841269841
Recall	0.7272727272727273	0.36363636363636365	0.875	0.9841269841269841
F1	0.6153846153846153	0.4444444444444444	0.7000000000000001	0.9841269841269841
Micro-F1	0.9182692307692307
Macro-F1	0.8917164293370081
