Metric	PAST SMOKER	CURRENT SMOKER	NON-SMOKER	UNKNOWN
Precision	0.42857142857142855	0.75	0.6666666666666666	0.9833333333333333
Recall	0.8181818181818182	0.2727272727272727	0.875	0.9365079365079365
F1	0.5625	0.39999999999999997	0.7567567567567567	0.9593495934959351
Micro-F1	0.9110576923076923
Macro-F1	0.8810280193236715
