Metric	PAST SMOKER	CURRENT SMOKER	NON-SMOKER	UNKNOWN
Precision	0.5454545454545454	0.8	0.6363636363636364	0.9682539682539683
Recall	0.5454545454545454	0.36363636363636365	0.875	0.9682539682539683
F1	0.5454545454545454	0.5000000000000001	0.7368421052631579	0.9682539682539683
Micro-F1	0.9230769230769231
Macro-F1	0.8953952538110954
