Metric	PAST SMOKER	CURRENT SMOKER	NON-SMOKER	UNKNOWN
Precision	0.4666666666666667	0.6	0.7	0.9682539682539683
Recall	0.6363636363636364	0.2727272727272727	0.875	0.9682539682539683
F1	0.5384615384615385	0.37499999999999994	0.7777777777777777	0.9682539682539683
Micro-F1	0.9182692307692307
Macro-F1	0.8895966029723992
