Metric	PAST SMOKER	CURRENT SMOKER	NON-SMOKER	UNKNOWN
Precision	0.4375	0.6666666666666666	0.625	0.9836065573770492
Recall	0.6363636363636364	0.36363636363636365	0.9375	0.9523809523809523
F1	0.5185185185185185	0.4705882352941177	0.75	0.9677419354838709
Micro-F1	0.9134615384615384
Macro-F1	0.8846153846153846
