Metric	PAST SMOKER	CURRENT SMOKER	NON-SMOKER	UNKNOWN
Precision	0.47368421052631576	0.5	0.7777777777777778	1.0
Recall	0.8181818181818182	0.36363636363636365	0.875	0.9365079365079365
F1	0.6	0.4210526315789474	0.823529411764706	0.9672131147540983
Micro-F1	0.9206730769230769
Macro-F1	0.8931964056482669
