Metric	PAST SMOKER	CURRENT SMOKER	NON-SMOKER	UNKNOWN
Precision	0.35294117647058826	0.8	0.5	0.9830508474576272
Recall	0.5454545454545454	0.36363636363636365	0.8125	0.9206349206349206
F1	0.42857142857142855	0.5000000000000001	0.6190476190476191	0.9508196721311476
Micro-F1	0.8894230769230769
Macro-F1	0.8525641025641025
