Metric	PAST SMOKER	CURRENT SMOKER	NON-SMOKER	UNKNOWN
Precision	0.47058823529411764	0.6666666666666666	0.65	0.967741935483871
Recall	0.7272727272727273	0.36363636363636365	0.8125	0.9523809523809523
F1	0.5714285714285714	0.4705882352941177	0.7222222222222223	0.96
Micro-F1	0.9134615384615384
Macro-F1	0.8838673656130773
