Metric	PAST SMOKER	CURRENT SMOKER	NON-SMOKER	UNKNOWN
Precision	0.38461538461538464	0.5714285714285714	0.6	0.9833333333333333
Recall	0.45454545454545453	0.36363636363636365	0.75	0.9365079365079365
F1	0.41666666666666663	0.4444444444444444	0.6666666666666665	0.9593495934959351
Micro-F1	0.9014423076923077
Macro-F1	0.8655218361441603
