Metric	PAST SMOKER	CURRENT SMOKER	NON-SMOKER	UNKNOWN
Precision	0.4	0.5714285714285714	0.75	0.9841269841269841
Recall	0.5454545454545454	0.36363636363636365	0.9375	0.9841269841269841
F1	0.4615384615384615	0.4444444444444444	0.8333333333333334	0.9841269841269841
Micro-F1	0.9230769230769231
Macro-F1	0.8967709916560688
