Metric	PAST SMOKER	CURRENT SMOKER	NON-SMOKER	UNKNOWN
Precision	0.4166666666666667	0.6666666666666666	0.5909090909090909	0.9523809523809523
Recall	0.45454545454545453	0.36363636363636365	0.8125	0.9523809523809523
F1	0.43478260869565216	0.4705882352941177	0.6842105263157896	0.9523809523809523
Micro-F1	0.9038461538461539
Macro-F1	0.8701136505557637
