Metric	PAST SMOKER	CURRENT SMOKER	NON-SMOKER	UNKNOWN
Precision	0.42857142857142855	0.6	0.6190476190476191	0.9672131147540983
Recall	0.5454545454545454	0.2727272727272727	0.8125	0.9365079365079365
F1	0.4799999999999999	0.37499999999999994	0.7027027027027026	0.9516129032258064
Micro-F1	0.9038461538461539
Macro-F1	0.8692440672638693
