Metric	PAST SMOKER	CURRENT SMOKER	NON-SMOKER	UNKNOWN
Precision	0.4375	0.5714285714285714	0.65	0.9682539682539683
Recall	0.6363636363636364	0.36363636363636365	0.8125	0.9682539682539683
F1	0.5185185185185185	0.4444444444444444	0.7222222222222223	0.9682539682539683
Micro-F1	0.9110576923076923
Macro-F1	0.8810280193236715
