Metric	PAST SMOKER	CURRENT SMOKER	NON-SMOKER	UNKNOWN
Precision	0.36363636363636365	0.6666666666666666	0.7222222222222222	0.9666666666666667
Recall	0.7272727272727273	0.36363636363636365	0.8125	0.9206349206349206
F1	0.4848484848484849	0.4705882352941177	0.7647058823529411	0.943089430894309
Micro-F1	0.9014423076923077
Macro-F1	0.8681661835748792
