Metric	PAST SMOKER	CURRENT SMOKER	NON-SMOKER	UNKNOWN
Precision	0.5555555555555556	0.7142857142857143	0.6	0.9836065573770492
Recall	0.45454545454545453	0.45454545454545453	0.9375	0.9523809523809523
F1	0.5	0.5555555555555556	0.7317073170731707	0.9677419354838709
Micro-F1	0.9206730769230769
Macro-F1	0.8924870973552514
