Metric	PAST SMOKER	CURRENT SMOKER	NON-SMOKER	UNKNOWN
Precision	0.4666666666666667	0.75	0.7058823529411765	0.96875
Recall	0.6363636363636364	0.2727272727272727	0.75	0.9841269841269841
F1	0.5384615384615385	0.39999999999999997	0.7272727272727272	0.9763779527559054
Micro-F1	0.9206730769230769
Macro-F1	0.891761477872129
