Metric	PAST SMOKER	CURRENT SMOKER	NON-SMOKER	UNKNOWN
Precision	0.4666666666666667	0.5555555555555556	0.6842105263157895	0.967741935483871
Recall	0.6363636363636364	0.45454545454545453	0.8125	0.9523809523809523
F1	0.5384615384615385	0.5	0.742857142857143	0.96
Micro-F1	0.9134615384615384
Macro-F1	0.8838673656130773
