Metric	PAST SMOKER	CURRENT SMOKER	NON-SMOKER	UNKNOWN
Precision	0.6	0.5714285714285714	0.6842105263157895	0.9833333333333333
Recall	0.8181818181818182	0.36363636363636365	0.8125	0.9365079365079365
F1	0.6923076923076923	0.4444444444444444	0.742857142857143	0.9593495934959351
Micro-F1	0.9230769230769231
Macro-F1	0.8953952538110954
