Metric	PAST SMOKER	CURRENT SMOKER	NON-SMOKER	UNKNOWN
Precision	0.3548387096774194	0.4166666666666667	1.0	0.9833333333333333
Recall	1.0	0.45454545454545453	0.8125	0.9365079365079365
F1	0.5238095238095238	0.43478260869565216	0.896551724137931	0.9593495934959351
Micro-F1	0.9014423076923077
Macro-F1	0.8721966205837173
