Metric	PAST SMOKER	CURRENT SMOKER	NON-SMOKER	UNKNOWN
Precision	0.5	0.42857142857142855	0.6521739130434783	0.967741935483871
Recall	0.5454545454545454	0.2727272727272727	0.9375	0.9523809523809523
F1	0.5217391304347826	0.33333333333333326	0.7692307692307693	0.96
Micro-F1	0.9110576923076923
Macro-F1	0.8802505154238145
