Metric	PAST SMOKER	CURRENT SMOKER	NON-SMOKER	UNKNOWN
Precision	0.391304347826087	0.3333333333333333	0.7777777777777778	0.9545454545454546
Recall	0.8181818181818182	0.09090909090909091	0.875	1.0
F1	0.5294117647058824	0.14285714285714288	0.823529411764706	0.9767441860465117
Micro-F1	0.9110576923076923
Macro-F1	0.8825316146560738
