Metric	PAST SMOKER	CURRENT SMOKER	NON-SMOKER	UNKNOWN
Precision	0.3888888888888889	0.6666666666666666	0.6190476190476191	0.9836065573770492
Recall	0.6363636363636364	0.36363636363636365	0.8125	0.9523809523809523
F1	0.4827586206896552	0.4705882352941177	0.7027027027027026	0.9677419354838709
Micro-F1	0.90625
Macro-F1	0.8745971014492755
