Metric	PAST SMOKER	CURRENT SMOKER	NON-SMOKER	UNKNOWN
Precision	0.4375	0.4166666666666667	0.7222222222222222	0.9836065573770492
Recall	0.6363636363636364	0.45454545454545453	0.8125	0.9523809523809523
F1	0.5185185185185185	0.43478260869565216	0.7647058823529411	0.9677419354838709
Micro-F1	0.9086538461538461
Macro-F1	0.8782051282051282
