Metric	PAST SMOKER	CURRENT SMOKER	NON-SMOKER	UNKNOWN
Precision	0.43478260869565216	0.7142857142857143	0.8571428571428571	0.9672131147540983
Recall	0.9090909090909091	0.45454545454545453	0.75	0.9365079365079365
F1	0.5882352941176471	0.5555555555555556	0.7999999999999999	0.9516129032258064
Micro-F1	0.9182692307692307
Macro-F1	0.890319178634573
