Metric	PAST SMOKER	CURRENT SMOKER	NON-SMOKER	UNKNOWN
Precision	0.5625	0.5714285714285714	0.7777777777777778	0.9682539682539683
Recall	0.8181818181818182	0.36363636363636365	0.875	0.9682539682539683
F1	0.6666666666666666	0.4444444444444444	0.823529411764706	0.9682539682539683
Micro-F1	0.9302884615384615
Macro-F1	0.9061422958727194
