Metric	PAST SMOKER	CURRENT SMOKER	NON-SMOKER	UNKNOWN
Precision	0.5833333333333334	0.5	0.6363636363636364	0.9836065573770492
Recall	0.6363636363636364	0.36363636363636365	0.875	0.9523809523809523
F1	0.6086956521739131	0.4210526315789474	0.7368421052631579	0.9677419354838709
Micro-F1	0.9182692307692307
Macro-F1	0.8895966029723992
