Metric	PAST SMOKER	CURRENT SMOKER	NON-SMOKER	UNKNOWN
Precision	0.5263157894736842	0.8	0.7777777777777778	0.9538461538461539
Recall	0.9090909090909091	0.36363636363636365	0.875	0.9841269841269841
F1	0.6666666666666666	0.5000000000000001	0.823529411764706	0.96875
Micro-F1	0.9326923076923077
Macro-F1	0.9102564102564102
