Metric	PAST SMOKER	CURRENT SMOKER	NON-SMOKER	UNKNOWN
Precision	0.5625	0.5	0.7142857142857143	0.9682539682539683
Recall	0.8181818181818182	0.2727272727272727	0.9375	0.9682539682539683
F1	0.6666666666666666	0.3529411764705882	0.8108108108108109	0.9682539682539683
Micro-F1	0.9254807692307693
Macro-F1	0.9003207729468599
