Metric	PAST SMOKER	CURRENT SMOKER	NON-SMOKER	UNKNOWN
Precision	0.47368421052631576	0.5	0.7368421052631579	0.9833333333333333
Recall	0.8181818181818182	0.36363636363636365	0.875	0.9365079365079365
F1	0.6	0.4210526315789474	0.7999999999999999	0.9593495934959351
Micro-F1	0.9158653846153846
Macro-F1	0.8874589371980677
