Metric	PAST SMOKER	CURRENT SMOKER	NON-SMOKER	UNKNOWN
Precision	0.38095238095238093	0.45454545454545453	0.5833333333333334	0.9682539682539683
Recall	0.7272727272727273	0.45454545454545453	0.875	0.9682539682539683
F1	0.5	0.45454545454545453	0.7000000000000001	0.9682539682539683
Micro-F1	0.8942307692307693
Macro-F1	0.8640522875816994
