Metric	PAST SMOKER	CURRENT SMOKER	NON-SMOKER	UNKNOWN
Precision	0.35714285714285715	0.7142857142857143	0.6666666666666666	0.9836065573770492
Recall	0.45454545454545453	0.45454545454545453	0.875	0.9523809523809523
F1	0.4	0.5555555555555556	0.7567567567567567	0.9677419354838709
Micro-F1	0.9134615384615384
Macro-F1	0.8831022855001873
