Metric	PAST SMOKER	CURRENT SMOKER	NON-SMOKER	UNKNOWN
Precision	0.5	0.5714285714285714	0.6842105263157895	0.9836065573770492
Recall	0.7272727272727273	0.36363636363636365	0.8125	0.9523809523809523
F1	0.5925925925925926	0.4444444444444444	0.742857142857143	0.9677419354838709
Micro-F1	0.9182692307692307
Macro-F1	0.8895966029723992
