Metric	PAST SMOKER	CURRENT SMOKER	NON-SMOKER	UNKNOWN
Precision	0.3888888888888889	0.8	0.7222222222222222	0.967741935483871
Recall	0.6363636363636364	0.36363636363636365	0.8125	0.9523809523809523
F1	0.4827586206896552	0.5000000000000001	0.7647058823529411	0.96
Micro-F1	0.9134615384615384
Macro-F1	0.8831022855001873
