Metric	PAST SMOKER	CURRENT SMOKER	NON-SMOKER	UNKNOWN
Precision	0.4444444444444444	0.6666666666666666	0.6086956521739131	0.9836065573770492
Recall	0.7272727272727273	0.36363636363636365	0.875	0.9523809523809523
F1	0.5517241379310345	0.4705882352941177	0.717948717948718	0.9677419354838709
Micro-F1	0.9110576923076923
Macro-F1	0.8817882295114703
