Metric	PAST SMOKER	CURRENT SMOKER	NON-SMOKER	UNKNOWN
Precision	0.5263157894736842	0.5714285714285714	0.875	1.0
Recall	0.9090909090909091	0.36363636363636365	0.875	0.9047619047619048
F1	0.6666666666666666	0.4444444444444444	0.875	0.9500000000000001
Micro-F1	0.9278846153846154
Macro-F1	0.9012658227848102
