Metric	PAST SMOKER	CURRENT SMOKER	NON-SMOKER	UNKNOWN
Precision	0.4	0.5714285714285714	0.7222222222222222	1.0
Recall	0.7272727272727273	0.36363636363636365	0.8125	0.9523809523809523
F1	0.5161290322580645	0.4444444444444444	0.7647058823529411	0.975609756097561
Micro-F1	0.9134615384615384
Macro-F1	0.8838673656130773
