Metric	PAST SMOKER	CURRENT SMOKER	NON-SMOKER	UNKNOWN
Precision	0.35714285714285715	0.6666666666666666	0.6666666666666666	0.9841269841269841
Recall	0.45454545454545453	0.36363636363636365	0.875	0.9841269841269841
F1	0.4	0.4705882352941177	0.7567567567567567	0.9841269841269841
Micro-F1	0.9158653846153846
Macro-F1	0.8867234605360408
