Metric	PAST SMOKER	CURRENT SMOKER	NON-SMOKER	UNKNOWN
Precision	0.24390243902439024	0.2777777777777778	0.3409090909090909	0.9666666666666667
Recall	0.9090909090909091	0.45454545454545453	0.9375	0.9206349206349206
F1	0.38461538461538464	0.3448275862068966	0.5	0.943089430894309
Micro-F1	0.7884615384615384
Macro-F1	0.755868544600939
