Metric	PAST SMOKER	CURRENT SMOKER	NON-SMOKER	UNKNOWN
Precision	0.5	0.5384615384615384	0.8235294117647058	1.0
Recall	0.8181818181818182	0.6363636363636364	0.875	0.9365079365079365
F1	0.6206896551724137	0.5833333333333334	0.8484848484848485	0.9672131147540983
Micro-F1	0.9278846153846154
Macro-F1	0.9038461538461537
