Metric	PAST SMOKER	CURRENT SMOKER	NON-SMOKER	UNKNOWN
Precision	0.3157894736842105	0.5	0.7	0.9841269841269841
Recall	0.5454545454545454	0.36363636363636365	0.875	0.9841269841269841
F1	0.39999999999999997	0.4210526315789474	0.7777777777777777	0.9841269841269841
Micro-F1	0.90625
Macro-F1	0.8761819722050507
