Metric	PAST SMOKER	CURRENT SMOKER	NON-SMOKER	UNKNOWN
Precision	0.5	0.6666666666666666	0.65	1.0
Recall	0.6363636363636364	0.36363636363636365	0.8125	0.9682539682539683
F1	0.56	0.4705882352941177	0.7222222222222223	0.9838709677419354
Micro-F1	0.9230769230769231
Macro-F1	0.8953952538110954
