Metric	PAST SMOKER	CURRENT SMOKER	NON-SMOKER	UNKNOWN
Precision	0.25	0.28125	0.3488372093023256	0.9672131147540983
Recall	0.9090909090909091	0.8181818181818182	0.9375	0.9365079365079365
F1	0.392156862745098	0.41860465116279066	0.5084745762711865	0.9516129032258064
Micro-F1	0.78125
Macro-F1	0.7537580902201841
