Metric	PAST SMOKER	CURRENT SMOKER	NON-SMOKER	UNKNOWN
Precision	0.35294117647058826	0.6666666666666666	0.7	0.9836065573770492
Recall	0.5454545454545454	0.36363636363636365	0.875	0.9523809523809523
F1	0.42857142857142855	0.4705882352941177	0.7777777777777777	0.9677419354838709
Micro-F1	0.9110576923076923
Macro-F1	0.8802505154238145
