Metric	PAST SMOKER	CURRENT SMOKER	NON-SMOKER	UNKNOWN
Precision	0.2391304347826087	0.2222222222222222	0.32608695652173914	0.9655172413793104
Recall	1.0	0.9090909090909091	0.9375	0.8888888888888888
F1	0.3859649122807018	0.3571428571428571	0.48387096774193544	0.9256198347107438
Micro-F1	0.7307692307692306
Macro-F1	0.7063331988705124
