Metric	PAST SMOKER	CURRENT SMOKER	NON-SMOKER	UNKNOWN
Precision	0.25	0.25	0.36363636363636365	0.9672131147540983
Recall	0.9090909090909091	0.9090909090909091	1.0	0.9365079365079365
F1	0.392156862745098	0.392156862745098	0.5333333333333333	0.9516129032258064
Micro-F1	0.7692307692307693
Macro-F1	0.7442557442557443
