Metric	PAST SMOKER	CURRENT SMOKER	NON-SMOKER	UNKNOWN
Precision	0.28	0.3333333333333333	0.7	0.9649122807017544
Recall	0.6363636363636364	0.2727272727272727	0.875	0.873015873015873
F1	0.3888888888888889	0.3	0.7777777777777777	0.9166666666666667
Micro-F1	0.8701923076923077
Macro-F1	0.829093122337188
