Metric	PAST SMOKER	CURRENT SMOKER	NON-SMOKER	UNKNOWN
Precision	0.45	0.8	0.7	1.0
Recall	0.8181818181818182	0.36363636363636365	0.875	0.9523809523809523
F1	0.5806451612903226	0.5000000000000001	0.7777777777777777	0.975609756097561
Micro-F1	0.9230769230769231
Macro-F1	0.8967709916560688
