Metric	PAST SMOKER	CURRENT SMOKER	NON-SMOKER	UNKNOWN
Precision	0.4117647058823529	0.625	0.7777777777777778	0.96875
Recall	0.6363636363636364	0.45454545454545453	0.875	0.9841269841269841
F1	0.5	0.5263157894736842	0.823529411764706	0.9763779527559054
Micro-F1	0.9230769230769231
Macro-F1	0.8974358974358974
