Metric	PAST SMOKER	CURRENT SMOKER	NON-SMOKER	UNKNOWN
Precision	0.4444444444444444	0.75	0.6666666666666666	0.9838709677419355
Recall	0.7272727272727273	0.2727272727272727	0.875	0.9682539682539683
F1	0.5517241379310345	0.39999999999999997	0.7567567567567567	0.976
Micro-F1	0.9182692307692307
Macro-F1	0.890319178634573
