Metric	PAST SMOKER	CURRENT SMOKER	NON-SMOKER	UNKNOWN
Precision	0.5	0.6666666666666666	0.7368421052631579	0.9841269841269841
Recall	0.6363636363636364	0.36363636363636365	0.875	0.9841269841269841
F1	0.56	0.4705882352941177	0.7999999999999999	0.9841269841269841
Micro-F1	0.9302884615384615
Macro-F1	0.9055189643424938
