Metric	PAST SMOKER	CURRENT SMOKER	NON-SMOKER	UNKNOWN
Precision	0.3888888888888889	0.5	0.7222222222222222	0.9682539682539683
Recall	0.6363636363636364	0.2727272727272727	0.8125	0.9682539682539683
F1	0.4827586206896552	0.3529411764705882	0.7647058823529411	0.9682539682539683
Micro-F1	0.9086538461538461
Macro-F1	0.8774155525915815
