Metric	PAST SMOKER	CURRENT SMOKER	NON-SMOKER	UNKNOWN
Precision	0.3	0.8	0.625	0.9791666666666666
Recall	0.8181818181818182	0.36363636363636365	0.9375	0.746031746031746
F1	0.43902439024390244	0.5000000000000001	0.75	0.846846846846847
Micro-F1	0.8605769230769231
Macro-F1	0.8141025641025641
