Metric	PAST SMOKER	CURRENT SMOKER	NON-SMOKER	UNKNOWN
Precision	0.32142857142857145	0.6	0.5909090909090909	0.9824561403508771
Recall	0.8181818181818182	0.2727272727272727	0.8125	0.8888888888888888
F1	0.46153846153846156	0.37499999999999994	0.6842105263157896	0.9333333333333333
Micro-F1	0.8774038461538461
Macro-F1	0.839086213565724
