Metric	PAST SMOKER	CURRENT SMOKER	NON-SMOKER	UNKNOWN
Precision	0.4375	0.29411764705882354	0.7	1.0
Recall	0.6363636363636364	0.45454545454545453	0.875	0.9365079365079365
F1	0.5185185185185185	0.35714285714285715	0.7777777777777777	0.9672131147540983
Micro-F1	0.8966346153846154
Macro-F1	0.864327591829924
