Metric	PAST SMOKER	CURRENT SMOKER	NON-SMOKER	UNKNOWN
Precision	0.4166666666666667	0.42857142857142855	0.8235294117647058	0.9838709677419355
Recall	0.9090909090909091	0.2727272727272727	0.875	0.9682539682539683
F1	0.5714285714285715	0.33333333333333326	0.8484848484848485	0.976
Micro-F1	0.9158653846153846
Macro-F1	0.8888812571070968
