Metric	PAST SMOKER	CURRENT SMOKER	NON-SMOKER	UNKNOWN
Precision	0.3684210526315789	0.5714285714285714	0.631578947368421	0.9827586206896551
Recall	0.6363636363636364	0.36363636363636365	0.75	0.9047619047619048
F1	0.4666666666666667	0.4444444444444444	0.6857142857142857	0.9421487603305785
Micro-F1	0.8942307692307693
Macro-F1	0.8571250156113401
