Metric	PAST SMOKER	CURRENT SMOKER	NON-SMOKER	UNKNOWN
Precision	0.5263157894736842	0.5	0.7368421052631579	1.0
Recall	0.9090909090909091	0.36363636363636365	0.875	0.9523809523809523
F1	0.6666666666666666	0.4210526315789474	0.7999999999999999	0.975609756097561
Micro-F1	0.9254807692307693
Macro-F1	0.9003207729468599
