Metric	PAST SMOKER	CURRENT SMOKER	NON-SMOKER	UNKNOWN
Precision	0.4	0.8	0.6842105263157895	0.9682539682539683
Recall	0.5454545454545454	0.36363636363636365	0.8125	0.9682539682539683
F1	0.4615384615384615	0.5000000000000001	0.742857142857143	0.9682539682539683
Micro-F1	0.9158653846153846
Macro-F1	0.8859711638616303
