Metric	PAST SMOKER	CURRENT SMOKER	NON-SMOKER	UNKNOWN
Precision	0.36363636363636365	0.42857142857142855	0.6086956521739131	0.967741935483871
Recall	0.7272727272727273	0.2727272727272727	0.875	0.9523809523809523
F1	0.4848484848484849	0.33333333333333326	0.717948717948718	0.96
Micro-F1	0.8918269230769231
Macro-F1	0.8588820624929328
