Metric	PAST SMOKER	CURRENT SMOKER	NON-SMOKER	UNKNOWN
Precision	0.5882352941176471	0.5	0.8235294117647058	0.96875
Recall	0.9090909090909091	0.36363636363636365	0.875	0.9841269841269841
F1	0.7142857142857143	0.4210526315789474	0.8484848484848485	0.9763779527559054
Micro-F1	0.9350961538461539
Macro-F1	0.913182608695652
