Metric	PAST SMOKER	CURRENT SMOKER	NON-SMOKER	UNKNOWN
Precision	0.6153846153846154	0.45454545454545453	0.6666666666666666	0.9833333333333333
Recall	0.7272727272727273	0.45454545454545453	0.75	0.9365079365079365
F1	0.6666666666666667	0.45454545454545453	0.7058823529411765	0.9593495934959351
Micro-F1	0.9158653846153846
Macro-F1	0.8859711638616303
