Metric	PAST SMOKER	CURRENT SMOKER	NON-SMOKER	UNKNOWN
Precision	0.5625	0.5714285714285714	0.75	0.9838709677419355
Recall	0.8181818181818182	0.36363636363636365	0.9375	0.9682539682539683
F1	0.6666666666666666	0.4444444444444444	0.8333333333333334	0.976
Micro-F1	0.9326923076923077
Macro-F1	0.9096746176990602
