Metric	PAST SMOKER	CURRENT SMOKER	NON-SMOKER	UNKNOWN
Precision	0.4117647058823529	0.5	0.7368421052631579	0.9682539682539683
Recall	0.6363636363636364	0.36363636363636365	0.875	0.9682539682539683
F1	0.5	0.4210526315789474	0.7999999999999999	0.9682539682539683
Micro-F1	0.9134615384615384
Macro-F1	0.8846153846153846
