Metric	PAST SMOKER	CURRENT SMOKER	NON-SMOKER	UNKNOWN
Precision	0.5454545454545454	0.4444444444444444	0.7894736842105263	0.9402985074626866
Recall	0.5454545454545454	0.36363636363636365	0.9375	1.0
F1	0.5454545454545454	0.39999999999999997	0.8571428571428572	0.9692307692307692
Micro-F1	0.9254807692307693
Macro-F1	0.9003207729468599
