Metric	PAST SMOKER	CURRENT SMOKER	NON-SMOKER	UNKNOWN
Precision	0.4	0.5555555555555556	0.6842105263157895	0.9538461538461539
Recall	0.5454545454545454	0.45454545454545453	0.8125	0.9841269841269841
F1	0.4615384615384615	0.5	0.742857142857143	0.96875
Micro-F1	0.9110576923076923
Macro-F1	0.8817882295114703
