Metric	PAST SMOKER	CURRENT SMOKER	NON-SMOKER	UNKNOWN
Precision	0.2631578947368421	0.4444444444444444	0.5652173913043478	0.9672131147540983
Recall	0.9090909090909091	0.7272727272727273	0.8125	0.9365079365079365
F1	0.4081632653061224	0.5517241379310345	0.6666666666666667	0.9516129032258064
Micro-F1	0.8533653846153846
Macro-F1	0.8218365383940294
