Metric	PAST SMOKER	CURRENT SMOKER	NON-SMOKER	UNKNOWN
Precision	0.5333333333333333	0.45454545454545453	0.7647058823529411	0.9838709677419355
Recall	0.7272727272727273	0.45454545454545453	0.8125	0.9682539682539683
F1	0.6153846153846153	0.45454545454545453	0.787878787878788	0.976
Micro-F1	0.9230769230769231
Macro-F1	0.8967709916560688
