Metric	PAST SMOKER	CURRENT SMOKER	NON-SMOKER	UNKNOWN
Precision	0.36363636363636365	0.5	0.6666666666666666	0.9841269841269841
Recall	0.36363636363636365	0.45454545454545453	0.875	0.9841269841269841
F1	0.36363636363636365	0.47619047619047616	0.7567567567567567	0.9841269841269841
Micro-F1	0.9134615384615384
Macro-F1	0.8838673656130773
