Metric	PAST SMOKER	CURRENT SMOKER	NON-SMOKER	UNKNOWN
Precision	0.4375	0.7142857142857143	0.7222222222222222	0.9523809523809523
Recall	0.6363636363636364	0.45454545454545453	0.8125	0.9523809523809523
F1	0.5185185185185185	0.5555555555555556	0.7647058823529411	0.9523809523809523
Micro-F1	0.9158653846153846
Macro-F1	0.8867234605360408
