Metric	PAST SMOKER	CURRENT SMOKER	NON-SMOKER	UNKNOWN
Precision	0.5333333333333333	0.8	0.47058823529411764	1.0
Recall	0.7272727272727273	0.36363636363636365	1.0	0.8888888888888888
F1	0.6153846153846153	0.5000000000000001	0.6399999999999999	0.9411764705882353
Micro-F1	0.8966346153846154
Macro-F1	0.8634826873030046
