Metric	PAST SMOKER	CURRENT SMOKER	NON-SMOKER	UNKNOWN
Precision	0.5	0.7142857142857143	0.6363636363636364	1.0
Recall	0.6363636363636364	0.45454545454545453	0.875	0.9682539682539683
F1	0.56	0.5555555555555556	0.7368421052631579	0.9838709677419354
Micro-F1	0.9254807692307693
Macro-F1	0.8996693507604933
