Metric	PAST SMOKER	CURRENT SMOKER	NON-SMOKER	UNKNOWN
Precision	0.5	0.6666666666666666	0.6363636363636364	0.967741935483871
Recall	0.5454545454545454	0.36363636363636365	0.875	0.9523809523809523
F1	0.5217391304347826	0.4705882352941177	0.7368421052631579	0.96
Micro-F1	0.9158653846153846
Macro-F1	0.8859711638616303
