Metric	PAST SMOKER	CURRENT SMOKER	NON-SMOKER	UNKNOWN
Precision	0.4166666666666667	0.6666666666666666	0.65	0.9838709677419355
Recall	0.45454545454545453	0.5454545454545454	0.8125	0.9682539682539683
F1	0.43478260869565216	0.6	0.7222222222222223	0.976
Micro-F1	0.9182692307692307
Macro-F1	0.8895966029723992
