Metric	PAST SMOKER	CURRENT SMOKER	NON-SMOKER	UNKNOWN
Precision	0.5294117647058824	0.5714285714285714	0.6153846153846154	0.9827586206896551
Recall	0.8181818181818182	0.36363636363636365	1.0	0.9047619047619048
F1	0.6428571428571428	0.4444444444444444	0.761904761904762	0.9421487603305785
Micro-F1	0.9110576923076923
Macro-F1	0.8817882295114703
