Metric	PAST SMOKER	CURRENT SMOKER	NON-SMOKER	UNKNOWN
Precision	0.5294117647058824	0.4	0.7777777777777778	1.0
Recall	0.8181818181818182	0.36363636363636365	0.875	0.9682539682539683
F1	0.6428571428571428	0.380952380952381	0.823529411764706	0.9838709677419354
Micro-F1	0.9254807692307693
Macro-F1	0.9003207729468599
