Metric	PAST SMOKER	CURRENT SMOKER	NON-SMOKER	UNKNOWN
Precision	0.5555555555555556	0.5	0.8823529411764706	1.0
Recall	0.9090909090909091	0.36363636363636365	0.9375	0.9841269841269841
F1	0.6896551724137931	0.4210526315789474	0.9090909090909091	0.9919999999999999
Micro-F1	0.9423076923076923
Macro-F1	0.9225782437420517
