Metric	PAST SMOKER	CURRENT SMOKER	NON-SMOKER	UNKNOWN
Precision	0.4444444444444444	0.4	0.65	0.9827586206896551
Recall	0.7272727272727273	0.7272727272727273	0.8125	0.9047619047619048
F1	0.5517241379310345	0.5161290322580645	0.7222222222222223	0.9421487603305785
Micro-F1	0.8918269230769231
Macro-F1	0.8597279982016409
